{"type":"FeatureCollection","features":[{"type":"Feature","properties":{"depthFt":2},"geometry":{"type":"MultiLineString","coordinates":[[[-73.768843,40.590597],[-73.768807,40.590664],[-73.768904,40.590686],[-73.768912,40.590602],[-73.768843,40.590597]],[[-73.770201,40.590336],[-73.770181,40.590448],[-73.770317,40.590417],[-73.770293,40.590337],[-73.770201,40.590336]],[[-73.778493,40.588935],[-73.778617,40.588997],[-73.77841,40.589104],[-73.778156,40.588997],[-73.778493,40.588935]],[[-73.785602,40.587882],[-73.785401,40.587948],[-73.785393,40.587978],[-73.785632,40.587978],[-73.785602,40.587882]],[[-73.786682,40.587564],[-73.786528,40.587609],[-73.786497,40.587692],[-73.786713,40.587734],[-73.786871,40.587639],[-73.786682,40.587564]],[[-73.795756,40.586001],[-73.795762,40.586096],[-73.795818,40.586104],[-73.795818,40.586006],[-73.795756,40.586001]],[[-73.800633,40.584826],[-73.800627,40.584923],[-73.800694,40.584953],[-73.800699,40.58483],[-73.800633,40.584826]],[[-73.801065,40.584758],[-73.801096,40.584892],[-73.801352,40.584861],[-73.801281,40.584781],[-73.801065,40.584758]],[[-73.807917,40.583461],[-73.807856,40.583596],[-73.807978,40.583639],[-73.808,40.583565],[-73.807917,40.583461]],[[-73.80983,40.583113],[-73.809676,40.583268],[-73.809522,40.583221],[-73.809382,40.583318],[-73.810017,40.583225],[-73.80983,40.583113]],[[-73.812551,40.582731],[-73.812676,40.582731],[-73.812485,40.583018],[-73.812207,40.582892],[-73.811929,40.583037],[-73.811806,40.582921],[-73.811598,40.582948],[-73.812551,40.582731]],[[-73.81367,40.582423],[-73.813781,40.582397],[-73.813815,40.582423],[-73.813719,40.582494],[-73.81367,40.582423]],[[-73.816157,40.58223],[-73.815633,40.582358],[-73.815585,40.582485],[-73.816348,40.58233],[-73.816157,40.58223]],[[-73.817463,40.581343],[-73.817639,40.581328],[-73.817719,40.581435],[-73.817361,40.581573],[-73.817007,40.581497],[-73.817463,40.581343]],[[-73.818441,40.581341],[-73.818396,40.581466],[-73.818593,40.581404],[-73.818565,40.581363],[-73.818441,40.581341]],[[-73.818935,40.581122],[-73.818812,40.581193],[-73.818812,40.58131],[-73.819133,40.581188],[-73.818935,40.581122]],[[-73.827228,40.578318],[-73.827311,40.578349],[-73.827105,40.57841],[-73.827122,40.57838],[-73.827228,40.578318]],[[-73.829769,40.577866],[-73.829491,40.578003],[-73.829487,40.57804],[-73.82991,40.577886],[-73.829769,40.577866]],[[-73.829676,40.577627],[-73.829306,40.577709],[-73.829189,40.577855],[-73.829398,40.577894],[-73.82995,40.57767],[-73.829676,40.577627]],[[-73.830633,40.577546],[-73.830293,40.577637],[-73.829989,40.577824],[-73.830672,40.577701],[-73.830633,40.577546]],[[-73.833935,40.576403],[-73.833822,40.576466],[-73.833812,40.576574],[-73.834076,40.576497],[-73.833935,40.576403]],[[-73.835793,40.575417],[-73.835853,40.575478],[-73.835725,40.575568],[-73.835478,40.575575],[-73.835793,40.575417]],[[-73.837436,40.574861],[-73.837524,40.574861],[-73.837485,40.575031],[-73.837375,40.574954],[-73.837436,40.574861]],[[-73.839151,40.574756],[-73.839125,40.57483],[-73.839254,40.574769],[-73.839182,40.57475],[-73.839151,40.574756]],[[-73.837712,40.574769],[-73.837824,40.574742],[-73.83785,40.574769],[-73.837762,40.574821],[-73.837712,40.574769]],[[-73.840748,40.573812],[-73.84088,40.573799],[-73.840903,40.573843],[-73.840818,40.573911],[-73.840748,40.573812]],[[-73.851559,40.570874],[-73.851468,40.570941],[-73.851449,40.570972],[-73.851678,40.57091],[-73.851559,40.570874]],[[-73.852485,40.57029],[-73.85233,40.570458],[-73.851775,40.570651],[-73.851763,40.570849],[-73.852726,40.570293],[-73.852485,40.57029]],[[-73.853133,40.569909],[-73.853087,40.570046],[-73.853225,40.570069],[-73.853215,40.569954],[-73.853133,40.569909]],[[-73.855692,40.568966],[-73.855684,40.569059],[-73.855555,40.569028],[-73.855612,40.568997],[-73.855692,40.568966]],[[-73.865413,40.565694],[-73.865608,40.565694],[-73.864059,40.566099],[-73.863594,40.566003],[-73.865413,40.565694]],[[-73.869544,40.564275],[-73.869635,40.564275],[-73.869028,40.564429],[-73.86909,40.564398],[-73.869544,40.564275]],[[-73.871731,40.563904],[-73.87196,40.563994],[-73.871836,40.564177],[-73.871135,40.56412],[-73.871731,40.563904]],[[-73.87401,40.563318],[-73.874151,40.563302],[-73.874191,40.563318],[-73.873908,40.56338],[-73.87401,40.563318]],[[-73.873338,40.56304],[-73.873438,40.56304],[-73.872822,40.563194],[-73.872878,40.563164],[-73.873338,40.56304]],[[-73.874625,40.56267],[-73.874745,40.56267],[-73.874336,40.562926],[-73.873682,40.562948],[-73.874625,40.56267]],[[-73.875093,40.562515],[-73.875201,40.562491],[-73.875241,40.562546],[-73.87499,40.562577],[-73.875093,40.562515]],[[-73.883882,40.559583],[-73.883657,40.559769],[-73.882921,40.559892],[-73.883137,40.559799],[-73.883882,40.559583]],[[-73.888718,40.558102],[-73.8884,40.558256],[-73.887942,40.558287],[-73.888042,40.558256],[-73.888718,40.558102]],[[-73.900893,40.556188],[-73.900972,40.55617],[-73.901093,40.556188],[-73.900972,40.556244],[-73.900893,40.556188]],[[-73.917399,40.550293],[-73.917486,40.550293],[-73.917269,40.550367],[-73.917266,40.550355],[-73.917399,40.550293]],[[-73.918803,40.549738],[-73.918888,40.549738],[-73.918193,40.550077],[-73.917617,40.550201],[-73.918803,40.549738]],[[-73.919556,40.54946],[-73.919659,40.54946],[-73.91929,40.549583],[-73.919304,40.549552],[-73.919556,40.54946]],[[-73.920533,40.54912],[-73.920509,40.549227],[-73.920085,40.549306],[-73.920114,40.549275],[-73.920533,40.54912]],[[-73.921953,40.548596],[-73.922,40.548596],[-73.921796,40.548657],[-73.921863,40.548627],[-73.921953,40.548596]],[[-73.924202,40.547731],[-73.924299,40.547731],[-73.924048,40.547824],[-73.924053,40.547793],[-73.924202,40.547731]],[[-73.949024,40.546929],[-73.949182,40.547037],[-73.94934,40.547423],[-73.949341,40.54804],[-73.949885,40.548935],[-73.949896,40.549213],[-73.94966,40.549367],[-73.949773,40.54946],[-73.949491,40.549558],[-73.949368,40.550015],[-73.949547,40.550231],[-73.950035,40.550386],[-73.950556,40.550756],[-73.949151,40.551104],[-73.948935,40.55105],[-73.948767,40.550818],[-73.948665,40.549799],[-73.949041,40.549552],[-73.948756,40.54946],[-73.948218,40.547361],[-73.948467,40.547083],[-73.948904,40.547059],[-73.949024,40.546929]],[[-73.947317,40.544892],[-73.947392,40.544955],[-73.947361,40.545083],[-73.947293,40.544985],[-73.947317,40.544892]],[[-73.946209,40.543441],[-73.946775,40.543573],[-73.947022,40.543886],[-73.947238,40.545266],[-73.946404,40.544304],[-73.946209,40.543441]],[[-73.937546,40.543091],[-73.937344,40.543441],[-73.937361,40.543555],[-73.937574,40.543225],[-73.937546,40.543091]],[[-73.76,40.590257],[-73.763256,40.590599],[-73.766713,40.590564],[-73.767701,40.590407],[-73.767917,40.590224],[-73.768194,40.5904],[-73.768873,40.59036],[-73.776898,40.589126],[-73.777485,40.589075],[-73.777855,40.589297],[-73.778843,40.589221],[-73.779614,40.588703],[-73.779985,40.588796],[-73.780046,40.58855],[-73.781404,40.588345],[-73.781806,40.588596],[-73.781991,40.588302],[-73.783472,40.587982],[-73.783719,40.588112],[-73.783648,40.587978],[-73.785139,40.587694],[-73.785293,40.587771],[-73.785406,40.58767],[-73.788225,40.587152],[-73.788307,40.587238],[-73.78817,40.587392],[-73.788318,40.587418],[-73.788441,40.587314],[-73.788414,40.587052],[-73.788534,40.586923],[-73.788873,40.587191],[-73.789522,40.587309],[-73.79088,40.586968],[-73.790863,40.586713],[-73.790972,40.586636],[-73.791157,40.586678],[-73.791312,40.586912],[-73.792392,40.586709],[-73.792721,40.58659],[-73.792886,40.586403],[-73.793225,40.586493],[-73.793256,40.586718],[-73.793408,40.58662],[-73.793381,40.58625],[-73.793534,40.586167],[-73.79375,40.586361],[-73.793997,40.586328],[-73.794238,40.586188],[-73.795293,40.585968],[-73.795941,40.585604],[-73.796744,40.585679],[-73.79804,40.585407],[-73.798256,40.585629],[-73.798441,40.585245],[-73.798656,40.585293],[-73.798563,40.585386],[-73.798657,40.5855],[-73.798837,40.585448],[-73.798688,40.585278],[-73.79946,40.585215],[-73.799954,40.584957],[-73.799957,40.585201],[-73.800231,40.585173],[-73.800401,40.585015],[-73.800149,40.584892],[-73.800818,40.584628],[-73.802608,40.584524],[-73.803164,40.584757],[-73.803169,40.584367],[-73.803256,40.584287],[-73.803997,40.584383],[-73.805231,40.584079],[-73.805478,40.584242],[-73.805477,40.583904],[-73.805633,40.583797],[-73.805818,40.58401],[-73.806142,40.584059],[-73.806297,40.583935],[-73.80625,40.58384],[-73.807083,40.583781],[-73.807176,40.58375],[-73.807141,40.583627],[-73.808164,40.583279],[-73.80838,40.583327],[-73.80841,40.58351],[-73.808688,40.58356],[-73.808719,40.583323],[-73.810077,40.582954],[-73.810107,40.583194],[-73.810262,40.583204],[-73.810417,40.582774],[-73.811096,40.583097],[-73.812394,40.583194],[-73.813392,40.582917],[-73.813688,40.582713],[-73.814213,40.582638],[-73.814336,40.582737],[-73.814398,40.582596],[-73.814769,40.582543],[-73.815077,40.582611],[-73.815355,40.582168],[-73.816281,40.581836],[-73.81657,40.581929],[-73.816373,40.582195],[-73.816806,40.582056],[-73.81696,40.582171],[-73.817114,40.581807],[-73.817454,40.581696],[-73.818009,40.581714],[-73.817906,40.581559],[-73.818225,40.581519],[-73.818188,40.581188],[-73.818349,40.581098],[-73.819552,40.580816],[-73.81983,40.581017],[-73.821157,40.580731],[-73.821048,40.580448],[-73.821497,40.580296],[-73.822176,40.580393],[-73.822299,40.579966],[-73.822793,40.579913],[-73.825139,40.579216],[-73.82567,40.579028],[-73.825849,40.578841],[-73.825941,40.578952],[-73.826219,40.578905],[-73.826671,40.578688],[-73.82659,40.578529],[-73.826775,40.578505],[-73.826806,40.578691],[-73.827454,40.57855],[-73.827978,40.578343],[-73.827917,40.578059],[-73.830478,40.577293],[-73.830694,40.57741],[-73.83088,40.577187],[-73.83188,40.576806],[-73.831775,40.576952],[-73.831404,40.577036],[-73.831046,40.577423],[-73.830996,40.577546],[-73.831127,40.577575],[-73.833415,40.576713],[-73.833047,40.57659],[-73.833069,40.576435],[-73.835417,40.575605],[-73.835046,40.576155],[-73.834491,40.576281],[-73.834645,40.576397],[-73.834923,40.576344],[-73.835642,40.57588],[-73.837546,40.575348],[-73.837793,40.57507],[-73.838926,40.574892],[-73.838688,40.574533],[-73.838441,40.574618],[-73.838347,40.574552],[-73.838812,40.57438],[-73.838935,40.574458],[-73.838986,40.574306],[-73.840386,40.57378],[-73.840492,40.573843],[-73.839328,40.574738],[-73.839985,40.574586],[-73.840448,40.574268],[-73.84125,40.574139],[-73.843423,40.573349],[-73.843287,40.573233],[-73.842929,40.573194],[-73.842953,40.573102],[-73.845139,40.572587],[-73.845441,40.572793],[-73.845162,40.572978],[-73.845293,40.572978],[-73.846528,40.572455],[-73.846651,40.57208],[-73.849429,40.571238],[-73.849475,40.571466],[-73.849336,40.57173],[-73.849599,40.57162],[-73.849799,40.571355],[-73.850245,40.57125],[-73.850011,40.571003],[-73.850091,40.57088],[-73.851281,40.570592],[-73.851682,40.570336],[-73.852546,40.570108],[-73.853133,40.569822],[-73.853966,40.569609],[-73.854583,40.569625],[-73.856466,40.569135],[-73.857207,40.568706],[-73.858194,40.568384],[-73.858534,40.568379],[-73.859861,40.567865],[-73.860578,40.567423],[-73.861435,40.56719],[-73.86267,40.56647],[-73.863472,40.567001],[-73.863873,40.566978],[-73.863967,40.566929],[-73.863781,40.566752],[-73.863533,40.566713],[-73.86412,40.566729],[-73.864275,40.566838],[-73.864818,40.56662],[-73.865231,40.56626],[-73.866559,40.565932],[-73.866867,40.565975],[-73.868124,40.565509],[-73.868284,40.565417],[-73.868318,40.565213],[-73.868627,40.565431],[-73.868946,40.565293],[-73.86909,40.565383],[-73.869383,40.565293],[-73.870677,40.564552],[-73.87017,40.564616],[-73.870046,40.564771],[-73.86989,40.564707],[-73.870509,40.564305],[-73.870902,40.564275],[-73.870756,40.56446],[-73.87091,40.564517],[-73.872577,40.563986],[-73.873225,40.563964],[-73.876559,40.562885],[-73.877793,40.562219],[-73.87841,40.562078],[-73.880139,40.561303],[-73.88054,40.561338],[-73.88233,40.560699],[-73.882577,40.560732],[-73.883873,40.560402],[-73.884769,40.559987],[-73.885478,40.5599],[-73.886867,40.559347],[-73.887577,40.559389],[-73.889583,40.55859],[-73.889985,40.55868],[-73.890425,40.558565],[-73.891559,40.558177],[-73.891662,40.558009],[-73.892052,40.5578],[-73.892515,40.557974],[-73.892774,40.557948],[-73.89375,40.55762],[-73.894892,40.557058],[-73.895201,40.557286],[-73.895448,40.557301],[-73.896186,40.557083],[-73.897114,40.556625],[-73.897403,40.55696],[-73.897873,40.557022],[-73.899028,40.556578],[-73.900571,40.556338],[-73.901281,40.556411],[-73.901598,40.55625],[-73.901097,40.556188],[-73.901373,40.556049],[-73.902066,40.556065],[-73.901892,40.556343],[-73.902052,40.556375],[-73.904151,40.555776],[-73.904892,40.555483],[-73.905293,40.555161],[-73.90554,40.555182],[-73.906065,40.554799],[-73.91153,40.552639],[-73.912269,40.552376],[-73.91252,40.552392],[-73.913009,40.552066],[-73.913194,40.552146],[-73.914059,40.551904],[-73.915139,40.551451],[-73.91541,40.551157],[-73.915849,40.550966],[-73.916065,40.55106],[-73.91662,40.550883],[-73.919182,40.549793],[-73.924941,40.54767],[-73.930324,40.545239],[-73.93054,40.545286],[-73.930655,40.545108],[-73.931092,40.544923],[-73.932052,40.54459],[-73.932176,40.544694],[-73.932384,40.544645],[-73.932423,40.544481],[-73.932762,40.544382],[-73.932886,40.544526],[-73.933287,40.544465],[-73.933424,40.544398],[-73.933422,40.544244],[-73.933997,40.544118],[-73.934182,40.544205],[-73.934761,40.543904],[-73.936559,40.54335],[-73.937454,40.542802],[-73.937855,40.542732],[-73.938164,40.542429],[-73.938503,40.542374],[-73.938818,40.542022],[-73.939861,40.541443],[-73.939827,40.541713],[-73.938688,40.542933],[-73.939941,40.542238],[-73.940262,40.541896],[-73.940448,40.541868],[-73.940651,40.540262],[-73.940756,40.540177],[-73.940921,40.540231],[-73.940798,40.54162],[-73.940915,40.542855],[-73.940701,40.545139],[-73.940947,40.547454],[-73.940916,40.549244],[-73.941199,40.550015],[-73.942059,40.55088],[-73.941882,40.551127],[-73.942021,40.551929],[-73.941966,40.552546],[-73.941343,40.553789],[-73.939985,40.555385],[-73.938106,40.556929],[-73.936497,40.557827],[-73.934244,40.558562],[-73.933688,40.558707],[-73.933565,40.558642],[-73.933318,40.558822],[-73.932824,40.558871],[-73.932145,40.559166],[-73.931713,40.559198],[-73.931466,40.559446],[-73.931312,40.559327],[-73.931157,40.559525],[-73.930941,40.559519],[-73.930664,40.559929],[-73.930571,40.559999],[-73.930509,40.559902],[-73.930139,40.560322],[-73.928503,40.56053],[-73.928318,40.560796],[-73.928194,40.56082],[-73.928133,40.560674],[-73.928186,40.560849],[-73.928107,40.560941],[-73.925685,40.562052],[-73.924024,40.562361],[-73.92054,40.562566],[-73.918719,40.562973],[-73.91841,40.562913],[-73.917824,40.56304],[-73.915108,40.564365],[-73.911836,40.56543],[-73.910588,40.565386],[-73.908587,40.564861],[-73.908299,40.564583],[-73.908565,40.564344],[-73.907423,40.564214],[-73.907083,40.564065],[-73.90696,40.563883],[-73.90588,40.564123],[-73.905894,40.56375],[-73.905293,40.563773],[-73.905231,40.563617],[-73.904645,40.563879],[-73.904398,40.563805],[-73.903287,40.564368],[-73.902867,40.564275],[-73.902855,40.564079],[-73.902207,40.56427],[-73.90162,40.564303],[-73.900849,40.564758],[-73.90125,40.564198],[-73.900488,40.564707],[-73.899799,40.565357],[-73.899713,40.565355],[-73.899985,40.564885],[-73.898904,40.565755],[-73.898793,40.565756],[-73.898812,40.565572],[-73.897886,40.565883],[-73.897917,40.565604],[-73.897145,40.566046],[-73.896991,40.565895],[-73.896312,40.566714],[-73.895694,40.567114],[-73.895161,40.567176],[-73.894498,40.567546],[-73.893102,40.568643],[-73.892793,40.568767],[-73.889923,40.568901],[-73.887886,40.5687],[-73.885694,40.56885],[-73.885015,40.568634],[-73.884353,40.568688],[-73.884715,40.56841],[-73.884367,40.567976],[-73.883871,40.568164],[-73.883596,40.568486],[-73.882734,40.568441],[-73.881898,40.568756],[-73.878534,40.568739],[-73.877546,40.568934],[-73.876176,40.569491],[-73.865355,40.574763],[-73.853225,40.58121],[-73.851034,40.581978],[-73.850417,40.582142],[-73.848627,40.58219],[-73.845108,40.581666],[-73.839367,40.581943],[-73.839136,40.582485],[-73.838657,40.582786],[-73.83554,40.583018],[-73.831682,40.584047],[-73.831762,40.584213],[-73.83159,40.584287],[-73.831435,40.584284],[-73.831373,40.584165],[-73.830972,40.584208],[-73.828688,40.58484],[-73.82855,40.584985],[-73.828269,40.585849],[-73.827957,40.586157],[-73.823404,40.587515],[-73.822762,40.587527],[-73.821343,40.586897],[-73.81946,40.587874],[-73.819398,40.588807],[-73.819028,40.588705],[-73.818952,40.588441],[-73.818781,40.588369],[-73.818071,40.588788],[-73.817741,40.588843],[-73.817515,40.589305],[-73.817176,40.589449],[-73.816775,40.589457],[-73.815619,40.589923],[-73.814676,40.590841],[-73.814059,40.590872],[-73.813719,40.591003],[-73.813135,40.591404],[-73.813133,40.591606],[-73.812925,40.591806],[-73.812207,40.591945],[-73.811682,40.592395],[-73.811528,40.592932],[-73.81137,40.592917],[-73.811343,40.5925],[-73.811034,40.59243],[-73.81091,40.592224],[-73.810694,40.592189],[-73.810294,40.59233],[-73.810046,40.592861],[-73.809749,40.592917],[-73.809801,40.593472],[-73.809676,40.593631],[-73.809267,40.593565],[-73.805849,40.59193],[-73.804985,40.591792],[-73.804828,40.591559],[-73.804522,40.591497],[-73.804357,40.591682],[-73.804445,40.591836],[-73.806312,40.592671],[-73.807595,40.593071],[-73.808287,40.593565],[-73.808533,40.593935],[-73.807546,40.595327],[-73.806775,40.595853],[-73.806466,40.59592],[-73.804522,40.595069],[-73.804048,40.594429],[-73.803809,40.593812],[-73.803802,40.593102],[-73.803318,40.592832],[-73.803009,40.592896],[-73.802917,40.592682],[-73.80258,40.592762],[-73.802524,40.593441],[-73.802728,40.594367],[-73.803441,40.594547],[-73.803318,40.595063],[-73.80398,40.595201],[-73.805156,40.597083],[-73.805156,40.597269],[-73.804769,40.597815],[-73.803719,40.598293],[-73.803071,40.598884],[-73.802701,40.599041],[-73.801929,40.599015],[-73.80125,40.599258],[-73.797948,40.599437],[-73.796559,40.599683],[-73.796157,40.599586],[-73.795341,40.599707],[-73.794429,40.600012],[-73.794182,40.599956],[-73.793102,40.60021],[-73.793177,40.600355],[-73.793092,40.600448],[-73.792207,40.600537],[-73.79125,40.60108],[-73.790478,40.601794],[-73.788219,40.60341],[-73.787207,40.603852],[-73.786744,40.603911],[-73.786157,40.603504],[-73.785818,40.602961],[-73.785807,40.602762],[-73.786219,40.602689],[-73.786929,40.602325],[-73.787824,40.600941],[-73.789645,40.599722],[-73.790131,40.599213],[-73.790992,40.597176],[-73.790867,40.596157],[-73.790971,40.595509],[-73.790877,40.595231],[-73.790553,40.594861],[-73.789827,40.59483],[-73.789352,40.595386],[-73.789405,40.59696],[-73.789244,40.598107],[-73.787392,40.599406],[-73.786838,40.600015],[-73.786152,40.600386],[-73.785759,40.600941],[-73.785711,40.601312],[-73.785478,40.601656],[-73.784738,40.601947],[-73.784367,40.602273],[-73.784398,40.602389],[-73.784682,40.602515],[-73.784552,40.602835],[-73.783952,40.602948],[-73.783555,40.603688],[-73.784001,40.604738],[-73.783923,40.605]]]}},{"type":"Feature","properties":{"depthFt":4},"geometry":{"type":"MultiLineString","coordinates":[[[-73.781682,40.588216],[-73.781682,40.588296],[-73.781744,40.588325],[-73.781751,40.588225],[-73.781682,40.588216]],[[-73.810231,40.582906],[-73.810218,40.582978],[-73.810262,40.583017],[-73.810277,40.582948],[-73.810231,40.582906]],[[-73.815941,40.582324],[-73.815886,40.582361],[-73.816101,40.58233],[-73.816003,40.582312],[-73.815941,40.582324]],[[-73.817639,40.581519],[-73.817467,40.58162],[-73.817933,40.581682],[-73.817737,40.581528],[-73.817639,40.581519]],[[-73.817886,40.581155],[-73.817793,40.581188],[-73.818102,40.581338],[-73.818071,40.581174],[-73.817886,40.581155]],[[-73.825324,40.578962],[-73.825278,40.579028],[-73.825419,40.578997],[-73.825391,40.578966],[-73.825324,40.578962]],[[-73.826188,40.578524],[-73.825965,40.578627],[-73.826065,40.578832],[-73.826468,40.578688],[-73.826188,40.578524]],[[-73.827515,40.577967],[-73.827417,40.57838],[-73.826882,40.578596],[-73.827865,40.578318],[-73.827618,40.578225],[-73.827515,40.577967]],[[-73.837022,40.574797],[-73.836644,40.575015],[-73.836619,40.575108],[-73.837052,40.574962],[-73.837128,40.57483],[-73.837022,40.574797]],[[-73.838133,40.574766],[-73.837941,40.57483],[-73.837884,40.574892],[-73.838133,40.57487],[-73.838133,40.574766]],[[-73.852484,40.569799],[-73.852631,40.569799],[-73.852361,40.569977],[-73.852254,40.569923],[-73.852484,40.569799]],[[-73.857316,40.56804],[-73.857389,40.568071],[-73.856682,40.568353],[-73.856527,40.568287],[-73.857316,40.56804]],[[-73.858497,40.567639],[-73.858613,40.567793],[-73.858472,40.567944],[-73.858071,40.568088],[-73.857755,40.567978],[-73.858497,40.567639]],[[-73.860326,40.566806],[-73.860392,40.566836],[-73.85997,40.567145],[-73.859207,40.567299],[-73.860326,40.566806]],[[-73.862261,40.566188],[-73.862435,40.566219],[-73.862454,40.566363],[-73.86159,40.56672],[-73.861065,40.566667],[-73.860967,40.566867],[-73.860657,40.566867],[-73.860652,40.566744],[-73.862261,40.566188]],[[-73.869367,40.56449],[-73.867701,40.564988],[-73.867131,40.565262],[-73.867646,40.565262],[-73.867526,40.565602],[-73.867684,40.565602],[-73.868172,40.565386],[-73.867886,40.56527],[-73.867946,40.56517],[-73.869461,40.564491],[-73.869367,40.56449]],[[-73.871682,40.563439],[-73.870262,40.563871],[-73.870021,40.564244],[-73.872044,40.563472],[-73.871682,40.563439]],[[-73.872639,40.563284],[-73.872515,40.563402],[-73.872229,40.56341],[-73.872485,40.563446],[-73.87278,40.563349],[-73.872639,40.563284]],[[-73.875959,40.562639],[-73.876101,40.562701],[-73.87585,40.562824],[-73.875838,40.56267],[-73.875959,40.562639]],[[-73.876218,40.562608],[-73.876311,40.56267],[-73.876219,40.562786],[-73.876161,40.562731],[-73.876218,40.562608]],[[-73.883966,40.559181],[-73.882948,40.559504],[-73.882848,40.559645],[-73.883935,40.559447],[-73.884139,40.559213],[-73.883966,40.559181]],[[-73.885334,40.558719],[-73.885515,40.558719],[-73.884799,40.558955],[-73.88398,40.559676],[-73.882855,40.560156],[-73.882515,40.560234],[-73.882392,40.560096],[-73.882269,40.560279],[-73.881404,40.560535],[-73.881127,40.560592],[-73.880941,40.560472],[-73.880015,40.560735],[-73.879954,40.560916],[-73.879614,40.561206],[-73.879436,40.561127],[-73.879635,40.56088],[-73.87912,40.560819],[-73.883185,40.559306],[-73.885334,40.558719]],[[-73.890627,40.557145],[-73.89075,40.557207],[-73.890244,40.55733],[-73.890264,40.557608],[-73.89017,40.557714],[-73.888441,40.558361],[-73.887515,40.55856],[-73.886684,40.558441],[-73.887762,40.558051],[-73.888375,40.557948],[-73.888503,40.557825],[-73.888627,40.557877],[-73.888723,40.557731],[-73.890627,40.557145]],[[-73.89588,40.557018],[-73.89577,40.557114],[-73.896028,40.557022],[-73.895972,40.556997],[-73.89588,40.557018]],[[-73.902114,40.556167],[-73.902083,40.556293],[-73.902247,40.55625],[-73.902207,40.556181],[-73.902114,40.556167]],[[-73.904151,40.55566],[-73.90412,40.555665],[-73.904,40.555725],[-73.90429,40.555664],[-73.904151,40.55566]],[[-73.90483,40.555382],[-73.90446,40.555483],[-73.9043,40.555633],[-73.904926,40.555386],[-73.90483,40.555382]],[[-73.952536,40.55304],[-73.952185,40.554892],[-73.952285,40.555077],[-73.95209,40.555201],[-73.951153,40.55659],[-73.949429,40.55841],[-73.949054,40.558657],[-73.949094,40.558781],[-73.948605,40.558657],[-73.948407,40.557948],[-73.948448,40.557731],[-73.949687,40.556312],[-73.950365,40.555972],[-73.95062,40.555664],[-73.950667,40.55554],[-73.950563,40.555417],[-73.95067,40.555201],[-73.950516,40.555015],[-73.950684,40.55483],[-73.950828,40.55412],[-73.951175,40.553657],[-73.951359,40.553194],[-73.951775,40.55308],[-73.951867,40.553316],[-73.952022,40.553361],[-73.952536,40.55304]],[[-73.908992,40.552022],[-73.909306,40.552181],[-73.904367,40.554252],[-73.902372,40.554954],[-73.899985,40.555529],[-73.89591,40.556138],[-73.894028,40.556671],[-73.891528,40.557183],[-73.890784,40.557454],[-73.890942,40.557176],[-73.891281,40.557007],[-73.892886,40.556512],[-73.900787,40.554897],[-73.903071,40.554321],[-73.905046,40.553639],[-73.908992,40.552022]],[[-73.913262,40.550787],[-73.913413,40.550787],[-73.913105,40.55091],[-73.913133,40.550828],[-73.913262,40.550787]],[[-73.917762,40.550257],[-73.917575,40.550324],[-73.917496,40.550386],[-73.917866,40.550262],[-73.917762,40.550257]],[[-73.918472,40.549979],[-73.918376,40.550015],[-73.918341,40.550046],[-73.918588,40.549985],[-73.918472,40.549979]],[[-73.919213,40.549665],[-73.919028,40.54972],[-73.918847,40.549861],[-73.919379,40.549676],[-73.919213,40.549665]],[[-73.922546,40.548471],[-73.922269,40.548533],[-73.922042,40.548688],[-73.922667,40.548472],[-73.922546,40.548471]],[[-73.922978,40.548313],[-73.922731,40.548378],[-73.922645,40.548441],[-73.923066,40.548318],[-73.922978,40.548313]],[[-73.923657,40.548033],[-73.92338,40.548125],[-73.923145,40.548287],[-73.923753,40.54804],[-73.923657,40.548033]],[[-73.924707,40.54757],[-73.924555,40.547639],[-73.924491,40.547749],[-73.924912,40.547577],[-73.924707,40.54757]],[[-73.925571,40.547237],[-73.925478,40.547269],[-73.925355,40.547392],[-73.925728,40.547238],[-73.925571,40.547237]],[[-73.948781,40.545602],[-73.949028,40.545631],[-73.949153,40.545725],[-73.948935,40.545672],[-73.948812,40.545804],[-73.948781,40.545602]],[[-73.948455,40.545571],[-73.948637,40.545602],[-73.948719,40.545834],[-73.949151,40.545823],[-73.949655,40.546034],[-73.949708,40.54662],[-73.949968,40.547423],[-73.950609,40.547978],[-73.95088,40.548438],[-73.951369,40.548781],[-73.950492,40.549151],[-73.950816,40.549244],[-73.950266,40.549491],[-73.950039,40.549707],[-73.950042,40.549892],[-73.950201,40.550042],[-73.95095,40.550077],[-73.951533,40.55088],[-73.952269,40.551373],[-73.95267,40.551948],[-73.95266,40.552114],[-73.95091,40.552111],[-73.950201,40.552325],[-73.949676,40.552003],[-73.948781,40.551196],[-73.948592,40.549799],[-73.948783,40.549614],[-73.94861,40.549491],[-73.948073,40.547145],[-73.948293,40.546744],[-73.948396,40.546065],[-73.948325,40.545756],[-73.948482,40.545694],[-73.948455,40.545571]],[[-73.94623,40.542546],[-73.946373,40.542573],[-73.946738,40.543164],[-73.947052,40.543447],[-73.947392,40.544172],[-73.947762,40.543857],[-73.948039,40.544275],[-73.948256,40.544403],[-73.948049,40.544738],[-73.948066,40.544954],[-73.947515,40.545015],[-73.947485,40.545855],[-73.946929,40.545249],[-73.946003,40.543802],[-73.945958,40.543472],[-73.94623,40.542546]],[[-73.76,40.590118],[-73.763503,40.590519],[-73.766775,40.590447],[-73.767639,40.590311],[-73.767855,40.590172],[-73.768194,40.590243],[-73.769244,40.590162],[-73.777515,40.588839],[-73.778534,40.588736],[-73.778719,40.589114],[-73.778843,40.589159],[-73.778962,40.589028],[-73.778811,40.588657],[-73.779603,40.58841],[-73.782392,40.588062],[-73.787485,40.587187],[-73.788534,40.586867],[-73.789244,40.587098],[-73.789954,40.586898],[-73.789903,40.587052],[-73.789985,40.587079],[-73.790448,40.586909],[-73.79054,40.586687],[-73.79088,40.586575],[-73.791559,40.586668],[-73.792145,40.58661],[-73.79304,40.586171],[-73.793318,40.586399],[-73.793428,40.586157],[-73.793279,40.586065],[-73.79338,40.586015],[-73.794522,40.58598],[-73.79588,40.585514],[-73.797207,40.585488],[-73.798349,40.585124],[-73.799213,40.585074],[-73.801065,40.584466],[-73.802176,40.584466],[-73.80304,40.584289],[-73.803013,40.584429],[-73.803133,40.584519],[-73.80311,40.584336],[-73.803287,40.584234],[-73.80409,40.584177],[-73.805108,40.583851],[-73.805386,40.583938],[-73.805664,40.583666],[-73.806898,40.583618],[-73.807917,40.583179],[-73.808966,40.583129],[-73.810355,40.582675],[-73.811404,40.582771],[-73.813071,40.582433],[-73.813128,40.582577],[-73.812678,40.582886],[-73.812886,40.582941],[-73.813344,40.58267],[-73.813534,40.58228],[-73.814028,40.582143],[-73.81409,40.582408],[-73.815046,40.582548],[-73.815139,40.581993],[-73.814738,40.582159],[-73.81446,40.58204],[-73.815231,40.581724],[-73.81517,40.581964],[-73.816281,40.581747],[-73.817207,40.581736],[-73.817294,40.581651],[-73.816559,40.581481],[-73.816343,40.581468],[-73.816188,40.58166],[-73.81596,40.581651],[-73.816096,40.581482],[-73.817764,40.581003],[-73.818194,40.581106],[-73.818503,40.58088],[-73.819614,40.58052],[-73.819799,40.580976],[-73.820571,40.580782],[-73.820755,40.580633],[-73.82075,40.580417],[-73.820941,40.580184],[-73.82162,40.580107],[-73.822022,40.579809],[-73.822978,40.579742],[-73.824038,40.579151],[-73.824954,40.57898],[-73.826111,40.578441],[-73.826904,40.578287],[-73.827423,40.577947],[-73.828287,40.577793],[-73.832052,40.57648],[-73.832176,40.576848],[-73.83267,40.576536],[-73.832745,40.57625],[-73.834005,40.575941],[-73.836533,40.57483],[-73.837811,40.574522],[-73.841466,40.573233],[-73.841682,40.57306],[-73.841787,40.573071],[-73.84169,40.573256],[-73.841025,40.573688],[-73.841065,40.573817],[-73.841929,40.573537],[-73.842052,40.57333],[-73.842515,40.57314],[-73.842639,40.57292],[-73.843904,40.572713],[-73.845108,40.572328],[-73.845633,40.572044],[-73.845616,40.572454],[-73.845409,40.572577],[-73.845633,40.572573],[-73.845694,40.572711],[-73.846224,40.57196],[-73.847886,40.571546],[-73.848966,40.571113],[-73.848997,40.571317],[-73.849429,40.571166],[-73.849583,40.571247],[-73.849748,40.571157],[-73.849789,40.570694],[-73.850525,40.570602],[-73.851713,40.570161],[-73.852392,40.570075],[-73.853102,40.569783],[-73.853688,40.569692],[-73.853826,40.569583],[-73.853631,40.569491],[-73.853688,40.5694],[-73.855787,40.568718],[-73.855851,40.568966],[-73.855756,40.569101],[-73.853996,40.569522],[-73.854522,40.569601],[-73.855443,40.569398],[-73.856414,40.569028],[-73.856601,40.568627],[-73.856836,40.568676],[-73.857176,40.568524],[-73.858534,40.568327],[-73.859861,40.567807],[-73.860478,40.567305],[-73.861435,40.567136],[-73.862639,40.566447],[-73.863287,40.566706],[-73.863627,40.566607],[-73.864059,40.566651],[-73.864171,40.56662],[-73.864138,40.566343],[-73.864367,40.566198],[-73.86662,40.565768],[-73.86675,40.565417],[-73.866528,40.565406],[-73.864769,40.56604],[-73.863071,40.566319],[-73.862998,40.566188],[-73.863225,40.56577],[-73.864275,40.565721],[-73.866003,40.565352],[-73.870386,40.563717],[-73.874059,40.562602],[-73.875355,40.56207],[-73.875594,40.562022],[-73.875293,40.562627],[-73.875011,40.562731],[-73.875478,40.562768],[-73.875551,40.562917],[-73.874583,40.563233],[-73.874336,40.563128],[-73.874244,40.563437],[-73.87375,40.563546],[-73.873719,40.56341],[-73.874124,40.563071],[-73.873627,40.563048],[-73.873147,40.563287],[-73.87348,40.563441],[-73.873256,40.56364],[-73.872762,40.563596],[-73.87267,40.563796],[-73.872299,40.563759],[-73.87214,40.563966],[-73.873164,40.563874],[-73.876651,40.562725],[-73.877106,40.562454],[-73.876747,40.562083],[-73.877454,40.562316],[-73.877762,40.561946],[-73.878164,40.561887],[-73.878341,40.561682],[-73.878283,40.561497],[-73.878366,40.561373],[-73.878843,40.561136],[-73.879109,40.561219],[-73.878843,40.561698],[-73.879769,40.5613],[-73.881162,40.561034],[-73.882392,40.560552],[-73.883287,40.560457],[-73.884799,40.559917],[-73.885355,40.559876],[-73.886343,40.559278],[-73.886651,40.55933],[-73.886867,40.559186],[-73.887392,40.559262],[-73.887917,40.559143],[-73.889224,40.558688],[-73.889552,40.558366],[-73.890046,40.558518],[-73.890303,40.558349],[-73.890664,40.558375],[-73.892022,40.557761],[-73.892546,40.557845],[-73.89303,40.557639],[-73.893225,40.557677],[-73.894892,40.556982],[-73.895355,40.557181],[-73.895342,40.557022],[-73.895543,40.556867],[-73.896466,40.556835],[-73.897238,40.55651],[-73.898781,40.556382],[-73.89946,40.556207],[-73.899707,40.556381],[-73.900139,40.5564],[-73.900543,40.556157],[-73.901127,40.55611],[-73.901682,40.55585],[-73.902786,40.55588],[-73.902573,40.556034],[-73.902608,40.556121],[-73.904019,40.555756],[-73.903884,40.555694],[-73.903904,40.555583],[-73.905293,40.555104],[-73.905509,40.555136],[-73.906003,40.554628],[-73.906929,40.554369],[-73.913318,40.55184],[-73.913483,40.551836],[-73.91338,40.552048],[-73.914031,40.551867],[-73.915139,40.551405],[-73.915293,40.551222],[-73.913812,40.551819],[-73.913683,40.551744],[-73.915941,40.550831],[-73.91608,40.550818],[-73.916065,40.551013],[-73.916865,40.550756],[-73.917381,40.550448],[-73.917022,40.55049],[-73.916404,40.5508],[-73.916226,40.550756],[-73.918009,40.549921],[-73.925571,40.547112],[-73.926003,40.546962],[-73.926015,40.547083],[-73.926119,40.547083],[-73.926239,40.547022],[-73.926039,40.54696],[-73.92614,40.546898],[-73.92662,40.546861],[-73.926836,40.54664],[-73.927855,40.546294],[-73.932207,40.544349],[-73.934583,40.543778],[-73.936312,40.54317],[-73.940201,40.540968],[-73.940363,40.541127],[-73.939985,40.54182],[-73.94017,40.54162],[-73.940324,40.541671],[-73.940478,40.541571],[-73.940642,40.540231],[-73.940787,40.540158],[-73.940951,40.540231],[-73.940825,40.541312],[-73.941015,40.542855],[-73.940811,40.545293],[-73.941057,40.547238],[-73.941081,40.549244],[-73.941312,40.54989],[-73.942181,40.55088],[-73.942067,40.551096],[-73.942039,40.552485],[-73.941404,40.553804],[-73.940146,40.555324],[-73.937949,40.557145],[-73.936448,40.558009],[-73.933812,40.558977],[-73.931265,40.560139],[-73.92909,40.560736],[-73.925971,40.562052],[-73.92459,40.56233],[-73.921836,40.562561],[-73.919059,40.563027],[-73.915983,40.564244],[-73.911836,40.565531],[-73.910225,40.565417],[-73.90912,40.565053],[-73.907454,40.564717],[-73.90662,40.565005],[-73.906461,40.564954],[-73.906435,40.564717],[-73.906041,40.564985],[-73.905108,40.565134],[-73.904769,40.565057],[-73.904676,40.564664],[-73.90412,40.56499],[-73.903997,40.564786],[-73.903781,40.564722],[-73.903009,40.56547],[-73.901466,40.565739],[-73.901065,40.56571],[-73.900571,40.56593],[-73.89912,40.566177],[-73.896534,40.567269],[-73.896373,40.56729],[-73.896339,40.567176],[-73.895262,40.567475],[-73.89412,40.568082],[-73.893358,40.568688],[-73.892656,40.568904],[-73.889738,40.568967],[-73.888194,40.568828],[-73.886127,40.568813],[-73.885725,40.568897],[-73.884892,40.568664],[-73.884244,40.568774],[-73.884228,40.568688],[-73.884684,40.56841],[-73.884367,40.567997],[-73.883915,40.568164],[-73.883627,40.568497],[-73.882731,40.568486],[-73.881929,40.568781],[-73.878472,40.568808],[-73.877604,40.568935],[-73.87622,40.569491],[-73.865386,40.574758],[-73.856157,40.579673],[-73.85466,40.58054],[-73.854859,40.58054],[-73.854769,40.580602],[-73.854434,40.580602],[-73.853164,40.581257],[-73.851528,40.581863],[-73.850478,40.582155],[-73.849429,40.582194],[-73.848534,40.582196],[-73.845108,40.581698],[-73.841775,40.58186],[-73.840293,40.582044],[-73.839398,40.58227],[-73.838657,40.582835],[-73.837392,40.58285],[-73.835509,40.583054],[-73.832176,40.583909],[-73.831745,40.58409],[-73.831776,40.584213],[-73.83159,40.584296],[-73.831343,40.584186],[-73.830972,40.584217],[-73.828719,40.584843],[-73.828566,40.584985],[-73.828284,40.585849],[-73.827921,40.586188],[-73.82341,40.587526],[-73.822793,40.587548],[-73.821312,40.586922],[-73.81946,40.58789],[-73.819411,40.588812],[-73.818997,40.588697],[-73.81896,40.588472],[-73.818812,40.588377],[-73.818071,40.588806],[-73.817771,40.588843],[-73.817546,40.58933],[-73.816806,40.589499],[-73.815694,40.589954],[-73.814985,40.590744],[-73.814059,40.591167],[-73.813737,40.591559],[-73.811775,40.592452],[-73.811528,40.592957],[-73.811117,40.59304],[-73.811351,40.592824],[-73.811373,40.592617],[-73.810972,40.592492],[-73.810847,40.592269],[-73.810386,40.592331],[-73.810198,40.59267],[-73.810242,40.592917],[-73.810098,40.59341],[-73.809707,40.593677],[-73.809182,40.593599],[-73.807176,40.592525],[-73.805548,40.591867],[-73.804985,40.591819],[-73.804799,40.591561],[-73.804543,40.591528],[-73.804391,40.591713],[-73.8045,40.591836],[-73.806312,40.592645],[-73.807639,40.593064],[-73.80832,40.593534],[-73.808641,40.593966],[-73.80767,40.595327],[-73.806946,40.596003],[-73.806637,40.596065],[-73.804548,40.595139],[-73.804028,40.594438],[-73.803774,40.593812],[-73.803781,40.593116],[-73.803318,40.592844],[-73.803009,40.592916],[-73.802917,40.592705],[-73.802608,40.592772],[-73.80255,40.593441],[-73.802739,40.594336],[-73.803225,40.594525],[-73.803441,40.594498],[-73.803486,40.594799],[-73.803349,40.595046],[-73.803843,40.595079],[-73.804367,40.595732],[-73.804594,40.595787],[-73.804474,40.595941],[-73.804831,40.596373],[-73.805241,40.597238],[-73.804707,40.598192],[-73.804491,40.59806],[-73.803566,40.598843],[-73.803104,40.599059],[-73.803487,40.59946],[-73.802948,40.5994],[-73.802886,40.599194],[-73.802207,40.599409],[-73.799985,40.599439],[-73.798565,40.599699],[-73.794769,40.600081],[-73.794151,40.600455],[-73.793194,40.600528],[-73.792269,40.600862],[-73.791215,40.601559],[-73.791034,40.601583],[-73.790696,40.60196],[-73.789024,40.603102],[-73.78838,40.603395],[-73.787582,40.604059],[-73.787299,40.604164],[-73.786829,40.60409],[-73.786188,40.603657],[-73.785787,40.602966],[-73.785769,40.602762],[-73.786187,40.60267],[-73.786898,40.602288],[-73.787814,40.60091],[-73.789707,40.599632],[-73.790141,40.59912],[-73.790977,40.597145],[-73.790839,40.596157],[-73.790952,40.595509],[-73.790855,40.595231],[-73.79054,40.594889],[-73.78983,40.594854],[-73.789389,40.595417],[-73.789457,40.59696],[-73.789244,40.598226],[-73.78838,40.598714],[-73.78733,40.599499],[-73.786895,40.600015],[-73.786188,40.600408],[-73.785787,40.600964],[-73.785756,40.601343],[-73.785417,40.601802],[-73.784923,40.601923],[-73.784544,40.602238],[-73.784924,40.602577],[-73.784707,40.602953],[-73.784472,40.60304],[-73.784349,40.603349],[-73.784161,40.603503],[-73.784148,40.604059],[-73.784398,40.604482],[-73.784496,40.604954],[-73.784495,40.605]]]}},{"type":"Feature","properties":{"depthFt":6},"geometry":{"type":"MultiLineString","coordinates":[[[-73.766703,40.587238],[-73.768503,40.587506],[-73.768799,40.587608],[-73.768009,40.587638],[-73.766898,40.5874],[-73.766703,40.587238]],[[-73.765875,40.587176],[-73.766065,40.587158],[-73.766165,40.587207],[-73.766034,40.587246],[-73.765875,40.587176]],[[-73.76,40.586954],[-73.760108,40.586947],[-73.760212,40.587052],[-73.760226,40.587423],[-73.760087,40.587639],[-73.76,40.587676]],[[-73.760802,40.585448],[-73.760883,40.585478],[-73.760725,40.585687],[-73.760678,40.585571],[-73.760802,40.585448]],[[-73.814614,40.582258],[-73.814645,40.582337],[-73.814737,40.582299],[-73.814707,40.582264],[-73.814614,40.582258]],[[-73.814028,40.581861],[-73.813688,40.581887],[-73.813373,40.582114],[-73.814118,40.581929],[-73.814028,40.581861]],[[-73.817577,40.580817],[-73.817524,40.58088],[-73.817577,40.580924],[-73.817667,40.580849],[-73.817577,40.580817]],[[-73.819939,40.580015],[-73.820046,40.580005],[-73.82008,40.580015],[-73.819985,40.580073],[-73.819939,40.580015]],[[-73.849151,40.571085],[-73.849182,40.571136],[-73.849303,40.571096],[-73.849275,40.57108],[-73.849151,40.571085]],[[-73.853287,40.569363],[-73.852948,40.56957],[-73.852962,40.569738],[-73.85335,40.569738],[-73.853596,40.569587],[-73.853287,40.569363]],[[-73.855448,40.569177],[-73.854923,40.569416],[-73.854403,40.569522],[-73.855262,40.569416],[-73.855748,40.569213],[-73.855448,40.569177]],[[-73.857083,40.568253],[-73.856859,40.568349],[-73.856861,40.56841],[-73.857022,40.568435],[-73.857153,40.568287],[-73.857083,40.568253]],[[-73.857515,40.568039],[-73.857485,40.568179],[-73.857743,40.568133],[-73.857577,40.568032],[-73.857515,40.568039]],[[-73.863503,40.56634],[-73.863225,40.566525],[-73.863232,40.56659],[-73.863729,40.566404],[-73.863503,40.56634]],[[-73.863843,40.566207],[-73.863781,40.566343],[-73.863873,40.566445],[-73.864086,40.566219],[-73.863843,40.566207]],[[-73.873627,40.563102],[-73.873488,40.563194],[-73.873791,40.563133],[-73.873719,40.563094],[-73.873627,40.563102]],[[-73.875509,40.562484],[-73.875417,40.562546],[-73.875386,40.562639],[-73.875561,40.562608],[-73.875509,40.562484]],[[-73.877484,40.561312],[-73.877573,40.561312],[-73.87758,40.561373],[-73.877476,40.561373],[-73.877484,40.561312]],[[-73.88017,40.560752],[-73.880037,40.560818],[-73.880445,40.560756],[-73.880417,40.560744],[-73.88017,40.560752]],[[-73.88088,40.560565],[-73.880772,40.560633],[-73.88088,40.560694],[-73.880981,40.560602],[-73.88088,40.560565]],[[-73.883009,40.559551],[-73.882948,40.559616],[-73.883145,40.559552],[-73.883102,40.559541],[-73.883009,40.559551]],[[-73.883843,40.559305],[-73.883843,40.559414],[-73.883978,40.559336],[-73.883935,40.559281],[-73.883843,40.559305]],[[-73.887855,40.5589],[-73.887618,40.559028],[-73.888133,40.558935],[-73.88804,40.558891],[-73.887855,40.5589]],[[-73.885602,40.558779],[-73.884861,40.559004],[-73.884028,40.559728],[-73.883194,40.559996],[-73.883118,40.56017],[-73.883491,40.560108],[-73.884306,40.559701],[-73.885326,40.559799],[-73.885586,40.559182],[-73.886107,40.558843],[-73.885972,40.55875],[-73.885602,40.558779]],[[-73.890509,40.55807],[-73.890478,40.558184],[-73.890614,40.558164],[-73.890571,40.558054],[-73.890509,40.55807]],[[-73.890756,40.558066],[-73.890667,40.558133],[-73.890655,40.558164],[-73.890833,40.558164],[-73.890756,40.558066]],[[-73.889676,40.557946],[-73.889294,40.55804],[-73.889147,40.558225],[-73.888812,40.558214],[-73.888341,40.558565],[-73.888719,40.558741],[-73.88912,40.558666],[-73.889293,40.558534],[-73.889361,40.558133],[-73.889614,40.558097],[-73.889676,40.557946]],[[-73.895448,40.556433],[-73.893843,40.556873],[-73.893577,40.556806],[-73.893318,40.557039],[-73.892731,40.557162],[-73.891528,40.557238],[-73.890972,40.55751],[-73.890756,40.557509],[-73.890633,40.557319],[-73.890355,40.557336],[-73.890246,40.557454],[-73.890262,40.557682],[-73.889878,40.557917],[-73.890478,40.557976],[-73.891497,40.557609],[-73.891836,40.557776],[-73.89233,40.557655],[-73.892334,40.557485],[-73.892485,40.557427],[-73.893164,40.557519],[-73.893179,40.557392],[-73.893032,40.55733],[-73.893102,40.557238],[-73.894244,40.557091],[-73.894923,40.5568],[-73.895324,40.556861],[-73.895818,40.556713],[-73.895935,40.556559],[-73.895448,40.556433]],[[-73.948777,40.55267],[-73.949018,40.553287],[-73.948997,40.553555],[-73.948786,40.553133],[-73.948777,40.55267]],[[-73.953163,40.552546],[-73.953228,40.553009],[-73.952917,40.554042],[-73.952918,40.553503],[-73.953163,40.552546]],[[-73.909398,40.551923],[-73.909429,40.552063],[-73.909534,40.552052],[-73.909491,40.551918],[-73.909398,40.551923]],[[-73.912631,40.551127],[-73.912701,40.551117],[-73.912968,40.551281],[-73.912546,40.551359],[-73.912631,40.551127]],[[-73.914614,40.550293],[-73.914901,40.550478],[-73.914583,40.550635],[-73.91467,40.550509],[-73.914614,40.550293]],[[-73.951312,40.549207],[-73.951136,40.549306],[-73.951131,40.549429],[-73.951466,40.549676],[-73.951312,40.549207]],[[-73.951281,40.548965],[-73.951175,40.549059],[-73.951417,40.549028],[-73.951373,40.548972],[-73.951281,40.548965]],[[-73.926783,40.54588],[-73.926869,40.54588],[-73.926657,40.545941],[-73.926703,40.54591],[-73.926783,40.54588]],[[-73.949244,40.545196],[-73.949237,40.545262],[-73.949367,40.545449],[-73.949391,40.545355],[-73.949244,40.545196]],[[-73.94599,40.541867],[-73.946315,40.54196],[-73.946836,40.542478],[-73.947348,40.543164],[-73.947392,40.543516],[-73.947515,40.542574],[-73.947763,40.54267],[-73.947917,40.543029],[-73.948713,40.543935],[-73.948851,40.54446],[-73.949108,40.544769],[-73.949031,40.544892],[-73.949182,40.544906],[-73.949552,40.545344],[-73.949861,40.545227],[-73.950015,40.545355],[-73.950034,40.546065],[-73.950194,40.546466],[-73.950616,40.546806],[-73.951034,40.546928],[-73.951497,40.547443],[-73.951967,40.54838],[-73.951955,40.548688],[-73.951448,40.548997],[-73.951538,40.549583],[-73.952815,40.551806],[-73.952892,40.552454],[-73.952772,40.553349],[-73.952387,40.554799],[-73.952423,40.554901],[-73.952639,40.55479],[-73.952644,40.554861],[-73.952454,40.555278],[-73.952361,40.555352],[-73.952361,40.555192],[-73.952247,40.555201],[-73.952022,40.555683],[-73.951371,40.556497],[-73.951416,40.556651],[-73.950972,40.556926],[-73.949707,40.558486],[-73.949583,40.558466],[-73.949298,40.558719],[-73.94931,40.558935],[-73.948627,40.559337],[-73.94848,40.559306],[-73.949175,40.558935],[-73.948001,40.558966],[-73.94765,40.558812],[-73.947356,40.55838],[-73.947855,40.557517],[-73.94857,40.556929],[-73.94912,40.556339],[-73.949147,40.556188],[-73.949564,40.555849],[-73.949782,40.55517],[-73.949612,40.555046],[-73.949786,40.554799],[-73.949778,40.553935],[-73.949645,40.553881],[-73.949652,40.553719],[-73.949219,40.553472],[-73.949018,40.55304],[-73.948864,40.551929],[-73.948674,40.551898],[-73.948548,40.549645],[-73.94793,40.547022],[-73.947655,40.546651],[-73.947608,40.5463],[-73.947228,40.545972],[-73.945818,40.543562],[-73.94597,40.542886],[-73.945883,40.542269],[-73.94599,40.541867]],[[-73.940448,40.541138],[-73.940337,40.541312],[-73.940417,40.541383],[-73.940515,40.541281],[-73.940448,40.541138]],[[-73.76,40.589704],[-73.760201,40.589714],[-73.762361,40.58952],[-73.762632,40.589645],[-73.762097,40.590201],[-73.763534,40.590403],[-73.767083,40.590293],[-73.767578,40.590201],[-73.767948,40.589888],[-73.768115,40.589985],[-73.767824,40.590046],[-73.768009,40.590177],[-73.768225,40.590056],[-73.769151,40.59004],[-73.777546,40.588711],[-73.777978,40.588742],[-73.779707,40.588314],[-73.787454,40.587078],[-73.788503,40.586799],[-73.789367,40.586955],[-73.790756,40.586482],[-73.791898,40.586469],[-73.79338,40.585924],[-73.794707,40.585827],[-73.795849,40.585394],[-73.79767,40.585289],[-73.79838,40.585017],[-73.799336,40.58489],[-73.80088,40.584329],[-73.802238,40.584337],[-73.804059,40.584038],[-73.804858,40.583843],[-73.805417,40.583577],[-73.806991,40.583483],[-73.807948,40.583071],[-73.808935,40.583026],[-73.810324,40.582553],[-73.811373,40.582619],[-73.812485,40.582457],[-73.813133,40.582189],[-73.812095,40.582269],[-73.813009,40.581898],[-73.814799,40.581402],[-73.814888,40.581404],[-73.814892,40.581659],[-73.815664,40.581477],[-73.815725,40.581608],[-73.81554,40.581587],[-73.815496,40.581744],[-73.815756,40.581743],[-73.815898,40.58159],[-73.815895,40.581404],[-73.817207,40.581057],[-73.817411,40.58091],[-73.817238,40.58087],[-73.816991,40.581018],[-73.814927,40.581404],[-73.817454,40.580567],[-73.818485,40.580417],[-73.818256,40.58066],[-73.817818,40.580787],[-73.818162,40.580787],[-73.818023,40.58091],[-73.818225,40.580985],[-73.818287,40.580749],[-73.819451,40.580417],[-73.819485,40.580355],[-73.819229,40.580262],[-73.819362,40.58017],[-73.819707,40.580102],[-73.819645,40.580276],[-73.820386,40.580155],[-73.820573,40.579861],[-73.820756,40.579791],[-73.82091,40.579813],[-73.821034,40.580055],[-73.822156,40.579645],[-73.821661,40.579552],[-73.821806,40.579366],[-73.822454,40.57929],[-73.822485,40.579419],[-73.82233,40.579642],[-73.823009,40.579471],[-73.823812,40.579075],[-73.824799,40.578862],[-73.826065,40.578321],[-73.826744,40.578206],[-73.827454,40.577808],[-73.828472,40.577591],[-73.829583,40.577142],[-73.830849,40.576834],[-73.832639,40.576115],[-73.833194,40.576023],[-73.834327,40.575602],[-73.834583,40.575616],[-73.836096,40.574886],[-73.839867,40.573565],[-73.84125,40.573203],[-73.842018,40.572793],[-73.843225,40.57271],[-73.844645,40.572189],[-73.845046,40.572146],[-73.845787,40.571803],[-73.846744,40.571666],[-73.848071,40.571269],[-73.848795,40.570972],[-73.84909,40.570738],[-73.850324,40.570452],[-73.851552,40.569985],[-73.85164,40.569707],[-73.852361,40.569461],[-73.852731,40.569208],[-73.85338,40.569121],[-73.853596,40.569287],[-73.855015,40.568791],[-73.855262,40.568805],[-73.855756,40.568556],[-73.856034,40.568841],[-73.856501,40.568441],[-73.856127,40.568524],[-73.856081,40.568318],[-73.856497,40.568083],[-73.857855,40.567706],[-73.860448,40.566638],[-73.86091,40.566657],[-73.861096,40.566456],[-73.862425,40.565941],[-73.862518,40.566343],[-73.862238,40.566512],[-73.861466,40.5668],[-73.861096,40.566751],[-73.861034,40.566908],[-73.860787,40.566976],[-73.860509,40.566804],[-73.860015,40.567199],[-73.858652,40.567577],[-73.858652,40.567855],[-73.858457,40.568071],[-73.858974,40.568071],[-73.859314,40.567886],[-73.859522,40.567513],[-73.859892,40.56757],[-73.860355,40.567164],[-73.861713,40.566948],[-73.862762,40.566395],[-73.862971,40.566003],[-73.862886,40.565883],[-73.862639,40.565913],[-73.862793,40.565763],[-73.865972,40.565235],[-73.867299,40.564728],[-73.867515,40.564746],[-73.868904,40.56409],[-73.875694,40.561831],[-73.876898,40.561796],[-73.877361,40.56137],[-73.877515,40.561556],[-73.877917,40.561669],[-73.878209,40.561065],[-73.883799,40.558966],[-73.886127,40.558361],[-73.893966,40.556004],[-73.897886,40.555118],[-73.898565,40.555115],[-73.900417,40.554761],[-73.903405,40.553997],[-73.908726,40.551929],[-73.908935,40.55165],[-73.915135,40.54946],[-73.916651,40.548792],[-73.921906,40.547207],[-73.926503,40.546003],[-73.925406,40.546466],[-73.921528,40.547703],[-73.919059,40.548612],[-73.917577,40.548974],[-73.915571,40.549778],[-73.915077,40.549875],[-73.914491,40.550253],[-73.913688,40.550542],[-73.913966,40.550943],[-73.913719,40.55082],[-73.913164,40.550991],[-73.912793,40.550908],[-73.912075,40.551219],[-73.911963,40.551312],[-73.912269,40.551335],[-73.912352,40.551435],[-73.911806,40.551633],[-73.91162,40.551614],[-73.911503,40.551404],[-73.91162,40.551437],[-73.911952,40.551312],[-73.911497,40.551313],[-73.911343,40.551477],[-73.911096,40.551426],[-73.910602,40.551787],[-73.910231,40.551794],[-73.910015,40.551951],[-73.910108,40.552114],[-73.910231,40.552121],[-73.908071,40.55283],[-73.903194,40.554851],[-73.899985,40.555735],[-73.897207,40.556059],[-73.896528,40.556237],[-73.89607,40.556497],[-73.89662,40.556593],[-73.897762,40.556246],[-73.898063,40.556343],[-73.89875,40.556331],[-73.899522,40.556112],[-73.899738,40.556247],[-73.901188,40.555973],[-73.901744,40.555695],[-73.902206,40.555633],[-73.90341,40.555738],[-73.903866,40.555448],[-73.904738,40.555178],[-73.904799,40.555063],[-73.905015,40.555127],[-73.905488,40.555015],[-73.905725,40.554569],[-73.90591,40.554466],[-73.906867,40.554263],[-73.909059,40.553294],[-73.911971,40.552299],[-73.912886,40.551741],[-73.91375,40.551598],[-73.914367,40.551192],[-73.916034,40.550683],[-73.918966,40.549393],[-73.920014,40.54912],[-73.926034,40.546801],[-73.926559,40.546766],[-73.926806,40.54656],[-73.929744,40.545262],[-73.930471,40.544769],[-73.932114,40.544216],[-73.934244,40.543737],[-73.935787,40.543238],[-73.93841,40.541951],[-73.940262,40.540711],[-73.940462,40.540756],[-73.940478,40.541064],[-73.940633,40.540215],[-73.940787,40.540143],[-73.940981,40.540231],[-73.940854,40.541312],[-73.9411,40.542855],[-73.940902,40.545324],[-73.94116,40.54696],[-73.941338,40.549151],[-73.941466,40.549293],[-73.94196,40.549143],[-73.942174,40.549676],[-73.9423,40.550849],[-73.942133,40.552423],[-73.941528,40.553726],[-73.940179,40.555355],[-73.93827,40.55696],[-73.937176,40.557705],[-73.936427,40.558071],[-73.933812,40.559056],[-73.931127,40.56028],[-73.929151,40.560875],[-73.926682,40.561898],[-73.924996,40.562299],[-73.922855,40.562578],[-73.921836,40.562594],[-73.91909,40.563057],[-73.916637,40.56409],[-73.912515,40.565524],[-73.911528,40.565615],[-73.910756,40.565544],[-73.908873,40.56503],[-73.907978,40.564955],[-73.906003,40.565078],[-73.903463,40.565571],[-73.902392,40.565633],[-73.899583,40.566185],[-73.897361,40.566981],[-73.896427,40.567423],[-73.895262,40.567672],[-73.893634,40.568657],[-73.892577,40.568971],[-73.889306,40.569005],[-73.886096,40.568835],[-73.885694,40.56892],[-73.884892,40.568691],[-73.884244,40.568807],[-73.884153,40.568688],[-73.884642,40.56841],[-73.884336,40.568026],[-73.883966,40.568164],[-73.883812,40.568484],[-73.882608,40.568582],[-73.881991,40.568807],[-73.87841,40.569072],[-73.877632,40.568966],[-73.875785,40.569738],[-73.865387,40.574769],[-73.858565,40.578513],[-73.857513,40.578997],[-73.856929,40.579428],[-73.856821,40.579367],[-73.856157,40.579703],[-73.855948,40.579861],[-73.856641,40.579614],[-73.856127,40.579972],[-73.855784,40.579923],[-73.855664,40.580134],[-73.85469,40.580849],[-73.853935,40.581128],[-73.853688,40.581032],[-73.851806,40.581867],[-73.850571,40.582169],[-73.849429,40.582216],[-73.848565,40.582214],[-73.845694,40.581827],[-73.842546,40.58192],[-73.840509,40.58212],[-73.839614,40.582279],[-73.838688,40.582865],[-73.835941,40.582997],[-73.832176,40.583919],[-73.831789,40.58409],[-73.831775,40.584228],[-73.83159,40.584304],[-73.830972,40.584225],[-73.829738,40.584566],[-73.828648,40.584892],[-73.828298,40.585849],[-73.827944,40.586188],[-73.823472,40.587521],[-73.822855,40.587575],[-73.821528,40.58696],[-73.821157,40.586992],[-73.81946,40.587909],[-73.819429,40.588813],[-73.818997,40.588713],[-73.818949,40.588472],[-73.818812,40.58839],[-73.81866,40.588503],[-73.818688,40.588762],[-73.818472,40.588593],[-73.818071,40.588825],[-73.817793,40.588851],[-73.817546,40.589368],[-73.815779,40.590015],[-73.815784,40.590448],[-73.815417,40.590505],[-73.814835,40.591003],[-73.814838,40.591127],[-73.814593,40.591157],[-73.814461,40.591373],[-73.812701,40.592181],[-73.811833,40.592485],[-73.811528,40.592981],[-73.811043,40.593102],[-73.811312,40.592616],[-73.81091,40.592561],[-73.810725,40.592348],[-73.810386,40.592401],[-73.810285,40.592639],[-73.810396,40.593349],[-73.809738,40.593717],[-73.80909,40.593658],[-73.808677,40.593318],[-73.807207,40.592576],[-73.805564,40.591898],[-73.804985,40.591846],[-73.804799,40.591588],[-73.804589,40.591559],[-73.804456,40.591744],[-73.804861,40.592004],[-73.807855,40.59315],[-73.808708,40.593935],[-73.807803,40.595231],[-73.807192,40.595756],[-73.807022,40.596041],[-73.806713,40.596141],[-73.806003,40.595903],[-73.804522,40.595151],[-73.804014,40.59446],[-73.803761,40.593843],[-73.803761,40.593133],[-73.803318,40.592856],[-73.80304,40.592939],[-73.802898,40.592731],[-73.802628,40.592793],[-73.802582,40.593441],[-73.802783,40.594336],[-73.803441,40.594465],[-73.803569,40.594799],[-73.803394,40.595015],[-73.803843,40.595032],[-73.804367,40.595678],[-73.804614,40.595759],[-73.804514,40.595941],[-73.804867,40.596373],[-73.80533,40.597299],[-73.80483,40.598289],[-73.803551,40.599275],[-73.803534,40.599511],[-73.802299,40.599573],[-73.800509,40.599487],[-73.799954,40.599723],[-73.796929,40.599881],[-73.796003,40.600034],[-73.795293,40.600004],[-73.794799,40.600112],[-73.794244,40.600542],[-73.793287,40.600551],[-73.792361,40.600862],[-73.789059,40.603137],[-73.788565,40.603302],[-73.787485,40.604187],[-73.786814,40.60412],[-73.786188,40.603704],[-73.785743,40.602762],[-73.786744,40.602373],[-73.787094,40.602052],[-73.787793,40.600896],[-73.788287,40.600475],[-73.789692,40.599614],[-73.79012,40.59909],[-73.790952,40.597145],[-73.790806,40.596157],[-73.790935,40.59554],[-73.790851,40.595262],[-73.790509,40.594911],[-73.78983,40.594879],[-73.789416,40.595417],[-73.7895,40.595694],[-73.789407,40.596219],[-73.789491,40.596991],[-73.789273,40.598256],[-73.78804,40.598991],[-73.78733,40.599531],[-73.786937,40.600015],[-73.786188,40.600445],[-73.785811,40.600972],[-73.785795,40.601343],[-73.785448,40.60182],[-73.784975,40.60196],[-73.784603,40.602269],[-73.784892,40.602388],[-73.784954,40.602229],[-73.785108,40.602191],[-73.785157,40.602392],[-73.784376,40.603627],[-73.784396,40.604275],[-73.784686,40.605]]]}},{"type":"Feature","properties":{"depthFt":8},"geometry":{"type":"MultiLineString","coordinates":[[[-73.767334,40.589954],[-73.767454,40.589944],[-73.767472,40.590046],[-73.767392,40.590068],[-73.767334,40.589954]],[[-73.765739,40.586559],[-73.768565,40.586925],[-73.769676,40.587204],[-73.769873,40.587485],[-73.769467,40.587701],[-73.768596,40.587825],[-73.766775,40.587462],[-73.766497,40.587179],[-73.766003,40.587311],[-73.765776,40.587207],[-73.766041,40.586991],[-73.765818,40.586822],[-73.765355,40.586933],[-73.765262,40.586851],[-73.765739,40.586559]],[[-73.761003,40.585046],[-73.761086,40.585046],[-73.761045,40.585231],[-73.760725,40.58585],[-73.760311,40.585787],[-73.760488,40.585664],[-73.760432,40.585417],[-73.760509,40.58529],[-73.761003,40.585046]],[[-73.760192,40.584985],[-73.760231,40.584974],[-73.760337,40.585139],[-73.760138,40.58517],[-73.760192,40.584985]],[[-73.806312,40.583277],[-73.806312,40.583374],[-73.806435,40.583349],[-73.806373,40.583278],[-73.806312,40.583277]],[[-73.821127,40.579756],[-73.821096,40.579849],[-73.82122,40.579799],[-73.821188,40.579748],[-73.821127,40.579756]],[[-73.822701,40.579237],[-73.822608,40.579279],[-73.822608,40.579344],[-73.822793,40.579306],[-73.822701,40.579237]],[[-73.823596,40.578923],[-73.823102,40.579123],[-73.823082,40.579182],[-73.823731,40.578966],[-73.823596,40.578923]],[[-73.846775,40.571397],[-73.84668,40.571435],[-73.846682,40.571461],[-73.846877,40.571404],[-73.846775,40.571397]],[[-73.849213,40.57043],[-73.849213,40.570538],[-73.849328,40.570478],[-73.849275,40.570425],[-73.849213,40.57043]],[[-73.84983,40.570288],[-73.849769,40.57032],[-73.84971,40.570386],[-73.849964,40.570324],[-73.84983,40.570288]],[[-73.850262,40.570168],[-73.850201,40.570191],[-73.850123,40.570262],[-73.850307,40.570201],[-73.850262,40.570168]],[[-73.853194,40.569577],[-73.853151,40.569645],[-73.853302,40.569676],[-73.853278,40.569614],[-73.853194,40.569577]],[[-73.855386,40.569273],[-73.855299,40.569306],[-73.855259,40.569336],[-73.855347,40.569336],[-73.855386,40.569273]],[[-73.86196,40.566606],[-73.861733,40.566744],[-73.861699,40.566806],[-73.861888,40.566806],[-73.862042,40.56662],[-73.86196,40.566606]],[[-73.862546,40.566113],[-73.862589,40.566343],[-73.862701,40.566333],[-73.862701,40.566146],[-73.862546,40.566113]],[[-73.877917,40.561294],[-73.877728,40.561343],[-73.877725,40.561435],[-73.877917,40.561409],[-73.877917,40.561294]],[[-73.885664,40.558842],[-73.884948,40.559059],[-73.884568,40.559398],[-73.885077,40.559419],[-73.885785,40.558873],[-73.885664,40.558842]],[[-73.888812,40.558247],[-73.888597,40.558503],[-73.888843,40.558606],[-73.889098,40.558534],[-73.889135,40.558349],[-73.888812,40.558247]],[[-73.890509,40.557359],[-73.890293,40.557442],[-73.890262,40.557793],[-73.890478,40.557808],[-73.890654,40.557546],[-73.890665,40.557392],[-73.890509,40.557359]],[[-73.891651,40.557299],[-73.891537,40.55733],[-73.891929,40.557674],[-73.892246,40.557608],[-73.892365,40.55733],[-73.891651,40.557299]],[[-73.895417,40.556528],[-73.895295,40.55659],[-73.895543,40.55659],[-73.895532,40.556559],[-73.895417,40.556528]],[[-73.90304,40.555462],[-73.903021,40.55554],[-73.903147,40.55554],[-73.903102,40.555472],[-73.90304,40.555462]],[[-73.903966,40.554767],[-73.90375,40.554804],[-73.903548,40.554954],[-73.903781,40.555165],[-73.904288,40.554954],[-73.903966,40.554767]],[[-73.904985,40.554336],[-73.904723,40.55446],[-73.905293,40.554573],[-73.905417,40.55446],[-73.905324,40.554328],[-73.904985,40.554336]],[[-73.948003,40.553596],[-73.9481,40.553688],[-73.948071,40.554106],[-73.948024,40.554059],[-73.948003,40.553596]],[[-73.908503,40.553091],[-73.908478,40.553164],[-73.908657,40.553215],[-73.908812,40.553133],[-73.908503,40.553091]],[[-73.95304,40.551821],[-73.952998,40.551898],[-73.953009,40.552727],[-73.953125,40.552022],[-73.95304,40.551821]],[[-73.91162,40.551738],[-73.91162,40.551915],[-73.910105,40.552361],[-73.909923,40.552604],[-73.90954,40.552762],[-73.909892,40.552774],[-73.910207,40.552546],[-73.910649,40.552546],[-73.911034,40.552157],[-73.911219,40.552243],[-73.911669,40.552145],[-73.911836,40.551867],[-73.91162,40.551738]],[[-73.913256,40.551062],[-73.913016,40.551096],[-73.912983,40.551127],[-73.913194,40.551241],[-73.91333,40.551065],[-73.913256,40.551062]],[[-73.91517,40.550781],[-73.915201,40.550832],[-73.915298,40.550818],[-73.915262,40.550777],[-73.91517,40.550781]],[[-73.914028,40.55068],[-73.91412,40.550951],[-73.914269,40.55088],[-73.91412,40.55069],[-73.914028,40.55068]],[[-73.916312,40.550196],[-73.916084,40.550355],[-73.916127,40.550445],[-73.916466,40.550324],[-73.916312,40.550196]],[[-73.91517,40.550196],[-73.915077,40.550329],[-73.914834,40.550262],[-73.914992,40.550509],[-73.914645,40.550702],[-73.914491,40.550694],[-73.914454,40.550509],[-73.914354,40.550509],[-73.914398,40.550708],[-73.914645,40.550823],[-73.915001,40.550756],[-73.915493,40.550231],[-73.91517,40.550196]],[[-73.915849,40.550037],[-73.915739,40.550139],[-73.915849,40.550218],[-73.915916,40.550077],[-73.915849,40.550037]],[[-73.917145,40.549455],[-73.916435,40.549707],[-73.916354,40.549923],[-73.916528,40.550048],[-73.916655,40.549892],[-73.916867,40.549903],[-73.917027,40.549552],[-73.917244,40.549552],[-73.917238,40.549444],[-73.917145,40.549455]],[[-73.918657,40.548979],[-73.918664,40.54909],[-73.918843,40.549164],[-73.918769,40.549028],[-73.918657,40.548979]],[[-73.919151,40.54875],[-73.919084,40.548966],[-73.919275,40.549096],[-73.919245,40.54875],[-73.919151,40.54875]],[[-73.921065,40.548118],[-73.921028,40.548194],[-73.921096,40.548218],[-73.921134,40.548164],[-73.921065,40.548118]],[[-73.921373,40.548009],[-73.921265,40.548133],[-73.921343,40.548211],[-73.921437,40.548133],[-73.921373,40.548009]],[[-73.922917,40.547572],[-73.922892,40.547639],[-73.922948,40.547691],[-73.923004,40.547577],[-73.922917,40.547572]],[[-73.92375,40.547224],[-73.923666,40.547361],[-73.923843,40.547488],[-73.923915,40.547299],[-73.92375,40.547224]],[[-73.924306,40.547083],[-73.924218,40.547176],[-73.924306,40.547328],[-73.924399,40.547176],[-73.924306,40.547083]],[[-73.947762,40.547046],[-73.947706,40.547114],[-73.947762,40.547164],[-73.947809,40.547114],[-73.947762,40.547046]],[[-73.924954,40.546888],[-73.924821,40.546991],[-73.924892,40.547084],[-73.92497,40.547022],[-73.924954,40.546888]],[[-73.925293,40.546768],[-73.925292,40.546898],[-73.92541,40.546898],[-73.925417,40.546814],[-73.925293,40.546768]],[[-73.925725,40.54665],[-73.925681,40.546713],[-73.925756,40.546776],[-73.92581,40.546682],[-73.925725,40.54665]],[[-73.926127,40.546519],[-73.926103,40.54659],[-73.926188,40.546633],[-73.926227,40.546528],[-73.926127,40.546519]],[[-73.945517,40.541528],[-73.946034,40.541505],[-73.947083,40.541957],[-73.947267,40.542207],[-73.947301,40.542454],[-73.947207,40.542577],[-73.947392,40.54253],[-73.947485,40.542148],[-73.947639,40.542189],[-73.947992,40.542454],[-73.948565,40.543205],[-73.948826,40.543349],[-73.949355,40.544336],[-73.949724,40.544738],[-73.95017,40.544693],[-73.950571,40.544922],[-73.950802,40.545509],[-73.951331,40.546281],[-73.951903,40.546867],[-73.952283,40.547855],[-73.952421,40.548534],[-73.952147,40.548812],[-73.952129,40.549213],[-73.952454,40.549698],[-73.952565,40.55017],[-73.952865,40.550694],[-73.953359,40.552392],[-73.953305,40.553256],[-73.953123,40.553935],[-73.9528,40.554892],[-73.952342,40.555725],[-73.95025,40.558194],[-73.94911,40.559182],[-73.948441,40.559452],[-73.946867,40.55959],[-73.946488,40.559151],[-73.946827,40.55838],[-73.948049,40.556929],[-73.94836,40.556343],[-73.948405,40.556003],[-73.948306,40.555664],[-73.948124,40.555509],[-73.948403,40.555077],[-73.948508,40.554645],[-73.948192,40.553904],[-73.948468,40.552361],[-73.948431,40.549552],[-73.948304,40.548719],[-73.947917,40.54743],[-73.947841,40.547731],[-73.947672,40.547762],[-73.947482,40.546806],[-73.945765,40.543627],[-73.945778,40.542515],[-73.945616,40.542207],[-73.945517,40.541528]]]}},{"type":"Feature","properties":{"depthFt":10},"geometry":{"type":"MultiLineString","coordinates":[[[-73.766713,40.58986],[-73.76662,40.589929],[-73.766536,40.590015],[-73.766651,40.59],[-73.766713,40.58986]],[[-73.766435,40.589799],[-73.76643,40.589861],[-73.766497,40.589885],[-73.766497,40.589801],[-73.766435,40.589799]],[[-73.765292,40.589552],[-73.765493,40.589614],[-73.764892,40.589818],[-73.764804,40.589738],[-73.764861,40.589637],[-73.765292,40.589552]],[[-73.765187,40.588627],[-73.765707,40.588873],[-73.765716,40.588997],[-73.765286,40.58912],[-73.765013,40.588843],[-73.765187,40.588627]],[[-73.787731,40.586712],[-73.787238,40.586795],[-73.787196,40.586867],[-73.787546,40.586881],[-73.787989,40.586713],[-73.787731,40.586712]],[[-73.789028,40.586521],[-73.788997,40.586592],[-73.789153,40.586559],[-73.78913,40.586528],[-73.789028,40.586521]],[[-73.763208,40.585324],[-73.76338,40.585405],[-73.763494,40.585664],[-73.76339,40.585633],[-73.763208,40.585324]],[[-73.798102,40.584847],[-73.798042,40.584892],[-73.79821,40.584861],[-73.798164,40.584836],[-73.798102,40.584847]],[[-73.76,40.585848],[-73.760108,40.585719],[-73.760445,40.585633],[-73.760369,40.585293],[-73.76002,40.585231],[-73.760352,40.584676],[-73.760298,40.584954],[-73.760448,40.585055],[-73.760972,40.584743],[-73.761298,40.584769],[-73.760664,40.586049],[-73.76,40.585921]],[[-73.802886,40.583934],[-73.802849,40.583997],[-73.802988,40.583966],[-73.802948,40.583934],[-73.802886,40.583934]],[[-73.834583,40.575353],[-73.834482,40.575386],[-73.83446,40.575443],[-73.834552,40.575434],[-73.834583,40.575353]],[[-73.835262,40.575098],[-73.835262,40.575184],[-73.835385,40.575139],[-73.835355,40.575081],[-73.835262,40.575098]],[[-73.888843,40.558279],[-73.88872,40.55841],[-73.888843,40.558487],[-73.888971,40.55838],[-73.888843,40.558279]],[[-73.890386,40.557445],[-73.890339,40.557701],[-73.890386,40.557742],[-73.890549,40.557454],[-73.890386,40.557445]],[[-73.891929,40.557354],[-73.891928,40.557454],[-73.892114,40.557529],[-73.892176,40.557354],[-73.891929,40.557354]],[[-73.945721,40.541065],[-73.946713,40.541244],[-73.947083,40.541486],[-73.947207,40.541426],[-73.94733,40.541807],[-73.947546,40.541798],[-73.94862,40.542546],[-73.949306,40.543062],[-73.950161,40.544028],[-73.950787,40.54421],[-73.951229,40.544676],[-73.951516,40.545324],[-73.95196,40.545904],[-73.952835,40.547948],[-73.952917,40.548698],[-73.95313,40.548935],[-73.953207,40.549429],[-73.953131,40.549522],[-73.953385,40.550015],[-73.95338,40.550941],[-73.953553,40.551466],[-73.953672,40.552701],[-73.953447,40.55409],[-73.952549,40.555849],[-73.951607,40.556991],[-73.951586,40.557145],[-73.951435,40.557176],[-73.950489,40.558225],[-73.949614,40.558919],[-73.948719,40.559445],[-73.94591,40.560015],[-73.945341,40.559861],[-73.945498,40.559429],[-73.947135,40.55733],[-73.947238,40.556116],[-73.947732,40.555262],[-73.947754,40.554923],[-73.947599,40.554861],[-73.947585,40.554738],[-73.947887,40.552978],[-73.947978,40.552725],[-73.94804,40.552871],[-73.948107,40.552701],[-73.948102,40.552578],[-73.947979,40.552577],[-73.94804,40.552466],[-73.948102,40.552546],[-73.948161,40.55233],[-73.948009,40.552246],[-73.948027,40.552022],[-73.948267,40.551836],[-73.948386,40.550849],[-73.948294,40.549059],[-73.948145,40.548472],[-73.947762,40.54788],[-73.947667,40.547886],[-73.947608,40.548198],[-73.947392,40.547951],[-73.946724,40.545571],[-73.945735,40.54375],[-73.94557,40.543194],[-73.945268,40.542793],[-73.945379,40.542608],[-73.945178,40.542423],[-73.945094,40.541435],[-73.945201,40.541198],[-73.945721,40.541065]]]}},{"type":"Feature","properties":{"depthFt":12},"geometry":{"type":"MultiLineString","coordinates":[[[-73.765787,40.589243],[-73.765602,40.589267],[-73.765563,40.589306],[-73.765756,40.589405],[-73.765989,40.589336],[-73.765787,40.589243]],[[-73.767701,40.589054],[-73.76764,40.58912],[-73.76767,40.589169],[-73.767749,40.58912],[-73.767701,40.589054]],[[-73.767022,40.587576],[-73.767701,40.587923],[-73.768182,40.587948],[-73.767783,40.587762],[-73.767022,40.587576]],[[-73.76,40.586591],[-73.760566,40.58625],[-73.76,40.586146]],[[-73.760476,40.584398],[-73.760557,40.58446],[-73.760448,40.584529],[-73.760434,40.58446],[-73.760476,40.584398]],[[-73.760919,40.583688],[-73.76086,40.583966],[-73.760694,40.584161],[-73.760694,40.584033],[-73.760919,40.583688]],[[-73.960955,40.571219],[-73.961022,40.571312],[-73.961003,40.571334],[-73.960969,40.571312],[-73.960955,40.571219]],[[-73.965262,40.570029],[-73.96524,40.570108],[-73.965324,40.570156],[-73.965361,40.570046],[-73.965262,40.570029]],[[-73.966673,40.569367],[-73.966744,40.569374],[-73.966744,40.569478],[-73.966682,40.569441],[-73.966673,40.569367]],[[-73.965132,40.56912],[-73.965178,40.569213],[-73.965077,40.569256],[-73.965057,40.569182],[-73.965132,40.56912]],[[-73.965458,40.568904],[-73.965522,40.568997],[-73.965448,40.569115],[-73.965301,40.568997],[-73.965458,40.568904]],[[-73.966384,40.568873],[-73.966929,40.568853],[-73.966989,40.568904],[-73.966744,40.569005],[-73.966682,40.569196],[-73.966528,40.569045],[-73.965969,40.568966],[-73.966384,40.568873]],[[-73.965601,40.568812],[-73.965662,40.568873],[-73.96554,40.568878],[-73.965559,40.568843],[-73.965601,40.568812]],[[-73.966205,40.568472],[-73.966404,40.568461],[-73.966515,40.568503],[-73.96615,40.568503],[-73.966205,40.568472]],[[-73.966832,40.567978],[-73.967114,40.568024],[-73.967195,40.568071],[-73.966867,40.568297],[-73.966555,40.568133],[-73.966832,40.567978]],[[-73.951525,40.55841],[-73.95162,40.558416],[-73.95159,40.558557],[-73.951435,40.558585],[-73.951525,40.55841]],[[-73.953199,40.557515],[-73.953298,40.557546],[-73.953133,40.557701],[-73.953089,40.557639],[-73.953199,40.557515]],[[-73.97,40.56454],[-73.969892,40.564547],[-73.969623,40.564398],[-73.969502,40.56409],[-73.969985,40.563751],[-73.97,40.563734]],[[-73.947908,40.550448],[-73.948052,40.550602],[-73.948009,40.550858],[-73.947948,40.550754],[-73.947908,40.550448]],[[-73.947852,40.55017],[-73.947912,40.550293],[-73.947886,40.550308],[-73.947855,40.550206],[-73.947852,40.55017]],[[-73.76,40.585728],[-73.760346,40.585602],[-73.760285,40.585448],[-73.76,40.585425]],[[-73.945361,40.540077],[-73.945941,40.540213],[-73.946466,40.540666],[-73.947083,40.541018],[-73.947207,40.540962],[-73.947423,40.54143],[-73.948403,40.541806],[-73.949275,40.542623],[-73.950108,40.542991],[-73.951127,40.543899],[-73.952437,40.545756],[-73.952731,40.546532],[-73.953225,40.547328],[-73.95357,40.548287],[-73.953757,40.54838],[-73.954221,40.54946],[-73.9543,40.549954],[-73.954213,40.550046],[-73.954437,40.550324],[-73.954438,40.55088],[-73.954223,40.551312],[-73.954406,40.551404],[-73.95429,40.551497],[-73.95419,40.55196],[-73.954157,40.553503],[-73.953801,40.55412],[-73.953537,40.554954],[-73.952979,40.555941],[-73.952701,40.556101],[-73.952176,40.556931],[-73.95177,40.557299],[-73.951861,40.557515],[-73.951559,40.557669],[-73.951559,40.557859],[-73.951213,40.558133],[-73.951361,40.558256],[-73.951194,40.558534],[-73.950941,40.558529],[-73.951044,40.558657],[-73.950787,40.558739],[-73.95017,40.559254],[-73.950038,40.559182],[-73.950139,40.559052],[-73.949861,40.559214],[-73.949522,40.559161],[-73.947943,40.560046],[-73.946744,40.560442],[-73.945417,40.560455],[-73.944491,40.560242],[-73.944249,40.560077],[-73.945784,40.558256],[-73.945927,40.557762],[-73.945711,40.557731],[-73.945725,40.557639],[-73.946376,40.556651],[-73.946795,40.555756],[-73.947117,40.555386],[-73.947083,40.555035],[-73.947546,40.55409],[-73.947923,40.552392],[-73.948009,40.551152],[-73.948133,40.551714],[-73.948305,40.551003],[-73.948115,40.549398],[-73.947867,40.548472],[-73.947762,40.548438],[-73.947725,40.548657],[-73.947875,40.549645],[-73.947793,40.549782],[-73.946561,40.545478],[-73.944759,40.542485],[-73.94472,40.541651],[-73.944815,40.541127],[-73.945361,40.540077]],[[-73.94462,40.539769],[-73.944773,40.539769],[-73.944663,40.540201],[-73.94446,40.540273],[-73.944304,40.539985],[-73.94462,40.539769]],[[-73.926945,40.530756],[-73.927198,40.530818],[-73.927176,40.531075],[-73.927423,40.530937],[-73.927978,40.530871],[-73.92841,40.531089],[-73.928688,40.530999],[-73.92909,40.531203],[-73.929213,40.531088],[-73.929395,40.531219],[-73.929238,40.531373],[-73.929362,40.531466],[-73.929289,40.531559],[-73.929366,40.531775],[-73.929161,40.531806],[-73.929073,40.532022],[-73.928843,40.532165],[-73.928565,40.532207],[-73.928546,40.532392],[-73.92838,40.532403],[-73.928225,40.532581],[-73.927948,40.532637],[-73.92767,40.532529],[-73.926929,40.532835],[-73.926633,40.533133],[-73.927059,40.533133],[-73.926559,40.533424],[-73.926745,40.533688],[-73.926528,40.533776],[-73.925633,40.533365],[-73.925406,40.533071],[-73.925478,40.532793],[-73.925381,40.532608],[-73.925535,40.532052],[-73.925998,40.531157],[-73.926343,40.530924],[-73.926945,40.530756]],[[-73.927793,40.530664],[-73.927872,40.530664],[-73.92784,40.530756],[-73.927577,40.530883],[-73.927373,40.530756],[-73.927793,40.530664]],[[-73.928011,40.530633],[-73.928071,40.530602],[-73.928178,40.530664],[-73.928071,40.53069],[-73.928011,40.530633]]]}},{"type":"Feature","properties":{"depthFt":14},"geometry":{"type":"MultiLineString","coordinates":[[[-73.767361,40.587697],[-73.767694,40.587855],[-73.767764,40.587855],[-73.767609,40.587762],[-73.767361,40.587697]],[[-73.774738,40.587601],[-73.774769,40.587665],[-73.774843,40.587608],[-73.774799,40.587586],[-73.774738,40.587601]],[[-73.777959,40.585324],[-73.77804,40.585316],[-73.778087,40.585386],[-73.777978,40.585392],[-73.777959,40.585324]],[[-73.777661,40.584923],[-73.777964,40.584985],[-73.777978,40.585287],[-73.777577,40.585091],[-73.777661,40.584923]],[[-73.762689,40.583904],[-73.763023,40.584367],[-73.763009,40.584473],[-73.762834,40.584429],[-73.762541,40.584028],[-73.762689,40.583904]],[[-73.7631,40.583657],[-73.76319,40.583657],[-73.76319,40.583719],[-73.763104,40.583719],[-73.7631,40.583657]],[[-73.953673,40.569429],[-73.953736,40.56946],[-73.953719,40.569544],[-73.953656,40.569491],[-73.953673,40.569429]],[[-73.958534,40.569118],[-73.958476,40.569182],[-73.958746,40.569151],[-73.958657,40.569116],[-73.958534,40.569118]],[[-73.954182,40.569015],[-73.954182,40.569198],[-73.95429,40.569244],[-73.954275,40.569033],[-73.954182,40.569015]],[[-73.953407,40.568843],[-73.953589,40.568966],[-73.953596,40.569049],[-73.953466,40.568997],[-73.953407,40.568843]],[[-73.956867,40.568745],[-73.956775,40.568948],[-73.95708,40.568843],[-73.957022,40.568757],[-73.956867,40.568745]],[[-73.960004,40.568688],[-73.960282,40.56875],[-73.960199,40.568935],[-73.959923,40.569006],[-73.960004,40.568688]],[[-73.953113,40.568534],[-73.953189,40.568627],[-73.953088,40.568873],[-73.953357,40.568997],[-73.953318,40.569158],[-73.952927,40.569028],[-73.953017,40.568935],[-73.952814,40.568596],[-73.953113,40.568534]],[[-73.955367,40.568225],[-73.955465,40.568287],[-73.955448,40.568383],[-73.955354,40.568349],[-73.955367,40.568225]],[[-73.953138,40.568102],[-73.953233,40.568102],[-73.953225,40.568206],[-73.953164,40.568178],[-73.953138,40.568102]],[[-73.954411,40.568071],[-73.954541,40.56838],[-73.954306,40.568434],[-73.954285,40.568225],[-73.954411,40.568071]],[[-73.960484,40.567824],[-73.960655,40.567824],[-73.960448,40.567944],[-73.960333,40.567917],[-73.960484,40.567824]],[[-73.953668,40.567701],[-73.953767,40.567731],[-73.953719,40.567838],[-73.953649,40.567793],[-73.953668,40.567701]],[[-73.955196,40.567515],[-73.95529,40.567546],[-73.955262,40.567643],[-73.955198,40.567577],[-73.955196,40.567515]],[[-73.955155,40.567145],[-73.955221,40.567176],[-73.955201,40.56727],[-73.955141,40.567176],[-73.955155,40.567145]],[[-73.967978,40.566464],[-73.967886,40.566576],[-73.968131,40.566559],[-73.968071,40.566443],[-73.967978,40.566464]],[[-73.965412,40.566466],[-73.965478,40.566459],[-73.965513,40.566466],[-73.965346,40.566497],[-73.965412,40.566466]],[[-73.97,40.569195],[-73.968719,40.569583],[-73.968103,40.569985],[-73.967981,40.570386],[-73.968133,40.570722],[-73.968441,40.570874],[-73.97,40.571036]],[[-73.95483,40.554951],[-73.954733,40.555015],[-73.954738,40.555097],[-73.954807,40.555077],[-73.95483,40.554951]],[[-73.955172,40.554892],[-73.955262,40.554877],[-73.955418,40.555077],[-73.955231,40.555035],[-73.955172,40.554892]],[[-73.97,40.565136],[-73.968596,40.565076],[-73.967709,40.56483],[-73.967475,40.564336],[-73.968565,40.563074],[-73.968904,40.562778],[-73.969028,40.562854],[-73.969248,40.562762],[-73.969186,40.562639],[-73.969353,40.562299],[-73.97,40.562116]],[[-73.955212,40.554213],[-73.955324,40.554231],[-73.955262,40.554325],[-73.955201,40.554275],[-73.955212,40.554213]],[[-73.948164,40.550823],[-73.948135,40.551034],[-73.948164,40.551125],[-73.94821,40.550972],[-73.948164,40.550823]],[[-73.947948,40.549824],[-73.947899,40.550015],[-73.947978,40.550114],[-73.948008,40.549985],[-73.947948,40.549824]],[[-73.954141,40.546559],[-73.954233,40.54659],[-73.954213,40.546672],[-73.954106,40.546651],[-73.954141,40.546559]],[[-73.94483,40.539879],[-73.944734,40.540015],[-73.944799,40.540163],[-73.944934,40.539985],[-73.94483,40.539879]],[[-73.944402,40.539676],[-73.944738,40.539664],[-73.945712,40.539954],[-73.947083,40.54066],[-73.947238,40.540379],[-73.947392,40.541021],[-73.947886,40.54112],[-73.948019,40.541312],[-73.948349,40.541444],[-73.949448,40.542299],[-73.950602,40.542854],[-73.950968,40.543287],[-73.951021,40.543503],[-73.951241,40.543596],[-73.952248,40.544552],[-73.953688,40.54658],[-73.954799,40.547637],[-73.955031,40.54767],[-73.955697,40.548904],[-73.955631,40.549645],[-73.955779,40.54983],[-73.955681,40.550077],[-73.955851,40.550201],[-73.955979,40.550664],[-73.955755,40.551096],[-73.955968,40.551775],[-73.955851,40.55196],[-73.956079,40.552176],[-73.955533,40.552454],[-73.955329,40.553935],[-73.95517,40.55401],[-73.955112,40.554244],[-73.954841,40.554491],[-73.955028,40.554738],[-73.954881,40.554954],[-73.955215,40.555262],[-73.955226,40.555756],[-73.955079,40.556219],[-73.955139,40.556466],[-73.954982,40.55659],[-73.954923,40.556933],[-73.954993,40.557238],[-73.95478,40.557608],[-73.954395,40.557917],[-73.954367,40.558079],[-73.954054,40.558287],[-73.954095,40.558441],[-73.953966,40.558597],[-73.953812,40.558592],[-73.953666,40.558904],[-73.953243,40.559182],[-73.953225,40.559336],[-73.952824,40.55952],[-73.952698,40.559799],[-73.952054,40.560077],[-73.951991,40.560238],[-73.951127,40.560516],[-73.950571,40.560828],[-73.948349,40.56098],[-73.94733,40.560738],[-73.945509,40.560763],[-73.945336,40.560602],[-73.943935,40.560187],[-73.94359,40.559861],[-73.943997,40.55912],[-73.945725,40.557052],[-73.94677,40.555478],[-73.947482,40.553781],[-73.947841,40.552423],[-73.947932,40.551188],[-73.947404,40.548472],[-73.946294,40.545139],[-73.945575,40.543997],[-73.944583,40.542746],[-73.944299,40.542145],[-73.944275,40.541343],[-73.94459,40.540756],[-73.944336,40.540666],[-73.944326,40.540478],[-73.943887,40.540077],[-73.944402,40.539676]],[[-73.933022,40.534985],[-73.933256,40.534981],[-73.933645,40.53517],[-73.935059,40.536003],[-73.935556,40.536343],[-73.935664,40.536681],[-73.935077,40.536813],[-73.934151,40.536656],[-73.933654,40.536312],[-73.933156,40.535725],[-73.932962,40.535417],[-73.933022,40.534985]],[[-73.93307,40.534738],[-73.933127,40.534799],[-73.933071,40.534877],[-73.933001,40.53483],[-73.93307,40.534738]],[[-73.93272,40.532207],[-73.933028,40.532978],[-73.933085,40.533688],[-73.933009,40.533779],[-73.932841,40.533596],[-73.932669,40.53304],[-73.93272,40.532207]],[[-73.931898,40.531804],[-73.93188,40.531898],[-73.931929,40.531983],[-73.931945,40.531867],[-73.931898,40.531804]],[[-73.926791,40.529799],[-73.928349,40.529806],[-73.928423,40.529954],[-73.929552,40.530183],[-73.929909,40.530417],[-73.931003,40.530662],[-73.931343,40.530895],[-73.931806,40.531625],[-73.931991,40.531488],[-73.932168,40.53159],[-73.932327,40.531991],[-73.93234,40.533009],[-73.932556,40.533812],[-73.932439,40.534367],[-73.932299,40.534379],[-73.931188,40.533358],[-73.930633,40.533444],[-73.930293,40.533614],[-73.929923,40.533583],[-73.929695,40.53375],[-73.929757,40.533935],[-73.92952,40.534182],[-73.929536,40.534336],[-73.929277,40.534522],[-73.929592,40.534738],[-73.929164,40.534985],[-73.92952,40.535417],[-73.929336,40.535552],[-73.929028,40.535635],[-73.928835,40.535571],[-73.92875,40.535659],[-73.928513,40.535602],[-73.928629,40.535509],[-73.928596,40.535166],[-73.92838,40.535082],[-73.927948,40.535203],[-73.927515,40.535172],[-73.927422,40.535015],[-73.926696,40.534769],[-73.92663,40.534583],[-73.926312,40.534543],[-73.925355,40.534093],[-73.924992,40.533781],[-73.924673,40.532917],[-73.924808,40.53162],[-73.925017,40.531003],[-73.924924,40.530849],[-73.925077,40.530514],[-73.925664,40.530062],[-73.926791,40.529799]]]}},{"type":"Feature","properties":{"depthFt":16},"geometry":{"type":"MultiLineString","coordinates":[[[-73.763009,40.583779],[-73.762948,40.583905],[-73.763129,40.583873],[-73.763071,40.583832],[-73.763009,40.583779]],[[-73.762299,40.583748],[-73.762278,40.583781],[-73.76233,40.583859],[-73.762347,40.583781],[-73.762299,40.583748]],[[-73.76,40.584968],[-73.760756,40.583667],[-73.760664,40.583364],[-73.76,40.583301]],[[-73.97,40.569604],[-73.969242,40.569707],[-73.968688,40.569915],[-73.96845,40.57017],[-73.968657,40.570346],[-73.969769,40.570505],[-73.97,40.570499]],[[-73.956713,40.566681],[-73.956674,40.566744],[-73.956775,40.566761],[-73.956792,40.566682],[-73.956713,40.566681]],[[-73.95375,40.565605],[-73.95367,40.565849],[-73.953719,40.565932],[-73.953789,40.56588],[-73.95375,40.565605]],[[-73.96526,40.565231],[-73.965324,40.565227],[-73.965324,40.565332],[-73.965262,40.565314],[-73.96526,40.565231]],[[-73.950863,40.565077],[-73.950983,40.56517],[-73.95088,40.565306],[-73.950827,40.565231],[-73.950863,40.565077]],[[-73.97,40.560105],[-73.969936,40.560077],[-73.969861,40.560072],[-73.969923,40.56013],[-73.97,40.56011]],[[-73.969007,40.557577],[-73.969182,40.557592],[-73.969213,40.55778],[-73.968998,40.557701],[-73.969007,40.557577]],[[-73.957207,40.553349],[-73.957269,40.553431],[-73.957343,40.55341],[-73.957319,40.553349],[-73.957207,40.553349]],[[-73.95734,40.550602],[-73.957404,40.550633],[-73.957361,40.55075],[-73.957334,40.550633],[-73.95734,40.550602]],[[-73.97,40.559719],[-73.969856,40.559583],[-73.969963,40.55946],[-73.969911,40.559336],[-73.969719,40.559244],[-73.96983,40.559059],[-73.969541,40.558873],[-73.969764,40.558627],[-73.969707,40.558349],[-73.969484,40.558133],[-73.969645,40.558009],[-73.97,40.556425]],[[-73.957308,40.547762],[-73.957457,40.547855],[-73.957193,40.547917],[-73.957164,40.547886],[-73.957308,40.547762]],[[-73.952186,40.542207],[-73.952269,40.54221],[-73.952299,40.542301],[-73.952207,40.542306],[-73.952186,40.542207]],[[-73.944242,40.539583],[-73.944954,40.539658],[-73.946806,40.540238],[-73.947299,40.540168],[-73.947454,40.540872],[-73.947639,40.54067],[-73.948071,40.540706],[-73.948164,40.540875],[-73.948627,40.540994],[-73.949985,40.541826],[-73.950341,40.541898],[-73.950578,40.542207],[-73.951034,40.542473],[-73.95233,40.543615],[-73.953164,40.544618],[-73.953398,40.544738],[-73.953349,40.544966],[-73.95375,40.545108],[-73.953997,40.545553],[-73.954244,40.545526],[-73.954275,40.545773],[-73.954954,40.546057],[-73.955062,40.54625],[-73.955469,40.546435],[-73.955602,40.546629],[-73.956219,40.54683],[-73.956191,40.547083],[-73.956559,40.547343],[-73.957152,40.547546],[-73.957145,40.547645],[-73.95697,40.54767],[-73.957098,40.547978],[-73.956794,40.548225],[-73.957257,40.549028],[-73.957097,40.549676],[-73.95729,40.550571],[-73.957207,40.550758],[-73.957269,40.550853],[-73.957361,40.550808],[-73.957454,40.551026],[-73.958298,40.551219],[-73.958034,40.551497],[-73.958251,40.55159],[-73.95814,40.551744],[-73.958292,40.55196],[-73.957639,40.55233],[-73.957411,40.552608],[-73.957511,40.552855],[-73.957257,40.553071],[-73.957674,40.553194],[-73.957442,40.553349],[-73.957565,40.553565],[-73.957392,40.55373],[-73.95724,40.553688],[-73.95752,40.553966],[-73.957321,40.554182],[-73.957424,40.554336],[-73.957203,40.554614],[-73.957226,40.554799],[-73.957013,40.554954],[-73.957113,40.555108],[-73.956982,40.555941],[-73.957145,40.556217],[-73.95656,40.556065],[-73.956763,40.556312],[-73.956281,40.557666],[-73.955756,40.558303],[-73.955194,40.558534],[-73.955005,40.55909],[-73.954268,40.559985],[-73.953719,40.560229],[-73.953602,40.560448],[-73.953287,40.560686],[-73.953102,40.560685],[-73.953009,40.560834],[-73.951559,40.561345],[-73.94946,40.561539],[-73.948225,40.561419],[-73.94804,40.561504],[-73.947577,40.561412],[-73.946867,40.561471],[-73.946559,40.561357],[-73.94625,40.561442],[-73.946096,40.561344],[-73.945818,40.561476],[-73.945417,40.561269],[-73.945139,40.561274],[-73.945015,40.561405],[-73.944799,40.561266],[-73.944275,40.561293],[-73.944347,40.561127],[-73.94412,40.56102],[-73.943904,40.561105],[-73.943596,40.560992],[-73.942824,40.561042],[-73.942546,40.561302],[-73.942269,40.560834],[-73.942022,40.560935],[-73.941898,40.560861],[-73.942266,40.560478],[-73.942128,40.560324],[-73.942299,40.560236],[-73.942387,40.560015],[-73.944367,40.55805],[-73.944491,40.557787],[-73.94517,40.557155],[-73.946271,40.555818],[-73.947366,40.55375],[-73.947718,40.552577],[-73.947869,40.551219],[-73.947347,40.548472],[-73.946201,40.545139],[-73.944222,40.542608],[-73.944029,40.542114],[-73.943799,40.540787],[-73.943162,40.539923],[-73.944242,40.539583]],[[-73.92488,40.528843],[-73.925756,40.529042],[-73.927083,40.529088],[-73.929336,40.529547],[-73.929491,40.52968],[-73.930417,40.529879],[-73.931713,40.530613],[-73.931929,40.530562],[-73.932299,40.530733],[-73.933293,40.531744],[-73.933858,40.533657],[-73.934489,40.53517],[-73.93481,40.53554],[-73.935804,40.53625],[-73.936152,40.536651],[-73.936154,40.536836],[-73.935818,40.537],[-73.934552,40.537075],[-73.932207,40.536357],[-73.930602,40.536478],[-73.930231,40.536647],[-73.929923,40.536536],[-73.929583,40.536584],[-73.927269,40.535824],[-73.927138,40.535664],[-73.926141,40.535231],[-73.926063,40.535077],[-73.925466,40.534954],[-73.924247,40.534028],[-73.92384,40.533565],[-73.923789,40.533349],[-73.923599,40.533225],[-73.923376,40.532577],[-73.923061,40.532176],[-73.923174,40.531991],[-73.923115,40.531806],[-73.922794,40.531528],[-73.922956,40.531188],[-73.922874,40.531034],[-73.923011,40.53088],[-73.922866,40.530818],[-73.922868,40.530571],[-73.922382,40.530478],[-73.922763,40.530231],[-73.922599,40.530046],[-73.922701,40.529869],[-73.922871,40.52983],[-73.922676,40.529552],[-73.922731,40.529386],[-73.922821,40.529429],[-73.922756,40.529583],[-73.922917,40.529666],[-73.923212,40.52946],[-73.923164,40.529343],[-73.923028,40.529367],[-73.923071,40.529237],[-73.92341,40.529268],[-73.92338,40.529056],[-73.923596,40.529111],[-73.923657,40.528975],[-73.923866,40.528997],[-73.92359,40.529275],[-73.923688,40.52936],[-73.924059,40.528958],[-73.92483,40.528952],[-73.92488,40.528843]]]}},{"type":"Feature","properties":{"depthFt":18},"geometry":{"type":"MultiLineString","coordinates":[[[-73.76,40.584597],[-73.760151,40.584491],[-73.760184,40.584306],[-73.76,40.584286]],[[-73.959492,40.564275],[-73.95958,40.564306],[-73.959552,40.564399],[-73.959491,40.564337],[-73.959492,40.564275]],[[-73.953262,40.56409],[-73.953363,40.56409],[-73.953318,40.564203],[-73.953254,40.564182],[-73.953262,40.56409]],[[-73.955528,40.563873],[-73.955588,40.563904],[-73.95554,40.564016],[-73.955487,40.563935],[-73.955528,40.563873]],[[-73.952083,40.563873],[-73.952171,40.563904],[-73.952176,40.563966],[-73.952114,40.563954],[-73.952083,40.563873]],[[-73.96414,40.563164],[-73.964282,40.563225],[-73.964213,40.563384],[-73.96414,40.563318],[-73.96414,40.563164]],[[-73.950235,40.562176],[-73.950293,40.562168],[-73.950324,40.562251],[-73.950231,40.562243],[-73.950235,40.562176]],[[-73.96338,40.559977],[-73.963441,40.560146],[-73.963563,40.560139],[-73.963545,40.560015],[-73.96338,40.559977]],[[-73.964738,40.55912],[-73.964666,40.559213],[-73.965045,40.559151],[-73.964985,40.559098],[-73.964738,40.55912]],[[-73.964707,40.558776],[-73.964738,40.558844],[-73.964838,40.558812],[-73.964799,40.558755],[-73.964707,40.558776]],[[-73.963873,40.558774],[-73.963816,40.558904],[-73.963873,40.559011],[-73.963968,40.558873],[-73.963873,40.558774]],[[-73.964676,40.558286],[-73.964583,40.558474],[-73.964935,40.558441],[-73.964923,40.558338],[-73.964676,40.558286]],[[-73.963904,40.558065],[-73.963904,40.558146],[-73.963966,40.558191],[-73.963967,40.558102],[-73.963904,40.558065]],[[-73.959182,40.557702],[-73.959212,40.557793],[-73.95938,40.557824],[-73.959306,40.557762],[-73.959182,40.557702]],[[-73.965868,40.557639],[-73.96597,40.557639],[-73.965985,40.557731],[-73.96591,40.557734],[-73.965868,40.557639]],[[-73.965542,40.55733],[-73.965689,40.557361],[-73.965664,40.557509],[-73.96549,40.557454],[-73.965542,40.55733]],[[-73.965911,40.557269],[-73.965972,40.557246],[-73.966038,40.557299],[-73.965941,40.557346],[-73.965911,40.557269]],[[-73.966603,40.556466],[-73.966728,40.556466],[-73.966651,40.556587],[-73.966575,40.556559],[-73.966603,40.556466]],[[-73.964221,40.556034],[-73.964288,40.556034],[-73.964306,40.556113],[-73.964244,40.556123],[-73.964221,40.556034]],[[-73.963819,40.556003],[-73.963978,40.556034],[-73.963904,40.556243],[-73.963798,40.556157],[-73.963819,40.556003]],[[-73.964162,40.555509],[-73.964237,40.555571],[-73.964182,40.555626],[-73.964118,40.555571],[-73.964162,40.555509]],[[-73.959738,40.553126],[-73.959738,40.553229],[-73.959861,40.553249],[-73.959862,40.553133],[-73.959738,40.553126]],[[-73.959522,40.552379],[-73.959502,40.552485],[-73.959642,40.552454],[-73.959614,40.55237],[-73.959522,40.552379]],[[-73.959336,40.550036],[-73.959308,40.550201],[-73.959367,40.550244],[-73.959471,40.550077],[-73.959336,40.550036]],[[-73.959336,40.549736],[-73.959213,40.549761],[-73.959205,40.549799],[-73.959429,40.549738],[-73.959336,40.549736]],[[-73.951862,40.541651],[-73.951987,40.541682],[-73.952022,40.541845],[-73.951867,40.541736],[-73.951862,40.541651]],[[-73.952257,40.541281],[-73.95233,40.541289],[-73.95236,40.541404],[-73.952269,40.541388],[-73.952257,40.541281]],[[-73.95178,40.54125],[-73.951867,40.541224],[-73.951895,40.541312],[-73.951806,40.541343],[-73.95178,40.54125]],[[-73.951301,40.541188],[-73.951465,40.541188],[-73.951496,40.541281],[-73.951404,40.541323],[-73.951301,40.541188]],[[-73.95232,40.540818],[-73.952413,40.54088],[-73.952361,40.540945],[-73.952282,40.54088],[-73.95232,40.540818]],[[-73.951853,40.540509],[-73.952022,40.540556],[-73.952143,40.540725],[-73.951898,40.540717],[-73.951853,40.540509]],[[-73.76,40.58195],[-73.760324,40.582051],[-73.761713,40.582201],[-73.762639,40.582137],[-73.763318,40.582366],[-73.766188,40.582666],[-73.766373,40.582809],[-73.767041,40.582824],[-73.767392,40.582972],[-73.76804,40.583026],[-73.770355,40.583665],[-73.772269,40.58371],[-73.772358,40.583596],[-73.772343,40.583194],[-73.772454,40.583113],[-73.772515,40.583244],[-73.773012,40.583287],[-73.774261,40.583904],[-73.775293,40.584892],[-73.776404,40.585657],[-73.780015,40.587466],[-73.780682,40.58733],[-73.780262,40.587014],[-73.778966,40.586666],[-73.77804,40.586284],[-73.775932,40.584954],[-73.775252,40.584336],[-73.774369,40.583225],[-73.77446,40.582608],[-73.774676,40.5825],[-73.77489,40.58267],[-73.777485,40.583545],[-73.778904,40.584262],[-73.779522,40.584415],[-73.779812,40.584676],[-73.783596,40.586622],[-73.783489,40.586435],[-73.782626,40.585818],[-73.781021,40.58483],[-73.780356,40.58409],[-73.780633,40.584031],[-73.78292,40.584985],[-73.78588,40.585816],[-73.786497,40.585815],[-73.787886,40.586056],[-73.788952,40.585941],[-73.788318,40.585251],[-73.787858,40.585108],[-73.787448,40.584799],[-73.787454,40.584635],[-73.788194,40.584772],[-73.789554,40.585417],[-73.789886,40.585478],[-73.78843,40.58409],[-73.788225,40.583704],[-73.790395,40.584583],[-73.79196,40.585059],[-73.793133,40.584985],[-73.792648,40.584367],[-73.792793,40.584213],[-73.795448,40.584711],[-73.795071,40.58412],[-73.794503,40.583627],[-73.794552,40.583451],[-73.796497,40.584028],[-73.796127,40.583164],[-73.796219,40.583054],[-73.798688,40.583472],[-73.799275,40.583267],[-73.800108,40.583176],[-73.800633,40.582956],[-73.802207,40.583071],[-73.802276,40.583009],[-73.802102,40.58267],[-73.802145,40.582414],[-73.803873,40.582447],[-73.805558,40.581991],[-73.806188,40.581656],[-73.809861,40.580915],[-73.810849,40.580612],[-73.812052,40.580487],[-73.812207,40.580407],[-73.812299,40.580139],[-73.813904,40.579928],[-73.814306,40.579977],[-73.816157,40.579401],[-73.816898,40.579407],[-73.819004,40.578627],[-73.822392,40.57775],[-73.823194,40.577335],[-73.824244,40.57711],[-73.825912,40.576466],[-73.827762,40.576061],[-73.828318,40.575828],[-73.82909,40.575724],[-73.829182,40.575574],[-73.830913,40.575293],[-73.831127,40.575078],[-73.831685,40.57517],[-73.831651,40.574935],[-73.831806,40.574874],[-73.832361,40.575076],[-73.832485,40.574584],[-73.832793,40.574515],[-73.833346,40.574645],[-73.833343,40.574151],[-73.834398,40.573731],[-73.834923,40.573755],[-73.835448,40.573348],[-73.836898,40.57294],[-73.83733,40.572706],[-73.838195,40.572731],[-73.838188,40.572361],[-73.839151,40.572125],[-73.839398,40.571799],[-73.840972,40.571527],[-73.841435,40.571311],[-73.844923,40.570417],[-73.84626,40.570201],[-73.846651,40.569948],[-73.847978,40.56986],[-73.848256,40.569427],[-73.849213,40.569436],[-73.849213,40.569033],[-73.849336,40.569168],[-73.849541,40.569182],[-73.849735,40.569028],[-73.849676,40.568833],[-73.850201,40.568926],[-73.85017,40.568677],[-73.850417,40.568728],[-73.850571,40.568585],[-73.85125,40.568586],[-73.851373,40.568408],[-73.851744,40.568335],[-73.851851,40.568164],[-73.852207,40.568225],[-73.852639,40.567878],[-73.852893,40.567886],[-73.852917,40.567731],[-73.854137,40.567299],[-73.854491,40.5673],[-73.854429,40.566961],[-73.854769,40.566975],[-73.855509,40.566679],[-73.856034,40.566674],[-73.855972,40.566399],[-73.857238,40.566149],[-73.857269,40.56593],[-73.858071,40.56593],[-73.858102,40.565689],[-73.858596,40.56581],[-73.858596,40.565507],[-73.860553,40.564985],[-73.86125,40.564692],[-73.862949,40.564398],[-73.864359,40.56375],[-73.867793,40.562635],[-73.868071,40.562686],[-73.868194,40.56249],[-73.868534,40.562348],[-73.875355,40.560243],[-73.877423,40.559446],[-73.892515,40.554976],[-73.900633,40.552983],[-73.903759,40.551991],[-73.90733,40.550677],[-73.911034,40.549538],[-73.911991,40.549165],[-73.912067,40.548997],[-73.912269,40.548905],[-73.913194,40.548738],[-73.913285,40.548472],[-73.914028,40.548116],[-73.915077,40.547905],[-73.922207,40.545701],[-73.924244,40.545174],[-73.928662,40.54375],[-73.935108,40.542306],[-73.937392,40.541454],[-73.94017,40.540112],[-73.940592,40.540108],[-73.940787,40.539908],[-73.941096,40.539963],[-73.941713,40.53972],[-73.942299,40.539664],[-73.942446,40.539861],[-73.942525,40.540293],[-73.942731,40.540357],[-73.942823,40.540262],[-73.942701,40.539734],[-73.94341,40.539661],[-73.943812,40.539478],[-73.946281,40.539744],[-73.946497,40.539686],[-73.947022,40.539826],[-73.947145,40.539674],[-73.947515,40.540005],[-73.947762,40.539739],[-73.948006,40.540108],[-73.948194,40.540011],[-73.94869,40.540262],[-73.949523,40.541065],[-73.950161,40.541281],[-73.950085,40.541435],[-73.950478,40.541512],[-73.950509,40.541347],[-73.950602,40.541341],[-73.950541,40.541497],[-73.950801,40.541867],[-73.951347,40.54196],[-73.95196,40.542531],[-73.95212,40.542515],[-73.951991,40.542107],[-73.952299,40.542152],[-73.952435,40.542762],[-73.952852,40.543225],[-73.952824,40.543435],[-73.953159,40.543596],[-73.953222,40.543812],[-73.954199,40.544799],[-73.954923,40.544947],[-73.955293,40.544837],[-73.955812,40.544861],[-73.95608,40.545046],[-73.956037,40.545448],[-73.956127,40.545613],[-73.956497,40.545813],[-73.95733,40.545855],[-73.957577,40.546197],[-73.957948,40.546094],[-73.958538,40.54625],[-73.958554,40.546497],[-73.958961,40.546497],[-73.958966,40.546707],[-73.959276,40.546898],[-73.959293,40.547207],[-73.959589,40.547269],[-73.95922,40.547515],[-73.959517,40.54767],[-73.959113,40.547948],[-73.95933,40.54838],[-73.959492,40.548472],[-73.959067,40.548627],[-73.959367,40.54871],[-73.959423,40.548812],[-73.959295,40.549028],[-73.959551,40.549244],[-73.959491,40.549384],[-73.95932,40.549336],[-73.959571,40.549583],[-73.959442,40.549707],[-73.959657,40.549954],[-73.959539,40.550201],[-73.959584,40.550355],[-73.959421,40.550509],[-73.959738,40.550632],[-73.959681,40.550787],[-73.95983,40.550891],[-73.960539,40.550972],[-73.960583,40.551127],[-73.960417,40.551096],[-73.960386,40.551279],[-73.96074,40.551312],[-73.960572,40.551528],[-73.960986,40.551682],[-73.960941,40.551772],[-73.959923,40.552055],[-73.959988,40.552238],[-73.959721,40.552392],[-73.960135,40.552546],[-73.959941,40.552824],[-73.96024,40.552917],[-73.959948,40.553133],[-73.96001,40.55375],[-73.959899,40.553904],[-73.960171,40.554028],[-73.959917,40.554213],[-73.960123,40.55446],[-73.960003,40.554954],[-73.960303,40.555201],[-73.960235,40.555324],[-73.960342,40.555509],[-73.960324,40.555891],[-73.960478,40.555882],[-73.960705,40.556127],[-73.960664,40.556254],[-73.960368,40.556373],[-73.960339,40.556651],[-73.960429,40.556744],[-73.960325,40.556898],[-73.960777,40.557052],[-73.960756,40.557184],[-73.960478,40.557194],[-73.960324,40.557389],[-73.96017,40.557394],[-73.960081,40.557886],[-73.960324,40.557673],[-73.960414,40.557824],[-73.960108,40.558089],[-73.959481,40.557886],[-73.959614,40.558193],[-73.959998,40.558349],[-73.959799,40.558325],[-73.959558,40.558472],[-73.959626,40.558688],[-73.959483,40.558812],[-73.959664,40.55909],[-73.959552,40.559173],[-73.959522,40.559449],[-73.959336,40.559412],[-73.958704,40.559676],[-73.958472,40.560152],[-73.957762,40.560573],[-73.957269,40.5607],[-73.956991,40.560941],[-73.956065,40.56127],[-73.955818,40.561285],[-73.955868,40.561127],[-73.955664,40.561097],[-73.95483,40.561493],[-73.954491,40.561401],[-73.954275,40.561543],[-73.953812,40.56142],[-73.953318,40.561697],[-73.95304,40.561596],[-73.952762,40.561675],[-73.952639,40.561838],[-73.952454,40.561674],[-73.951559,40.561866],[-73.951188,40.561839],[-73.950941,40.561966],[-73.950231,40.561947],[-73.949892,40.562074],[-73.94909,40.562003],[-73.948812,40.562261],[-73.948596,40.562103],[-73.948194,40.56211],[-73.947948,40.562226],[-73.947793,40.562465],[-73.94767,40.562259],[-73.947361,40.56225],[-73.947031,40.562392],[-73.947278,40.562515],[-73.947269,40.562633],[-73.946519,40.562701],[-73.946422,40.562886],[-73.946516,40.563102],[-73.94662,40.563107],[-73.946593,40.562978],[-73.946682,40.562946],[-73.946836,40.563197],[-73.947299,40.563126],[-73.947355,40.563225],[-73.947269,40.563323],[-73.947423,40.563497],[-73.94761,40.563194],[-73.947789,40.563194],[-73.948071,40.563418],[-73.948225,40.563162],[-73.948318,40.563445],[-73.948534,40.563368],[-73.948719,40.563576],[-73.949074,40.563503],[-73.949213,40.56382],[-73.949614,40.56375],[-73.949738,40.563628],[-73.949923,40.563864],[-73.95017,40.563567],[-73.950213,40.563843],[-73.950355,40.563976],[-73.950725,40.563763],[-73.950828,40.563935],[-73.951096,40.564038],[-73.95125,40.563885],[-73.951713,40.563948],[-73.95196,40.564166],[-73.952762,40.564091],[-73.952855,40.564299],[-73.952978,40.564167],[-73.953102,40.564331],[-73.953441,40.564352],[-73.953565,40.564165],[-73.953688,40.564396],[-73.953873,40.564285],[-73.954028,40.564408],[-73.954151,40.564248],[-73.954583,40.564459],[-73.954645,40.564214],[-73.954892,40.564549],[-73.955036,40.564491],[-73.954892,40.564335],[-73.955386,40.564576],[-73.955725,40.564436],[-73.95591,40.564677],[-73.956096,40.564659],[-73.956312,40.564895],[-73.956991,40.564687],[-73.957978,40.564941],[-73.958318,40.56485],[-73.959182,40.564892],[-73.959429,40.564742],[-73.959769,40.564873],[-73.960094,40.564799],[-73.96017,40.564558],[-73.960324,40.564786],[-73.960571,40.564718],[-73.960941,40.564846],[-73.961151,40.564769],[-73.961065,40.564527],[-73.961343,40.564634],[-73.961404,40.564445],[-73.961528,40.564638],[-73.961544,40.56446],[-73.961724,40.564398],[-73.961744,40.564269],[-73.961867,40.564392],[-73.962299,40.564293],[-73.962886,40.563786],[-73.964244,40.563432],[-73.964459,40.562978],[-73.964357,40.562762],[-73.964491,40.562772],[-73.964585,40.562948],[-73.964834,40.562639],[-73.964663,40.562485],[-73.964296,40.562454],[-73.964412,40.562176],[-73.963997,40.562056],[-73.963503,40.561744],[-73.963318,40.561794],[-73.963215,40.561312],[-73.962917,40.561142],[-73.962997,40.560941],[-73.96274,40.560664],[-73.962793,40.559937],[-73.963177,40.560077],[-73.962686,40.559614],[-73.962917,40.55979],[-73.963131,40.559799],[-73.963133,40.559626],[-73.962884,40.559552],[-73.963349,40.559309],[-73.963519,40.559367],[-73.963719,40.559199],[-73.963626,40.558812],[-73.96397,40.558534],[-73.963935,40.558317],[-73.96375,40.558396],[-73.96351,40.558318],[-73.963503,40.557996],[-73.962694,40.557608],[-73.962801,40.556867],[-73.962956,40.55659],[-73.963071,40.55654],[-73.963534,40.55673],[-73.963935,40.557177],[-73.96428,40.557361],[-73.964306,40.557762],[-73.964508,40.557824],[-73.964497,40.558071],[-73.964676,40.558134],[-73.964851,40.558009],[-73.964679,40.557762],[-73.964787,40.557639],[-73.964769,40.557415],[-73.965224,40.557855],[-73.966003,40.557965],[-73.96662,40.557647],[-73.966898,40.557044],[-73.967269,40.556938],[-73.967978,40.557012],[-73.968045,40.556867],[-73.96781,40.556744],[-73.967917,40.556326],[-73.968094,40.556404],[-73.968133,40.556799],[-73.968406,40.55659],[-73.969006,40.555633],[-73.969059,40.554809],[-73.969228,40.554769],[-73.969828,40.553565],[-73.97,40.553422]],[[-73.942604,40.539398],[-73.942639,40.53937],[-73.94267,40.539531],[-73.942608,40.539479],[-73.942604,40.539398]],[[-73.918716,40.529985],[-73.918776,40.529985],[-73.918918,40.530015],[-73.91875,40.530053],[-73.918716,40.529985]],[[-73.919614,40.529767],[-73.919544,40.529799],[-73.919645,40.529937],[-73.91969,40.529861],[-73.919614,40.529767]],[[-73.91894,40.529645],[-73.919182,40.529673],[-73.919208,40.529707],[-73.918812,40.529707],[-73.91894,40.529645]],[[-73.920094,40.528441],[-73.92017,40.528425],[-73.920204,40.528441],[-73.920139,40.528501],[-73.920094,40.528441]],[[-73.923036,40.528256],[-73.923534,40.52835],[-73.924429,40.528263],[-73.926065,40.528509],[-73.927145,40.528806],[-73.927991,40.528781],[-73.929954,40.529283],[-73.930756,40.529653],[-73.93125,40.529724],[-73.931682,40.53001],[-73.931898,40.530009],[-73.932392,40.530271],[-73.933164,40.530817],[-73.93384,40.531528],[-73.934101,40.532299],[-73.93421,40.532361],[-73.934028,40.532566],[-73.934086,40.533133],[-73.934582,40.534552],[-73.935203,40.535448],[-73.936486,40.536651],[-73.936543,40.53696],[-73.936157,40.537207],[-73.934429,40.537329],[-73.932701,40.537051],[-73.930849,40.537167],[-73.929583,40.53704],[-73.926898,40.536199],[-73.92435,40.535015],[-73.923194,40.534306],[-73.923061,40.53409],[-73.922352,40.533904],[-73.922431,40.533719],[-73.921608,40.533225],[-73.921552,40.533071],[-73.921129,40.532917],[-73.921126,40.532731],[-73.920763,40.532454],[-73.920448,40.53234],[-73.920279,40.531898],[-73.919859,40.531806],[-73.919645,40.531525],[-73.919059,40.531475],[-73.919279,40.531281],[-73.919151,40.530557],[-73.919522,40.531219],[-73.919835,40.531096],[-73.919703,40.530664],[-73.920001,40.530571],[-73.919552,40.530452],[-73.919491,40.530252],[-73.919269,40.530139],[-73.919491,40.529985],[-73.919503,40.529861],[-73.919337,40.529676],[-73.919367,40.529454],[-73.91912,40.529486],[-73.919052,40.529398],[-73.919151,40.529246],[-73.919429,40.529301],[-73.919567,40.528904],[-73.919892,40.529011],[-73.919892,40.528854],[-73.920015,40.528771],[-73.92017,40.528913],[-73.92017,40.528777],[-73.920509,40.528832],[-73.92091,40.528558],[-73.921237,40.528688],[-73.921343,40.528407],[-73.923036,40.528256]],[[-73.97,40.528795],[-73.969923,40.528824],[-73.969926,40.528349],[-73.97,40.528222]]]}},{"type":"Feature","properties":{"depthFt":20},"geometry":{"type":"MultiLineString","coordinates":[[[-73.779367,40.583637],[-73.779497,40.583873],[-73.779645,40.583971],[-73.779429,40.583684],[-73.779367,40.583637]],[[-73.956682,40.570785],[-73.955818,40.571005],[-73.954645,40.570806],[-73.953812,40.570877],[-73.95338,40.57118],[-73.953178,40.571651],[-73.953429,40.572176],[-73.954213,40.572429],[-73.956188,40.572458],[-73.957485,40.572135],[-73.958256,40.57216],[-73.958596,40.57191],[-73.958479,40.571559],[-73.957917,40.571198],[-73.957269,40.570877],[-73.956682,40.570785]],[[-73.952485,40.562818],[-73.952428,40.562886],[-73.952515,40.56292],[-73.952532,40.562886],[-73.952485,40.562818]],[[-73.954059,40.562637],[-73.954151,40.562865],[-73.954275,40.562888],[-73.954255,40.562731],[-73.954059,40.562637]],[[-73.955972,40.562576],[-73.955902,40.562608],[-73.956098,40.56267],[-73.956102,40.562608],[-73.955972,40.562576]],[[-73.952238,40.562284],[-73.952056,40.562423],[-73.952207,40.562457],[-73.952485,40.562783],[-73.952507,40.562639],[-73.952238,40.562284]],[[-73.952423,40.562236],[-73.952426,40.562299],[-73.952608,40.562419],[-73.952577,40.562262],[-73.952423,40.562236]],[[-73.953627,40.562199],[-73.953503,40.562507],[-73.953256,40.562389],[-73.953133,40.562498],[-73.952855,40.562397],[-73.952658,40.562515],[-73.952978,40.5629],[-73.953194,40.56273],[-73.953349,40.562842],[-73.953472,40.562634],[-73.953503,40.562819],[-73.953812,40.562896],[-73.953887,40.562731],[-73.953692,40.562515],[-73.953904,40.562578],[-73.954076,40.56233],[-73.953812,40.562396],[-73.953627,40.562199]],[[-73.965781,40.552052],[-73.9659,40.552083],[-73.96588,40.552266],[-73.965785,40.552145],[-73.965781,40.552052]],[[-73.965966,40.551929],[-73.96607,40.551929],[-73.966094,40.551991],[-73.966003,40.552004],[-73.965966,40.551929]],[[-73.962885,40.549738],[-73.96307,40.549799],[-73.962978,40.549941],[-73.962639,40.54996],[-73.962524,40.549861],[-73.962885,40.549738]],[[-73.956682,40.543436],[-73.956501,40.543534],[-73.956874,40.543534],[-73.956806,40.543443],[-73.956682,40.543436]],[[-73.956008,40.543009],[-73.956065,40.543071],[-73.956003,40.543122],[-73.955948,40.543071],[-73.956008,40.543009]],[[-73.956973,40.542978],[-73.957022,40.542966],[-73.957022,40.543115],[-73.956932,40.54304],[-73.956973,40.542978]],[[-73.954948,40.542793],[-73.955014,40.542855],[-73.954954,40.54299],[-73.95488,40.542886],[-73.954948,40.542793]],[[-73.952454,40.540993],[-73.952429,40.541034],[-73.952515,40.54109],[-73.952502,40.541003],[-73.952454,40.540993]],[[-73.950941,40.540819],[-73.950924,40.540972],[-73.951003,40.541014],[-73.95106,40.54091],[-73.950941,40.540819]],[[-73.951806,40.540848],[-73.95177,40.54088],[-73.951806,40.541],[-73.951918,40.54091],[-73.951806,40.540848]],[[-73.951404,40.540462],[-73.95106,40.540664],[-73.951219,40.541006],[-73.951351,40.540972],[-73.95137,40.540725],[-73.951729,40.540633],[-73.95162,40.540462],[-73.951404,40.540462]],[[-73.950774,40.540077],[-73.95091,40.540089],[-73.950938,40.540139],[-73.950787,40.540205],[-73.950774,40.540077]],[[-73.951836,40.540071],[-73.951814,40.540201],[-73.951976,40.540262],[-73.95198,40.540139],[-73.951836,40.540071]],[[-73.940711,40.539583],[-73.94078,40.539645],[-73.940725,40.539705],[-73.940678,40.539645],[-73.940711,40.539583]],[[-73.76,40.581459],[-73.760201,40.581502],[-73.761806,40.581561],[-73.762917,40.58121],[-73.763719,40.581522],[-73.766528,40.582008],[-73.767948,40.582108],[-73.768225,40.582264],[-73.769151,40.58244],[-73.76983,40.582464],[-73.77054,40.582255],[-73.771404,40.582284],[-73.773565,40.581786],[-73.774198,40.581775],[-73.775509,40.582232],[-73.778071,40.583378],[-73.778194,40.583119],[-73.778935,40.583243],[-73.779264,40.58304],[-73.779515,40.58304],[-73.781203,40.583812],[-73.78162,40.584103],[-73.783349,40.584762],[-73.784275,40.584952],[-73.784985,40.584902],[-73.786898,40.585666],[-73.78804,40.585857],[-73.788336,40.585694],[-73.7859,40.584028],[-73.785614,40.583781],[-73.785602,40.583573],[-73.785818,40.583504],[-73.786188,40.583601],[-73.789182,40.585109],[-73.787848,40.583997],[-73.787409,40.583194],[-73.787392,40.582884],[-73.791528,40.584524],[-73.792007,40.584552],[-73.791224,40.583873],[-73.790437,40.583009],[-73.790417,40.582858],[-73.790725,40.582867],[-73.79233,40.583508],[-73.79304,40.583552],[-73.793287,40.583774],[-73.794676,40.584277],[-73.79375,40.583423],[-73.79356,40.583009],[-73.793565,40.582817],[-73.793966,40.582761],[-73.794892,40.582913],[-73.794402,40.582176],[-73.794522,40.581909],[-73.795355,40.58197],[-73.797701,40.582859],[-73.797729,40.582762],[-73.797063,40.582114],[-73.796762,40.58159],[-73.79799,40.582145],[-73.798441,40.582801],[-73.798657,40.582651],[-73.798935,40.582715],[-73.800077,40.582414],[-73.801466,40.582664],[-73.801426,40.582392],[-73.800647,40.581497],[-73.800397,40.581404],[-73.800231,40.581084],[-73.800694,40.580965],[-73.801404,40.581085],[-73.801498,40.581157],[-73.801343,40.581301],[-73.802357,40.581713],[-73.80345,40.581867],[-73.804522,40.581576],[-73.804707,40.58145],[-73.804676,40.58129],[-73.805324,40.580924],[-73.80591,40.580891],[-73.807114,40.580419],[-73.809059,40.580038],[-73.809707,40.579653],[-73.81054,40.579649],[-73.811003,40.579502],[-73.811775,40.579787],[-73.811744,40.579037],[-73.812145,40.579233],[-73.812731,40.579146],[-73.813071,40.579264],[-73.813071,40.578969],[-73.813873,40.579116],[-73.814769,40.578866],[-73.815231,40.578549],[-73.815415,40.578904],[-73.815602,40.578952],[-73.815633,40.578574],[-73.816065,40.578713],[-73.816404,40.578677],[-73.818349,40.578057],[-73.818966,40.577738],[-73.819738,40.577652],[-73.820324,40.57739],[-73.821559,40.577214],[-73.822114,40.576972],[-73.822608,40.57701],[-73.822701,40.576591],[-73.824182,40.576499],[-73.824799,40.576085],[-73.82524,40.576003],[-73.825694,40.575743],[-73.826435,40.575691],[-73.82696,40.575777],[-73.826898,40.575405],[-73.827361,40.575574],[-73.827793,40.575314],[-73.828349,40.575368],[-73.828318,40.575136],[-73.828503,40.575039],[-73.829059,40.575111],[-73.829583,40.57482],[-73.830355,40.574892],[-73.830371,40.574707],[-73.830602,40.574501],[-73.831157,40.574726],[-73.831065,40.574212],[-73.83159,40.574279],[-73.83196,40.574485],[-73.831841,40.574028],[-73.832176,40.573817],[-73.832909,40.574182],[-73.83277,40.573781],[-73.832824,40.573638],[-73.833194,40.573561],[-73.833719,40.573229],[-73.834182,40.573245],[-73.834769,40.572652],[-73.834985,40.572676],[-73.835231,40.572492],[-73.835787,40.572422],[-73.836281,40.572525],[-73.836207,40.572176],[-73.836404,40.572166],[-73.836435,40.57198],[-73.836775,40.57212],[-73.836721,40.57196],[-73.836806,40.571929],[-73.83767,40.572216],[-73.837466,40.571682],[-73.837608,40.571612],[-73.837978,40.571762],[-73.838173,40.571559],[-73.838472,40.571564],[-73.838887,40.571127],[-73.839306,40.571189],[-73.839398,40.570989],[-73.841898,40.570485],[-73.842361,40.570286],[-73.842691,40.570324],[-73.84446,40.569856],[-73.845077,40.569871],[-73.84517,40.569731],[-73.845818,40.569867],[-73.845731,40.569552],[-73.846012,40.569614],[-73.846281,40.56944],[-73.847083,40.569376],[-73.847485,40.56951],[-73.847383,40.569151],[-73.847731,40.569232],[-73.847855,40.569026],[-73.848164,40.568884],[-73.848565,40.569011],[-73.848505,40.568781],[-73.848639,40.568688],[-73.848637,40.568441],[-73.848997,40.568491],[-73.848966,40.568191],[-73.849623,40.568472],[-73.849429,40.567977],[-73.849985,40.568182],[-73.850111,40.568164],[-73.850108,40.567964],[-73.850664,40.56813],[-73.850815,40.567855],[-73.851096,40.567866],[-73.851312,40.567692],[-73.851612,40.56767],[-73.851939,40.567454],[-73.85196,40.567214],[-73.852213,40.567269],[-73.852223,40.567114],[-73.852499,40.567145],[-73.852554,40.567022],[-73.853164,40.566881],[-73.853955,40.566898],[-73.853593,40.566497],[-73.853534,40.566289],[-73.85409,40.566528],[-73.854151,40.56632],[-73.854635,40.56625],[-73.854583,40.566027],[-73.855422,40.56625],[-73.855046,40.565658],[-73.855417,40.56576],[-73.856157,40.565613],[-73.856682,40.565764],[-73.856515,40.565448],[-73.85662,40.565295],[-73.857577,40.565449],[-73.857577,40.565015],[-73.857978,40.565263],[-73.857834,40.565077],[-73.857926,40.564923],[-73.862052,40.563696],[-73.863102,40.563126],[-73.8649,40.562454],[-73.865262,40.562183],[-73.865509,40.562215],[-73.867238,40.561685],[-73.867577,40.561734],[-73.867731,40.561474],[-73.882145,40.557155],[-73.882269,40.557041],[-73.884028,40.556836],[-73.886065,40.556312],[-73.888596,40.555366],[-73.899861,40.552498],[-73.903133,40.551481],[-73.904491,40.55091],[-73.906466,40.550291],[-73.909151,40.549794],[-73.90946,40.549551],[-73.91054,40.549295],[-73.911127,40.548979],[-73.911553,40.548904],[-73.911059,40.548256],[-73.911884,40.54841],[-73.912567,40.548688],[-73.912758,40.548503],[-73.912169,40.547824],[-73.912238,40.547617],[-73.914707,40.54771],[-73.914887,40.547608],[-73.914923,40.547432],[-73.915796,40.54733],[-73.91662,40.54702],[-73.923565,40.545139],[-73.924837,40.544645],[-73.926684,40.544182],[-73.927454,40.543838],[-73.934985,40.542111],[-73.93754,40.541188],[-73.940231,40.539982],[-73.940602,40.540046],[-73.940756,40.539859],[-73.941127,40.539891],[-73.941775,40.539522],[-73.942114,40.539537],[-73.942238,40.539436],[-73.942485,40.539603],[-73.942608,40.53928],[-73.942824,40.539584],[-73.943657,40.539345],[-73.945972,40.539372],[-73.946343,40.539289],[-73.946836,40.539436],[-73.947176,40.539407],[-73.947454,40.539561],[-73.948225,40.539509],[-73.948781,40.539898],[-73.948852,40.540077],[-73.949336,40.540253],[-73.949507,40.540448],[-73.950139,40.540768],[-73.950479,40.540725],[-73.950818,40.540303],[-73.951182,40.540386],[-73.951066,40.539985],[-73.951713,40.539951],[-73.951929,40.539791],[-73.952361,40.539884],[-73.95255,40.54017],[-73.952459,40.540386],[-73.952949,40.541034],[-73.952692,40.541404],[-73.952917,40.541491],[-73.953225,40.54139],[-73.953454,40.541744],[-73.953337,40.54233],[-73.953398,40.542762],[-73.953599,40.542948],[-73.953582,40.543102],[-73.954244,40.543474],[-73.954398,40.54331],[-73.954522,40.543485],[-73.954655,40.54341],[-73.954645,40.54317],[-73.954923,40.543425],[-73.95517,40.543396],[-73.955201,40.543189],[-73.954808,40.543225],[-73.955293,40.542988],[-73.955478,40.543092],[-73.955787,40.54306],[-73.955686,40.543256],[-73.955787,40.543366],[-73.956343,40.543269],[-73.956219,40.543007],[-73.956383,40.543071],[-73.956528,40.543441],[-73.95659,40.543239],[-73.957052,40.543208],[-73.957221,40.543565],[-73.95743,40.543688],[-73.957299,40.543894],[-73.957739,40.543997],[-73.957459,40.544213],[-73.957917,40.544338],[-73.958071,40.544227],[-73.958184,40.544275],[-73.957917,40.544448],[-73.957948,40.544523],[-73.959106,40.544552],[-73.959429,40.545098],[-73.95983,40.545232],[-73.960231,40.545567],[-73.96094,40.546404],[-73.960787,40.546668],[-73.961148,40.547145],[-73.961168,40.547577],[-73.960762,40.547824],[-73.960998,40.547917],[-73.960923,40.548133],[-73.961308,40.548596],[-73.961138,40.548843],[-73.961323,40.549244],[-73.961513,40.549398],[-73.961682,40.549829],[-73.962098,40.550046],[-73.961967,40.550201],[-73.96233,40.550306],[-73.962415,40.550448],[-73.962311,40.55054],[-73.962392,40.550567],[-73.963225,40.550485],[-73.963503,40.550577],[-73.964275,40.550497],[-73.965324,40.550554],[-73.965602,40.550777],[-73.966065,40.550817],[-73.966404,40.55115],[-73.966528,40.551038],[-73.966817,40.551127],[-73.96662,40.551275],[-73.964831,40.55162],[-73.965174,40.551744],[-73.96517,40.551911],[-73.965386,40.551846],[-73.965756,40.552368],[-73.966312,40.552428],[-73.966497,40.552759],[-73.966929,40.552644],[-73.966991,40.552853],[-73.967022,40.552573],[-73.967485,40.552877],[-73.968071,40.55291],[-73.968349,40.552752],[-73.968476,40.552423],[-73.968306,40.552238],[-73.968512,40.552145],[-73.968478,40.551929],[-73.968657,40.551828],[-73.968904,40.551915],[-73.969028,40.551707],[-73.969487,40.551404],[-73.969584,40.551188],[-73.969258,40.550941],[-73.96961,40.550664],[-73.97,40.550076]],[[-73.942447,40.53909],[-73.942608,40.539087],[-73.942634,40.539213],[-73.942485,40.539162],[-73.942447,40.53909]],[[-73.916275,40.531188],[-73.916375,40.53125],[-73.916281,40.531366],[-73.916208,40.531281],[-73.916275,40.531188]],[[-73.914738,40.529522],[-73.914914,40.529769],[-73.914676,40.529856],[-73.91464,40.529769],[-73.914738,40.529522]],[[-73.918904,40.528192],[-73.918834,40.528287],[-73.91903,40.528225],[-73.918997,40.528174],[-73.918904,40.528192]],[[-73.919861,40.527865],[-73.919765,40.527978],[-73.919799,40.528023],[-73.919944,40.527948],[-73.919861,40.527865]],[[-73.923006,40.527639],[-73.923472,40.527852],[-73.924151,40.527758],[-73.924491,40.52798],[-73.92483,40.527875],[-73.92517,40.527925],[-73.925478,40.52814],[-73.925694,40.528041],[-73.925972,40.528077],[-73.926373,40.528297],[-73.926651,40.528231],[-73.92804,40.528597],[-73.928904,40.528559],[-73.929645,40.528903],[-73.930694,40.529098],[-73.930849,40.529279],[-73.931806,40.529664],[-73.933046,40.530386],[-73.933986,40.531065],[-73.934863,40.532145],[-73.934889,40.53267],[-73.934676,40.533164],[-73.934947,40.534429],[-73.935507,40.535355],[-73.936804,40.536744],[-73.936874,40.537114],[-73.936466,40.537369],[-73.935139,40.537524],[-73.932701,40.537453],[-73.931775,40.537607],[-73.930478,40.537525],[-73.926991,40.536809],[-73.923441,40.535485],[-73.923225,40.53564],[-73.923409,40.535478],[-73.922948,40.535175],[-73.921672,40.534707],[-73.921611,40.534552],[-73.921003,40.534408],[-73.920676,40.534059],[-73.919387,40.533565],[-73.919275,40.533343],[-73.918318,40.532937],[-73.917855,40.532579],[-73.91754,40.532577],[-73.917269,40.532337],[-73.916588,40.532269],[-73.917001,40.532022],[-73.916841,40.531343],[-73.916617,40.531003],[-73.916694,40.530849],[-73.916898,40.53072],[-73.917343,40.531065],[-73.917052,40.531175],[-73.917021,40.531281],[-73.917278,40.531898],[-73.917485,40.531908],[-73.917352,40.531373],[-73.917433,40.531127],[-73.918684,40.530139],[-73.917577,40.529194],[-73.917238,40.529265],[-73.916188,40.530065],[-73.915747,40.529738],[-73.915478,40.529352],[-73.915488,40.529676],[-73.915345,40.529738],[-73.915246,40.529645],[-73.915221,40.529059],[-73.915571,40.529142],[-73.915593,40.528565],[-73.915941,40.528859],[-73.916219,40.528715],[-73.916157,40.528333],[-73.916497,40.528623],[-73.91662,40.528248],[-73.916836,40.528425],[-73.917238,40.528392],[-73.917275,40.528102],[-73.918009,40.528147],[-73.918225,40.527946],[-73.918503,40.528035],[-73.918688,40.527971],[-73.918812,40.528118],[-73.91912,40.527879],[-73.919861,40.527848],[-73.920139,40.527684],[-73.920448,40.52771],[-73.920517,40.527917],[-73.920664,40.527957],[-73.921096,40.527666],[-73.921497,40.527683],[-73.921682,40.527858],[-73.921929,40.5277],[-73.922886,40.527732],[-73.923006,40.527639]],[[-73.97,40.529055],[-73.96983,40.529115],[-73.96946,40.528935],[-73.969489,40.528102],[-73.969653,40.527577],[-73.969873,40.527269],[-73.97,40.526788]],[[-73.97,40.525997],[-73.969968,40.525849],[-73.97,40.525735]],[[-73.97,40.525541],[-73.969869,40.525324],[-73.969429,40.525297],[-73.969386,40.525]]]}},{"type":"Feature","properties":{"depthFt":30},"geometry":{"type":"MultiLineString","coordinates":[[[-73.764306,40.573657],[-73.764242,40.573688],[-73.764306,40.573806],[-73.764359,40.573719],[-73.764306,40.573657]],[[-73.76159,40.5735],[-73.76158,40.573565],[-73.76162,40.57363],[-73.761672,40.573534],[-73.76159,40.5735]],[[-73.761991,40.5735],[-73.76196,40.573564],[-73.76209,40.573534],[-73.762017,40.573503],[-73.761991,40.5735]],[[-73.765845,40.573472],[-73.765878,40.573627],[-73.765818,40.573711],[-73.765764,40.573627],[-73.765845,40.573472]],[[-73.78124,40.572546],[-73.781318,40.572639],[-73.78125,40.572718],[-73.781195,40.57267],[-73.78124,40.572546]],[[-73.78307,40.571867],[-73.783133,40.571855],[-73.783225,40.572085],[-73.783133,40.572077],[-73.78307,40.571867]],[[-73.782468,40.571867],[-73.782577,40.571869],[-73.782614,40.571929],[-73.782457,40.57196],[-73.782468,40.571867]],[[-73.791266,40.570478],[-73.791343,40.570495],[-73.791343,40.570588],[-73.791281,40.570542],[-73.791266,40.570478]],[[-73.813781,40.567403],[-73.813759,40.567577],[-73.813912,40.56767],[-73.813853,40.567423],[-73.813781,40.567403]],[[-73.819707,40.56683],[-73.81969,40.566898],[-73.819707,40.566946],[-73.81975,40.566867],[-73.819707,40.56683]],[[-73.817485,40.566192],[-73.817509,40.566497],[-73.817655,40.56662],[-73.81758,40.566312],[-73.817485,40.566192]],[[-73.820058,40.565231],[-73.820212,40.565262],[-73.820201,40.565461],[-73.82006,40.565355],[-73.820058,40.565231]],[[-73.814828,40.564429],[-73.814954,40.564414],[-73.815262,40.564755],[-73.814883,40.56483],[-73.814828,40.564429]],[[-73.839491,40.559813],[-73.839552,40.559936],[-73.839621,40.559954],[-73.839583,40.559884],[-73.839491,40.559813]],[[-73.840126,40.557886],[-73.840377,40.558102],[-73.840448,40.558461],[-73.840293,40.558358],[-73.840126,40.557886]],[[-73.844117,40.556836],[-73.844304,40.556898],[-73.844342,40.556991],[-73.844161,40.556929],[-73.844117,40.556836]],[[-73.842974,40.556343],[-73.843164,40.556345],[-73.843967,40.557022],[-73.844059,40.557716],[-73.843514,40.557361],[-73.843481,40.557207],[-73.843596,40.557154],[-73.843914,40.557361],[-73.843596,40.557142],[-73.842974,40.556343]],[[-73.852392,40.553489],[-73.852181,40.553596],[-73.852191,40.553657],[-73.852476,40.553596],[-73.852392,40.553489]],[[-73.85341,40.553408],[-73.853334,40.553441],[-73.85338,40.553522],[-73.853459,40.553472],[-73.85341,40.553408]],[[-73.853287,40.553218],[-73.853226,40.553287],[-73.853228,40.553349],[-73.85341,40.553287],[-73.853287,40.553218]],[[-73.839591,40.552485],[-73.839676,40.552468],[-73.83972,40.552546],[-73.839614,40.55259],[-73.839591,40.552485]],[[-73.850091,40.551435],[-73.850201,40.551499],[-73.850208,40.55159],[-73.85014,40.551559],[-73.850091,40.551435]],[[-73.945478,40.550898],[-73.945431,40.551034],[-73.945509,40.551105],[-73.945575,40.551003],[-73.945478,40.550898]],[[-73.852859,40.550694],[-73.85298,40.550787],[-73.852978,40.550893],[-73.852905,40.550849],[-73.852859,40.550694]],[[-73.853953,40.550664],[-73.854028,40.550688],[-73.854028,40.550759],[-73.853966,40.55074],[-73.853953,40.550664]],[[-73.85502,40.550139],[-73.855077,40.550131],[-73.855141,40.550201],[-73.855046,40.550215],[-73.85502,40.550139]],[[-73.864984,40.54733],[-73.865139,40.547398],[-73.865139,40.547508],[-73.864981,40.547515],[-73.864984,40.54733]],[[-73.865633,40.547145],[-73.865756,40.547174],[-73.865787,40.547299],[-73.865633,40.547306],[-73.865633,40.547145]],[[-73.867315,40.546651],[-73.867423,40.546669],[-73.867477,40.546806],[-73.867323,40.546806],[-73.867315,40.546651]],[[-73.872157,40.544707],[-73.872454,40.54473],[-73.872546,40.545003],[-73.871898,40.545364],[-73.87163,40.545015],[-73.87161,40.544799],[-73.872157,40.544707]],[[-73.887886,40.54396],[-73.887622,40.54409],[-73.887634,40.544182],[-73.887824,40.544226],[-73.888089,40.54409],[-73.887886,40.54396]],[[-73.885139,40.543396],[-73.885027,40.543503],[-73.885077,40.543597],[-73.885239,40.543472],[-73.885139,40.543396]],[[-73.964552,40.540877],[-73.964552,40.540998],[-73.964614,40.541005],[-73.964643,40.54091],[-73.964552,40.540877]],[[-73.91947,40.539614],[-73.919564,40.539614],[-73.919586,40.539707],[-73.919491,40.53971],[-73.91947,40.539614]],[[-73.938674,40.537762],[-73.93875,40.537755],[-73.93881,40.537793],[-73.938688,40.537862],[-73.938674,40.537762]],[[-73.93875,40.536866],[-73.93857,40.537022],[-73.938838,40.537423],[-73.938812,40.537616],[-73.938287,40.537356],[-73.938282,40.537608],[-73.938102,40.537741],[-73.931991,40.538961],[-73.93054,40.539158],[-73.926775,40.540184],[-73.926293,40.540509],[-73.926836,40.54053],[-73.927238,40.540838],[-73.927948,40.540782],[-73.928935,40.541181],[-73.929738,40.541168],[-73.929923,40.541075],[-73.930201,40.541182],[-73.931096,40.541213],[-73.931435,40.541123],[-73.93162,40.541202],[-73.933287,40.5411],[-73.93662,40.540343],[-73.937639,40.539874],[-73.93821,40.539244],[-73.939028,40.538875],[-73.93909,40.538686],[-73.939433,40.53875],[-73.939453,40.538534],[-73.939182,40.538289],[-73.939213,40.538108],[-73.938982,40.537608],[-73.939182,40.537507],[-73.939367,40.537672],[-73.939896,40.53767],[-73.939676,40.537386],[-73.939367,40.537471],[-73.939168,40.537176],[-73.93875,40.536866]],[[-73.948904,40.536008],[-73.948863,40.536065],[-73.948873,40.536126],[-73.94896,40.536065],[-73.948904,40.536008]],[[-73.949151,40.535566],[-73.949172,40.53591],[-73.949512,40.535849],[-73.94946,40.535687],[-73.949151,40.535566]],[[-73.951466,40.535206],[-73.951469,40.535293],[-73.951599,40.535355],[-73.95159,40.535234],[-73.951466,40.535206]],[[-73.946018,40.535231],[-73.946188,40.53524],[-73.946233,40.535324],[-73.946157,40.535357],[-73.946018,40.535231]],[[-73.903855,40.535108],[-73.904059,40.535111],[-73.904246,40.535478],[-73.904213,40.535646],[-73.904006,40.535509],[-73.903855,40.535108]],[[-73.90452,40.535046],[-73.904739,40.535262],[-73.904707,40.535376],[-73.904583,40.535304],[-73.90452,40.535046]],[[-73.952145,40.535021],[-73.951806,40.535052],[-73.951665,40.53517],[-73.951787,40.535262],[-73.951744,40.535568],[-73.95196,40.53558],[-73.952211,40.535293],[-73.952145,40.535021]],[[-73.945324,40.535015],[-73.945108,40.535132],[-73.945111,40.535231],[-73.945633,40.535521],[-73.945972,40.535489],[-73.946219,40.535641],[-73.946593,40.535417],[-73.946343,40.535011],[-73.94591,40.53523],[-73.94554,40.535008],[-73.945324,40.535015]],[[-73.905664,40.534682],[-73.90562,40.534985],[-73.905725,40.53521],[-73.905941,40.535229],[-73.90601,40.535139],[-73.905664,40.534682]],[[-73.946003,40.534706],[-73.945944,40.534769],[-73.946088,40.534861],[-73.946065,40.534751],[-73.946003,40.534706]],[[-73.952176,40.534674],[-73.952151,40.534769],[-73.952207,40.534806],[-73.952263,40.534738],[-73.952176,40.534674]],[[-73.951651,40.534658],[-73.951595,40.534799],[-73.951775,40.534827],[-73.951763,40.534738],[-73.951651,40.534658]],[[-73.951065,40.534395],[-73.951096,40.534463],[-73.951172,40.534429],[-73.951157,40.53439],[-73.951065,40.534395]],[[-73.946744,40.534322],[-73.946767,40.534614],[-73.94625,40.534521],[-73.946126,40.534583],[-73.946528,40.534594],[-73.946929,40.535122],[-73.947269,40.535017],[-73.947468,40.535386],[-73.947793,40.535426],[-73.947917,40.53563],[-73.948534,40.535735],[-73.948884,40.535448],[-73.948911,40.535201],[-73.948657,40.535132],[-73.948318,40.534842],[-73.947546,40.534556],[-73.947392,40.534755],[-73.947238,40.534753],[-73.947153,40.534645],[-73.947221,40.534491],[-73.946744,40.534322]],[[-73.950324,40.533654],[-73.950208,40.533843],[-73.9505,40.533904],[-73.950509,40.533803],[-73.950324,40.533654]],[[-73.897634,40.533472],[-73.897729,40.533503],[-73.897762,40.533634],[-73.897639,40.533587],[-73.897634,40.533472]],[[-73.94909,40.533156],[-73.94909,40.533238],[-73.949151,40.533272],[-73.949178,40.533194],[-73.94909,40.533156]],[[-73.8978,40.533071],[-73.898318,40.533247],[-73.898441,40.533614],[-73.898194,40.533545],[-73.8978,40.533071]],[[-73.897793,40.532107],[-73.897742,40.532207],[-73.897824,40.532262],[-73.897874,40.532176],[-73.897793,40.532107]],[[-73.907917,40.531835],[-73.907339,40.532083],[-73.906466,40.532714],[-73.906034,40.532465],[-73.905667,40.532577],[-73.905108,40.532975],[-73.904769,40.53285],[-73.904841,40.533256],[-73.90524,40.533657],[-73.905262,40.534207],[-73.905725,40.534418],[-73.906867,40.533666],[-73.907299,40.533922],[-73.908009,40.533725],[-73.909199,40.532793],[-73.909209,40.53267],[-73.908425,40.532052],[-73.908102,40.531821],[-73.907917,40.531835]],[[-73.897114,40.53174],[-73.897269,40.532183],[-73.897448,40.532176],[-73.897431,40.532114],[-73.897114,40.53174]],[[-73.894417,40.530849],[-73.894707,40.531056],[-73.894676,40.531269],[-73.894522,40.531139],[-73.894417,40.530849]],[[-73.895045,40.530201],[-73.895799,40.531312],[-73.896188,40.532224],[-73.89597,40.532176],[-73.895633,40.531287],[-73.895293,40.53117],[-73.895102,40.53091],[-73.894875,40.530262],[-73.895045,40.530201]],[[-73.898071,40.530199],[-73.898022,40.530262],[-73.898164,40.530277],[-73.898164,40.530209],[-73.898071,40.530199]],[[-73.915571,40.529791],[-73.914614,40.530046],[-73.913657,40.530753],[-73.913194,40.530462],[-73.912737,40.530571],[-73.91159,40.531393],[-73.911096,40.531079],[-73.91091,40.531095],[-73.909788,40.53196],[-73.910941,40.532846],[-73.912114,40.532005],[-73.912692,40.53233],[-73.913194,40.532183],[-73.914151,40.531467],[-73.914614,40.531739],[-73.915535,40.531528],[-73.916696,40.530694],[-73.915571,40.529791]],[[-73.897914,40.529398],[-73.897948,40.529483],[-73.897855,40.529517],[-73.897843,40.52946],[-73.897914,40.529398]],[[-73.917423,40.529259],[-73.916343,40.530108],[-73.917454,40.530952],[-73.918566,40.530108],[-73.917423,40.529259]],[[-73.899275,40.528934],[-73.898966,40.529144],[-73.898935,40.529383],[-73.899275,40.529014],[-73.899275,40.528934]],[[-73.936653,40.527917],[-73.936898,40.527898],[-73.936969,40.52804],[-73.936898,40.528111],[-73.936653,40.527917]],[[-73.936065,40.527818],[-73.936107,40.527886],[-73.936202,40.527886],[-73.936188,40.527815],[-73.936065,40.527818]],[[-73.937793,40.527513],[-73.937731,40.527564],[-73.937731,40.527599],[-73.937826,40.527577],[-73.937793,40.527513]],[[-73.900607,40.527269],[-73.900694,40.527292],[-73.900694,40.527343],[-73.900602,40.527344],[-73.900607,40.527269]],[[-73.899952,40.527176],[-73.89999,40.527299],[-73.899892,40.52739],[-73.89984,40.52733],[-73.899952,40.527176]],[[-73.933906,40.526991],[-73.93397,40.526991],[-73.933972,40.527052],[-73.933862,40.527052],[-73.933906,40.526991]],[[-73.97,40.529751],[-73.969429,40.529929],[-73.968781,40.529833],[-73.968164,40.529598],[-73.96792,40.529429],[-73.967701,40.529059],[-73.967704,40.528781],[-73.96756,40.528688],[-73.967785,40.528318],[-73.96775,40.527639],[-73.966611,40.527022],[-73.965849,40.526952],[-73.965015,40.527369],[-73.964985,40.527641],[-73.964645,40.527695],[-73.964587,40.527855],[-73.964722,40.527948],[-73.964637,40.528071],[-73.964491,40.527997],[-73.964143,40.528102],[-73.964191,40.52841],[-73.96387,40.529059],[-73.963472,40.529583],[-73.962852,40.530046],[-73.962832,40.530231],[-73.962306,40.530664],[-73.961559,40.530851],[-73.960077,40.53147],[-73.958626,40.533102],[-73.958407,40.533565],[-73.958514,40.534799],[-73.958706,40.535108],[-73.958905,40.536003],[-73.95913,40.536497],[-73.959552,40.536894],[-73.959522,40.537097],[-73.960217,40.537793],[-73.960753,40.538133],[-73.960818,40.538336],[-73.960972,40.538397],[-73.961117,40.538318],[-73.961306,40.538657],[-73.961466,40.538638],[-73.961651,40.538881],[-73.962083,40.538879],[-73.962201,40.539182],[-73.963071,40.539437],[-73.963298,40.539799],[-73.963927,40.540262],[-73.96412,40.540601],[-73.964738,40.54073],[-73.964771,40.540972],[-73.964892,40.541041],[-73.96552,40.540694],[-73.965571,40.540434],[-73.965833,40.540231],[-73.965688,40.540015],[-73.965753,40.539799],[-73.966159,40.539614],[-73.966411,40.53912],[-73.966603,40.538966],[-73.966583,40.538812],[-73.966867,40.538798],[-73.967024,40.538534],[-73.966561,40.537886],[-73.966452,40.537454],[-73.966109,40.537238],[-73.966052,40.537022],[-73.965752,40.536836],[-73.965628,40.536559],[-73.96517,40.536232],[-73.965046,40.535982],[-73.964645,40.535976],[-73.964681,40.535725],[-73.965633,40.534637],[-73.966003,40.534472],[-73.966312,40.534508],[-73.967113,40.53412],[-73.967392,40.533804],[-73.967948,40.532616],[-73.968356,40.53267],[-73.969706,40.533935],[-73.97,40.534079]],[[-73.937948,40.526832],[-73.937799,40.526898],[-73.93779,40.526929],[-73.937948,40.526936],[-73.937948,40.526832]],[[-73.938071,40.526695],[-73.938031,40.526744],[-73.93804,40.526786],[-73.938119,40.526744],[-73.938071,40.526695]],[[-73.936024,40.526651],[-73.936164,40.526713],[-73.936065,40.526894],[-73.935967,40.526806],[-73.936024,40.526651]],[[-73.901512,40.526466],[-73.901593,40.526528],[-73.901371,40.526867],[-73.901167,40.526898],[-73.901193,40.526682],[-73.901512,40.526466]],[[-73.934103,40.526343],[-73.934244,40.526367],[-73.93426,40.526497],[-73.933997,40.526802],[-73.933873,40.526809],[-73.933812,40.52662],[-73.934103,40.526343]],[[-73.931414,40.526312],[-73.931499,40.526312],[-73.931512,40.526404],[-73.931418,40.526404],[-73.931414,40.526312]],[[-73.933562,40.526096],[-73.933627,40.526091],[-73.933659,40.526157],[-73.933565,40.526173],[-73.933562,40.526096]],[[-73.901907,40.526065],[-73.901998,40.526096],[-73.901855,40.526157],[-73.901847,40.526127],[-73.901907,40.526065]],[[-73.932668,40.525849],[-73.932759,40.525849],[-73.932762,40.525908],[-73.93267,40.525931],[-73.932668,40.525849]],[[-73.933561,40.525756],[-73.933724,40.525818],[-73.933627,40.525962],[-73.933516,40.52591],[-73.933561,40.525756]],[[-73.936902,40.525725],[-73.93697,40.525725],[-73.93696,40.525792],[-73.936868,40.525787],[-73.936902,40.525725]],[[-73.903596,40.525716],[-73.903596,40.525933],[-73.903781,40.525923],[-73.903879,40.525787],[-73.903596,40.525716]],[[-73.937344,40.525694],[-73.93767,40.525756],[-73.93765,40.525941],[-73.937485,40.526099],[-73.937251,40.525972],[-73.937344,40.525694]],[[-73.933736,40.52554],[-73.933904,40.525531],[-73.933941,40.525633],[-73.93375,40.525716],[-73.933736,40.52554]],[[-73.93484,40.525231],[-73.935003,40.525293],[-73.93482,40.526003],[-73.935042,40.526281],[-73.93514,40.52662],[-73.935046,40.526725],[-73.934668,40.526466],[-73.934775,40.526281],[-73.934672,40.526157],[-73.934686,40.525417],[-73.93484,40.525231]],[[-73.937563,40.52517],[-73.938009,40.525315],[-73.938028,40.525478],[-73.937392,40.525603],[-73.937409,40.525231],[-73.937563,40.52517]],[[-73.935923,40.525108],[-73.936188,40.525097],[-73.936321,40.525231],[-73.935972,40.525391],[-73.935873,40.525262],[-73.935923,40.525108]],[[-73.915972,40.525],[-73.915972,40.525078],[-73.916065,40.525082],[-73.916065,40.525]],[[-73.935332,40.525],[-73.935262,40.525148],[-73.935029,40.525]],[[-73.935872,40.525],[-73.93588,40.525026],[-73.935825,40.525]],[[-73.913448,40.525],[-73.913466,40.525015],[-73.913843,40.525095],[-73.914017,40.525]],[[-73.914254,40.525],[-73.914367,40.525298],[-73.914767,40.525]],[[-73.76,40.572589],[-73.76017,40.572547],[-73.760417,40.57282],[-73.760571,40.572657],[-73.760725,40.572712],[-73.760849,40.572623],[-73.761096,40.572786],[-73.761651,40.572865],[-73.761898,40.572867],[-73.762022,40.57275],[-73.762207,40.572943],[-73.762361,40.572801],[-73.762485,40.57309],[-73.762639,40.572887],[-73.762978,40.572924],[-73.763133,40.57307],[-73.763503,40.57295],[-73.763657,40.573059],[-73.763781,40.573004],[-73.763843,40.573143],[-73.763997,40.572956],[-73.764182,40.573071],[-73.764275,40.573307],[-73.764583,40.572968],[-73.764985,40.573695],[-73.765066,40.573349],[-73.764882,40.57304],[-73.764985,40.572996],[-73.765114,40.573102],[-73.765089,40.57341],[-73.765255,40.573627],[-73.765175,40.573873],[-73.765355,40.574016],[-73.765478,40.57386],[-73.765569,40.574151],[-73.765329,40.574336],[-73.765239,40.574583],[-73.765413,40.575324],[-73.765267,40.575941],[-73.765423,40.576343],[-73.765259,40.57733],[-73.765571,40.577512],[-73.765702,40.577855],[-73.76594,40.577978],[-73.766157,40.5784],[-73.767855,40.57908],[-73.769367,40.579188],[-73.771343,40.579495],[-73.772361,40.579469],[-73.773129,40.579151],[-73.773565,40.578654],[-73.774111,40.578318],[-73.775293,40.578019],[-73.775448,40.578115],[-73.775756,40.578057],[-73.776996,40.577577],[-73.77733,40.577253],[-73.777762,40.57723],[-73.777941,40.576898],[-73.778161,40.576836],[-73.778279,40.576343],[-73.778173,40.575972],[-73.77833,40.57588],[-73.778349,40.575671],[-73.778719,40.575657],[-73.77946,40.574822],[-73.779738,40.574751],[-73.780108,40.575019],[-73.780077,40.574592],[-73.780563,40.574552],[-73.780293,40.574647],[-73.780386,40.574814],[-73.780726,40.574676],[-73.780674,40.57412],[-73.781081,40.573843],[-73.781435,40.573875],[-73.781497,40.57407],[-73.782269,40.574026],[-73.782454,40.574056],[-73.782546,40.574208],[-73.782978,40.574171],[-73.783719,40.574836],[-73.783402,40.574306],[-73.783441,40.574161],[-73.784314,40.574213],[-73.784355,40.574306],[-73.78412,40.57458],[-73.786157,40.574226],[-73.786991,40.573942],[-73.787037,40.573843],[-73.786867,40.573588],[-73.787485,40.573287],[-73.787731,40.573257],[-73.788102,40.573468],[-73.788071,40.573153],[-73.788503,40.573171],[-73.789016,40.573349],[-73.789985,40.574184],[-73.789643,40.573688],[-73.78957,40.57338],[-73.789237,40.573225],[-73.78909,40.572535],[-73.78922,40.572639],[-73.789892,40.572728],[-73.790046,40.572936],[-73.790448,40.572804],[-73.791065,40.572859],[-73.791929,40.573585],[-73.791556,40.57267],[-73.791622,40.572207],[-73.791466,40.571806],[-73.791469,40.571435],[-73.79164,40.571343],[-73.79142,40.57125],[-73.791565,40.571034],[-73.791404,40.570967],[-73.791373,40.570661],[-73.791523,40.570787],[-73.791836,40.570765],[-73.792269,40.571138],[-73.792546,40.571238],[-73.792485,40.570979],[-73.792886,40.571166],[-73.793873,40.57102],[-73.793997,40.570909],[-73.794769,40.570798],[-73.797176,40.570137],[-73.797454,40.570246],[-73.797855,40.570196],[-73.798688,40.569932],[-73.800231,40.569731],[-73.800849,40.569743],[-73.80125,40.570016],[-73.80159,40.570021],[-73.801929,40.570209],[-73.801901,40.570015],[-73.802207,40.569925],[-73.802269,40.570119],[-73.802824,40.570123],[-73.803534,40.570644],[-73.803235,40.570139],[-73.803198,40.569861],[-73.803627,40.569703],[-73.804014,40.569923],[-73.803886,40.569522],[-73.803966,40.569424],[-73.804838,40.570262],[-73.804306,40.569148],[-73.805108,40.569572],[-73.805262,40.570012],[-73.805584,40.570231],[-73.80539,40.569429],[-73.805046,40.568626],[-73.80591,40.569487],[-73.805818,40.568986],[-73.806157,40.569263],[-73.806836,40.569335],[-73.807299,40.5699],[-73.807215,40.56946],[-73.806995,40.56909],[-73.80767,40.568945],[-73.808164,40.569438],[-73.807916,40.568596],[-73.808194,40.568739],[-73.80841,40.568671],[-73.808162,40.568441],[-73.80841,40.568376],[-73.809275,40.568433],[-73.809517,40.568812],[-73.809985,40.569138],[-73.809551,40.56838],[-73.809954,40.568183],[-73.810602,40.569068],[-73.810316,40.568102],[-73.810293,40.567479],[-73.811065,40.567734],[-73.811221,40.567701],[-73.811188,40.567528],[-73.811682,40.567722],[-73.812313,40.568472],[-73.811466,40.566623],[-73.811424,40.566312],[-73.811528,40.566164],[-73.81236,40.566497],[-73.812392,40.566679],[-73.813169,40.567022],[-73.813719,40.567015],[-73.813781,40.566823],[-73.81409,40.566932],[-73.814676,40.56666],[-73.815108,40.566633],[-73.815849,40.56725],[-73.815859,40.566836],[-73.815542,40.566373],[-73.815853,40.565664],[-73.815439,40.565633],[-73.815605,40.565201],[-73.81613,40.564769],[-73.815972,40.564536],[-73.815448,40.564754],[-73.815307,40.564676],[-73.815324,40.563987],[-73.81554,40.564384],[-73.815633,40.564385],[-73.815571,40.563838],[-73.815849,40.563865],[-73.816249,40.564306],[-73.816499,40.564892],[-73.816606,40.565509],[-73.817068,40.565818],[-73.817234,40.566065],[-73.817608,40.566141],[-73.817939,40.566435],[-73.817693,40.566651],[-73.817793,40.566778],[-73.818243,40.566651],[-73.818185,40.56625],[-73.817955,40.566096],[-73.818071,40.565967],[-73.819059,40.566273],[-73.819078,40.565818],[-73.818935,40.565665],[-73.819038,40.565725],[-73.819378,40.566157],[-73.819557,40.566559],[-73.819654,40.56659],[-73.819549,40.566157],[-73.819638,40.565694],[-73.819497,40.565571],[-73.819522,40.565375],[-73.819954,40.565399],[-73.819871,40.565664],[-73.820262,40.565619],[-73.820588,40.565941],[-73.820064,40.564769],[-73.820849,40.564442],[-73.820849,40.564054],[-73.820941,40.563978],[-73.821096,40.564045],[-73.821281,40.563788],[-73.821651,40.563812],[-73.821744,40.563924],[-73.821836,40.563801],[-73.822036,40.563873],[-73.822762,40.564571],[-73.823812,40.5659],[-73.824151,40.565976],[-73.824028,40.56554],[-73.824738,40.565993],[-73.82409,40.565033],[-73.824031,40.564707],[-73.823597,40.564213],[-73.823383,40.563441],[-73.823485,40.563287],[-73.824552,40.56343],[-73.825725,40.563091],[-73.825972,40.563388],[-73.826186,40.563225],[-73.82598,40.563164],[-73.826003,40.562928],[-73.827762,40.562633],[-73.827948,40.562682],[-73.828009,40.562587],[-73.828781,40.562657],[-73.828904,40.562445],[-73.829861,40.56233],[-73.830849,40.561758],[-73.831292,40.561312],[-73.831441,40.561096],[-73.831409,40.560633],[-73.831522,40.560509],[-73.831744,40.560482],[-73.83233,40.560711],[-73.833133,40.561404],[-73.833186,40.561559],[-73.834033,40.562238],[-73.834429,40.562421],[-73.834387,40.562207],[-73.834557,40.562176],[-73.834391,40.561867],[-73.834738,40.561975],[-73.834776,40.561713],[-73.834908,40.561651],[-73.834738,40.561404],[-73.835046,40.561332],[-73.83513,40.561157],[-73.835007,40.560941],[-73.835262,40.560883],[-73.835647,40.561096],[-73.835355,40.560604],[-73.835725,40.560805],[-73.835716,40.560602],[-73.83588,40.560625],[-73.836343,40.560882],[-73.836651,40.560863],[-73.836559,40.560556],[-73.836867,40.560756],[-73.836929,40.560616],[-73.837052,40.560681],[-73.837423,40.560561],[-73.83875,40.56135],[-73.838463,40.560941],[-73.838318,40.56018],[-73.838103,40.560077],[-73.838119,40.559799],[-73.837848,40.559676],[-73.837731,40.559219],[-73.837546,40.55912],[-73.837557,40.558904],[-73.837302,40.558688],[-73.837228,40.558287],[-73.836926,40.558194],[-73.836986,40.557978],[-73.837486,40.55804],[-73.837423,40.558194],[-73.837909,40.55841],[-73.839306,40.55963],[-73.838451,40.558318],[-73.838463,40.558164],[-73.838147,40.557762],[-73.838164,40.557631],[-73.838812,40.558101],[-73.839151,40.558047],[-73.839954,40.558441],[-73.841281,40.559378],[-73.840787,40.558735],[-73.840602,40.558194],[-73.840292,40.557793],[-73.840423,40.55767],[-73.840097,40.557269],[-73.840449,40.557423],[-73.840392,40.556929],[-73.840602,40.556873],[-73.841466,40.557443],[-73.84088,40.556594],[-73.84196,40.557371],[-73.842046,40.557269],[-73.841867,40.556828],[-73.842608,40.557323],[-73.842701,40.557145],[-73.843101,40.557238],[-73.843838,40.557824],[-73.843916,40.558287],[-73.844356,40.558904],[-73.844861,40.559137],[-73.845478,40.559054],[-73.846497,40.558318],[-73.84666,40.557917],[-73.844923,40.55636],[-73.844429,40.556051],[-73.844879,40.556713],[-73.844614,40.556612],[-73.844055,40.556096],[-73.843949,40.555725],[-73.844151,40.555913],[-73.844398,40.55593],[-73.844276,40.555633],[-73.844367,40.55557],[-73.844738,40.55549],[-73.84483,40.555645],[-73.845386,40.555448],[-73.84552,40.555509],[-73.846016,40.555201],[-73.845752,40.555201],[-73.845804,40.555139],[-73.847052,40.554654],[-73.851682,40.553371],[-73.852114,40.553423],[-73.851953,40.553349],[-73.854923,40.552124],[-73.859738,40.55065],[-73.859954,40.550492],[-73.860509,40.550395],[-73.861682,40.549884],[-73.868318,40.547917],[-73.87125,40.546899],[-73.87233,40.546621],[-73.873349,40.546555],[-73.877207,40.545062],[-73.88159,40.543806],[-73.884275,40.543331],[-73.885818,40.54321],[-73.885972,40.543386],[-73.889645,40.542825],[-73.89088,40.542861],[-73.891373,40.542749],[-73.893009,40.542866],[-73.892917,40.543013],[-73.894491,40.54289],[-73.894954,40.542995],[-73.89591,40.542947],[-73.896435,40.543149],[-73.898997,40.542808],[-73.901127,40.542778],[-73.903472,40.542547],[-73.904892,40.542541],[-73.906188,40.54236],[-73.908843,40.54234],[-73.910849,40.542053],[-73.912793,40.541922],[-73.915571,40.541127],[-73.918256,40.540618],[-73.91946,40.540219],[-73.920121,40.539769],[-73.919892,40.539592],[-73.919668,40.539645],[-73.919839,40.539306],[-73.91946,40.539201],[-73.919182,40.539264],[-73.919183,40.539059],[-73.918997,40.538985],[-73.91841,40.53898],[-73.918364,40.538781],[-73.918145,40.538627],[-73.917731,40.53861],[-73.916775,40.538258],[-73.915787,40.538135],[-73.915201,40.537756],[-73.914638,40.537731],[-73.913997,40.537511],[-73.912978,40.537371],[-73.912855,40.537244],[-73.912299,40.537207],[-73.911775,40.536964],[-73.91091,40.536898],[-73.910571,40.536616],[-73.910102,40.536559],[-73.909713,40.536343],[-73.907978,40.536302],[-73.907485,40.536227],[-73.907269,40.536074],[-73.906559,40.535995],[-73.90625,40.535708],[-73.904923,40.535689],[-73.905418,40.535324],[-73.904861,40.534738],[-73.904707,40.534789],[-73.904621,40.534707],[-73.904892,40.534536],[-73.905077,40.534664],[-73.905024,40.534336],[-73.90446,40.534073],[-73.903812,40.534013],[-73.90341,40.533705],[-73.902898,40.533904],[-73.903688,40.534741],[-73.90233,40.53444],[-73.901234,40.533873],[-73.900386,40.533956],[-73.900139,40.53381],[-73.900106,40.534059],[-73.899861,40.534141],[-73.899151,40.53365],[-73.898873,40.533586],[-73.898287,40.532728],[-73.897701,40.532495],[-73.897269,40.532792],[-73.896929,40.532391],[-73.896836,40.532481],[-73.89646,40.532207],[-73.895694,40.530168],[-73.896065,40.530323],[-73.896497,40.529985],[-73.896806,40.53017],[-73.897052,40.530118],[-73.89733,40.530249],[-73.898472,40.529924],[-73.898541,40.529614],[-73.898318,40.52975],[-73.898222,40.529614],[-73.898734,40.529028],[-73.896991,40.529336],[-73.898225,40.528959],[-73.898362,40.528781],[-73.898604,40.528812],[-73.898781,40.528627],[-73.899087,40.528657],[-73.899038,40.528534],[-73.89946,40.528328],[-73.899467,40.528225],[-73.899028,40.528401],[-73.898657,40.528454],[-73.898616,40.52838],[-73.899995,40.527824],[-73.900478,40.527411],[-73.900694,40.527566],[-73.900818,40.527526],[-73.901569,40.526867],[-73.902454,40.526557],[-73.902515,40.526298],[-73.90304,40.526261],[-73.903125,40.526096],[-73.902818,40.525849],[-73.903256,40.525503],[-73.903256,40.525271],[-73.903843,40.525344],[-73.905139,40.525102],[-73.905571,40.525259],[-73.906281,40.525276],[-73.906528,40.525189],[-73.906528,40.525]],[[-73.906833,40.525],[-73.906997,40.525139],[-73.907608,40.525269],[-73.908064,40.525]],[[-73.908779,40.525],[-73.908828,40.525046],[-73.909522,40.525278],[-73.91,40.525]],[[-73.921016,40.525],[-73.920972,40.525051],[-73.921744,40.525104],[-73.922149,40.525]],[[-73.922487,40.525],[-73.92267,40.525201],[-73.922743,40.525]],[[-73.924235,40.525],[-73.925386,40.525705],[-73.925524,40.525849],[-73.925343,40.526003],[-73.925694,40.526202],[-73.926034,40.526076],[-73.926435,40.526357],[-73.926744,40.52625],[-73.927485,40.526487],[-73.927851,40.526404],[-73.928318,40.526599],[-73.928596,40.526497],[-73.929398,40.526722],[-73.92983,40.526701],[-73.930231,40.526928],[-73.930478,40.526787],[-73.930936,40.526929],[-73.931219,40.52721],[-73.931528,40.527041],[-73.932176,40.527359],[-73.932515,40.527211],[-73.933472,40.527132],[-73.93375,40.527275],[-73.933935,40.527554],[-73.934182,40.527416],[-73.935201,40.527481],[-73.935509,40.527888],[-73.935756,40.527933],[-73.93592,40.527855],[-73.935633,40.527737],[-73.935626,40.527639],[-73.936065,40.527526],[-73.936096,40.52753],[-73.936211,40.527608],[-73.93625,40.527618],[-73.936281,40.527639],[-73.936281,40.527639],[-73.93619,40.527485],[-73.936281,40.527368],[-73.936396,40.527515],[-73.936321,40.527639],[-73.936574,40.527824],[-73.936385,40.527948],[-73.936435,40.5281],[-73.936929,40.528373],[-73.937157,40.527546],[-73.937167,40.52696],[-73.938291,40.526127],[-73.93804,40.525901],[-73.937855,40.525982],[-73.93777,40.525756],[-73.937948,40.525625],[-73.938226,40.525664],[-73.938318,40.525]]]}},{"type":"Feature","properties":{"depthFt":40},"geometry":{"type":"MultiLineString","coordinates":[[[-73.769985,40.57501],[-73.769944,40.575077],[-73.769985,40.575167],[-73.770035,40.575077],[-73.769985,40.57501]],[[-73.768071,40.574918],[-73.768016,40.574985],[-73.768193,40.574954],[-73.768164,40.57492],[-73.768071,40.574918]],[[-73.769398,40.574854],[-73.769165,40.575046],[-73.769213,40.575145],[-73.769467,40.575077],[-73.769398,40.574854]],[[-73.768873,40.574844],[-73.768628,40.575015],[-73.768719,40.575183],[-73.769085,40.575046],[-73.769029,40.574861],[-73.768873,40.574844]],[[-73.771127,40.574113],[-73.771088,40.574182],[-73.771127,40.57423],[-73.771173,40.574151],[-73.771127,40.574113]],[[-73.769583,40.574011],[-73.769547,40.57409],[-73.769583,40.57424],[-73.769729,40.57409],[-73.769583,40.574011]],[[-73.770633,40.573994],[-73.770535,40.57409],[-73.770518,40.57412],[-73.770602,40.574136],[-73.770633,40.573994]],[[-73.762608,40.565853],[-73.762534,40.565941],[-73.762546,40.565982],[-73.762641,40.565941],[-73.762608,40.565853]],[[-73.766305,40.564954],[-73.766391,40.565015],[-73.766343,40.565139],[-73.766259,40.565077],[-73.766305,40.564954]],[[-73.761002,40.564892],[-73.761127,40.565017],[-73.761281,40.564894],[-73.761452,40.565231],[-73.761065,40.565283],[-73.761002,40.564892]],[[-73.762538,40.564676],[-73.76262,40.564799],[-73.762515,40.565074],[-73.762454,40.56483],[-73.762538,40.564676]],[[-73.771566,40.563194],[-73.771618,40.563194],[-73.771559,40.563301],[-73.771541,40.563256],[-73.771566,40.563194]],[[-73.777269,40.562776],[-73.777276,40.562948],[-73.77733,40.562978],[-73.777383,40.562855],[-73.777269,40.562776]],[[-73.774151,40.562724],[-73.774122,40.563287],[-73.774182,40.563637],[-73.774289,40.562855],[-73.774151,40.562724]],[[-73.769923,40.562069],[-73.769888,40.562238],[-73.770046,40.562275],[-73.770012,40.562114],[-73.769923,40.562069]],[[-73.77838,40.562032],[-73.778372,40.562299],[-73.778241,40.562392],[-73.778318,40.56249],[-73.778384,40.562392],[-73.77838,40.562032]],[[-73.776428,40.562022],[-73.776489,40.562083],[-73.776435,40.562166],[-73.776402,40.562114],[-73.776428,40.562022]],[[-73.776851,40.56196],[-73.776954,40.562083],[-73.776867,40.56218],[-73.776819,40.562114],[-73.776851,40.56196]],[[-73.776074,40.561898],[-73.776163,40.562114],[-73.776096,40.562221],[-73.776025,40.562022],[-73.776074,40.561898]],[[-73.779892,40.561557],[-73.779812,40.56162],[-73.779892,40.561688],[-73.779996,40.56162],[-73.779892,40.561557]],[[-73.778102,40.561427],[-73.778071,40.561656],[-73.778368,40.56162],[-73.778318,40.561502],[-73.778102,40.561427]],[[-73.776706,40.561281],[-73.776779,40.561404],[-73.776744,40.561477],[-73.776641,40.561343],[-73.776706,40.561281]],[[-73.780664,40.560827],[-73.780467,40.561528],[-73.78054,40.561648],[-73.780725,40.561048],[-73.780664,40.560827]],[[-73.778037,40.560571],[-73.778102,40.560571],[-73.77804,40.560663],[-73.778006,40.560633],[-73.778037,40.560571]],[[-73.781188,40.560281],[-73.781135,40.560355],[-73.781157,40.560725],[-73.781289,40.560355],[-73.781188,40.560281]],[[-73.782978,40.559697],[-73.782856,40.559799],[-73.782824,40.559925],[-73.783111,40.559892],[-73.783071,40.559704],[-73.782978,40.559697]],[[-73.78409,40.558959],[-73.784021,40.559028],[-73.78409,40.559107],[-73.784192,40.558997],[-73.78409,40.558959]],[[-73.781744,40.558714],[-73.781598,40.558812],[-73.781463,40.559275],[-73.781637,40.559614],[-73.781538,40.56017],[-73.78162,40.560284],[-73.781806,40.560213],[-73.782088,40.559676],[-73.781847,40.559583],[-73.781936,40.559306],[-73.781802,40.558966],[-73.781873,40.558719],[-73.781744,40.558714]],[[-73.78017,40.558675],[-73.78017,40.558797],[-73.780306,40.558781],[-73.78028,40.558688],[-73.78017,40.558675]],[[-73.785509,40.55852],[-73.785478,40.558581],[-73.78554,40.558627],[-73.785571,40.558544],[-73.785509,40.55852]],[[-73.782839,40.558225],[-73.782906,40.558225],[-73.782855,40.55833],[-73.782811,40.558287],[-73.782839,40.558225]],[[-73.783927,40.558194],[-73.783995,40.558287],[-73.783935,40.558409],[-73.783887,40.558318],[-73.783927,40.558194]],[[-73.791127,40.557351],[-73.791085,40.557423],[-73.791188,40.557463],[-73.791219,40.557392],[-73.791127,40.557351]],[[-73.82696,40.557046],[-73.826948,40.557114],[-73.827052,40.557162],[-73.827054,40.557052],[-73.82696,40.557046]],[[-73.787426,40.556991],[-73.787476,40.557145],[-73.787392,40.557185],[-73.787341,40.557114],[-73.787426,40.556991]],[[-73.788194,40.556991],[-73.788092,40.557238],[-73.788164,40.557327],[-73.788282,40.557207],[-73.788194,40.556991]],[[-73.786928,40.556898],[-73.786997,40.55696],[-73.786898,40.557068],[-73.786867,40.557044],[-73.786928,40.556898]],[[-73.8246,40.556188],[-73.824754,40.55625],[-73.824676,40.55636],[-73.824572,40.556312],[-73.8246,40.556188]],[[-73.825289,40.556065],[-73.825386,40.556084],[-73.8254,40.556127],[-73.82525,40.556127],[-73.825289,40.556065]],[[-73.790941,40.555712],[-73.790795,40.555818],[-73.79088,40.556024],[-73.790989,40.55591],[-73.790941,40.555712]],[[-73.788023,40.555602],[-73.788109,40.555818],[-73.788399,40.556034],[-73.788194,40.5562],[-73.788082,40.556096],[-73.788023,40.555602]],[[-73.79012,40.555015],[-73.790231,40.555199],[-73.790262,40.555513],[-73.79017,40.555283],[-73.79012,40.555015]],[[-73.787732,40.554738],[-73.787855,40.554721],[-73.788055,40.55483],[-73.787948,40.554875],[-73.787732,40.554738]],[[-73.793472,40.554303],[-73.793477,40.554398],[-73.793565,40.554501],[-73.793556,40.554398],[-73.793472,40.554303]],[[-73.792546,40.554113],[-73.792527,40.554491],[-73.792238,40.554377],[-73.792207,40.554647],[-73.791991,40.554295],[-73.791713,40.554153],[-73.79162,40.554384],[-73.791343,40.554218],[-73.790993,40.554398],[-73.790926,40.554583],[-73.791059,40.554861],[-73.791333,40.554923],[-73.791569,40.555509],[-73.791713,40.55559],[-73.791744,40.555306],[-73.792022,40.555665],[-73.792087,40.555324],[-73.7919,40.554769],[-73.792022,40.554633],[-73.791993,40.554799],[-73.79233,40.555444],[-73.792568,40.555602],[-73.792762,40.555973],[-73.792808,40.555849],[-73.792514,40.555293],[-73.793096,40.555046],[-73.793216,40.554522],[-73.793009,40.554255],[-73.792977,40.554429],[-73.792855,40.554448],[-73.792546,40.554113]],[[-73.794275,40.554108],[-73.794275,40.554199],[-73.794398,40.554402],[-73.794384,40.554213],[-73.794275,40.554108]],[[-73.794028,40.554098],[-73.794017,40.554275],[-73.79409,40.554368],[-73.794094,40.554182],[-73.794028,40.554098]],[[-73.793688,40.553978],[-73.793692,40.554367],[-73.79409,40.555027],[-73.793927,40.554336],[-73.793688,40.553978]],[[-73.815756,40.553808],[-73.815293,40.554004],[-73.814028,40.554223],[-73.813362,40.554985],[-73.812872,40.555787],[-73.812747,40.556651],[-73.813089,40.557608],[-73.813565,40.558255],[-73.814151,40.558662],[-73.814491,40.558712],[-73.815787,40.558526],[-73.817361,40.558161],[-73.818287,40.557782],[-73.818266,40.557361],[-73.818029,40.55662],[-73.81671,40.55409],[-73.816343,40.553829],[-73.815756,40.553808]],[[-73.827639,40.552719],[-73.827546,40.552836],[-73.827238,40.55275],[-73.82696,40.552997],[-73.826218,40.553164],[-73.825398,40.553565],[-73.824117,40.554645],[-73.824151,40.555327],[-73.824549,40.555725],[-73.824186,40.555818],[-73.824224,40.556188],[-73.82435,40.556312],[-73.824303,40.55662],[-73.824182,40.556623],[-73.824028,40.556406],[-73.823966,40.556525],[-73.823805,40.556435],[-73.823688,40.556754],[-73.823271,40.557207],[-73.823331,40.557793],[-73.824059,40.558024],[-73.824491,40.558398],[-73.82483,40.558466],[-73.824825,40.55875],[-73.825151,40.558997],[-73.825361,40.55946],[-73.825201,40.559584],[-73.824552,40.559672],[-73.82446,40.559847],[-73.822608,40.560325],[-73.822022,40.560362],[-73.82162,40.560532],[-73.820849,40.560416],[-73.819769,40.559319],[-73.818225,40.558762],[-73.817546,40.558922],[-73.816991,40.559206],[-73.816343,40.559926],[-73.815849,40.560153],[-73.814429,40.560109],[-73.813688,40.560412],[-73.813287,40.560425],[-73.810509,40.561323],[-73.810231,40.560844],[-73.810201,40.560258],[-73.81054,40.560047],[-73.81169,40.559738],[-73.811929,40.559472],[-73.812454,40.559282],[-73.812595,40.558935],[-73.812436,40.557762],[-73.812145,40.557108],[-73.811781,40.556713],[-73.811662,40.555725],[-73.811283,40.55517],[-73.811034,40.555051],[-73.810509,40.555404],[-73.80983,40.555453],[-73.808256,40.555806],[-73.806559,40.55637],[-73.806241,40.55662],[-73.80623,40.556806],[-73.806437,40.557361],[-73.807001,40.557793],[-73.807211,40.558287],[-73.80718,40.558997],[-73.807486,40.559522],[-73.807901,40.559861],[-73.808188,40.560355],[-73.808325,40.56088],[-73.808605,40.561219],[-73.808966,40.561501],[-73.810324,40.56155],[-73.810941,40.562076],[-73.81162,40.562403],[-73.811898,40.562408],[-73.811929,40.56228],[-73.812052,40.562397],[-73.812793,40.562344],[-73.813133,40.562165],[-73.814059,40.562032],[-73.81591,40.56128],[-73.817392,40.561244],[-73.818688,40.56102],[-73.819244,40.561146],[-73.819934,40.561836],[-73.820478,40.562094],[-73.822176,40.562109],[-73.823256,40.561809],[-73.824336,40.561843],[-73.825751,40.561219],[-73.826127,40.560498],[-73.827269,40.560522],[-73.827793,40.560407],[-73.828596,40.560063],[-73.829645,40.559846],[-73.830262,40.559575],[-73.83055,40.559275],[-73.830217,40.558318],[-73.830015,40.558104],[-73.829059,40.558319],[-73.828873,40.558236],[-73.828814,40.558441],[-73.828596,40.558549],[-73.828164,40.558374],[-73.828071,40.558713],[-73.827917,40.558691],[-73.826836,40.557698],[-73.826938,40.557423],[-73.826697,40.556744],[-73.826466,40.556898],[-73.826497,40.55715],[-73.826307,40.556898],[-73.826084,40.556127],[-73.826127,40.556025],[-73.826356,40.55625],[-73.826162,40.555478],[-73.826562,40.55554],[-73.82659,40.55507],[-73.826898,40.555114],[-73.827029,40.554861],[-73.82812,40.554583],[-73.82838,40.554376],[-73.828596,40.554401],[-73.82875,40.554164],[-73.829322,40.553904],[-73.829275,40.553716],[-73.829491,40.553697],[-73.82946,40.553564],[-73.829306,40.553539],[-73.82922,40.553349],[-73.828642,40.552855],[-73.827639,40.552719]],[[-73.791038,40.552485],[-73.791134,40.552515],[-73.79113,40.552608],[-73.791034,40.552596],[-73.791038,40.552485]],[[-73.791326,40.552423],[-73.791435,40.552407],[-73.791503,40.552454],[-73.791312,40.552544],[-73.791326,40.552423]],[[-73.7917,40.552299],[-73.791989,40.552361],[-73.791898,40.552542],[-73.79166,40.552423],[-73.7917,40.552299]],[[-73.788671,40.551929],[-73.788912,40.552238],[-73.788781,40.552379],[-73.788599,40.552238],[-73.788671,40.551929]],[[-73.79369,40.551929],[-73.793939,40.55196],[-73.793071,40.552405],[-73.792731,40.552385],[-73.792641,40.552793],[-73.792515,40.552772],[-73.792342,40.552361],[-73.792917,40.552109],[-73.793194,40.552139],[-73.79338,40.551949],[-73.79369,40.551929]],[[-73.790391,40.551806],[-73.79054,40.551789],[-73.790624,40.551898],[-73.790417,40.552004],[-73.790314,40.551898],[-73.790391,40.551806]],[[-73.789439,40.551775],[-73.789619,40.551836],[-73.789676,40.552192],[-73.789436,40.552145],[-73.789439,40.551775]],[[-73.796867,40.551547],[-73.796686,40.552114],[-73.796898,40.552229],[-73.797145,40.552255],[-73.797546,40.552077],[-73.797855,40.552113],[-73.798263,40.551898],[-73.798071,40.551565],[-73.797855,40.551841],[-73.797515,40.551589],[-73.797454,40.551866],[-73.796867,40.551547]],[[-73.79838,40.55143],[-73.79838,40.551784],[-73.798657,40.551929],[-73.798812,40.551753],[-73.79838,40.55143]],[[-73.792896,40.551435],[-73.792978,40.551483],[-73.793004,40.551559],[-73.792928,40.551559],[-73.792896,40.551435]],[[-73.799059,40.551272],[-73.799187,40.551682],[-73.799336,40.551806],[-73.799367,40.551575],[-73.799059,40.551272]],[[-73.792133,40.551096],[-73.792299,40.551119],[-73.792468,40.551713],[-73.791617,40.551713],[-73.791559,40.551216],[-73.791836,40.551111],[-73.791991,40.551219],[-73.792133,40.551096]],[[-73.801312,40.550988],[-73.801304,40.551127],[-73.801373,40.551161],[-73.8014,40.551096],[-73.801312,40.550988]],[[-73.793664,40.55091],[-73.793935,40.550947],[-73.793971,40.551343],[-73.793627,40.551437],[-73.793474,40.551373],[-73.793457,40.551034],[-73.793596,40.551035],[-73.793664,40.55091]],[[-73.794736,40.550725],[-73.79483,40.550763],[-73.794861,40.551056],[-73.794764,40.55091],[-73.794736,40.550725]],[[-73.794251,40.550694],[-73.79446,40.550737],[-73.794609,40.551127],[-73.794552,40.551234],[-73.794249,40.551219],[-73.794251,40.550694]],[[-73.795788,40.550478],[-73.795941,40.550596],[-73.796003,40.550821],[-73.795839,40.550787],[-73.795788,40.550478]],[[-73.795057,40.550478],[-73.795324,40.550581],[-73.795448,40.550504],[-73.795747,40.550849],[-73.795571,40.550985],[-73.795355,40.550969],[-73.795231,40.550836],[-73.795238,40.551065],[-73.79507,40.551096],[-73.794916,40.550664],[-73.795057,40.550478]],[[-73.797175,40.55017],[-73.797361,40.550321],[-73.797403,40.550509],[-73.797236,40.550478],[-73.797175,40.55017]],[[-73.796387,40.550108],[-73.79662,40.550211],[-73.796715,40.550694],[-73.796458,40.550694],[-73.796387,40.550108]],[[-73.799676,40.550097],[-73.799586,40.550231],[-73.799923,40.550352],[-73.799936,40.550108],[-73.799676,40.550097]],[[-73.796742,40.549892],[-73.796955,40.550139],[-73.797022,40.550627],[-73.796912,40.550509],[-73.796742,40.549892]],[[-73.800355,40.549849],[-73.800098,40.550046],[-73.800478,40.55017],[-73.800571,40.550039],[-73.800756,40.550068],[-73.800766,40.549861],[-73.800355,40.549849]],[[-73.801034,40.549762],[-73.800871,40.549861],[-73.80091,40.549937],[-73.801248,40.549985],[-73.801255,40.549769],[-73.801034,40.549762]],[[-73.80233,40.549522],[-73.802167,40.549614],[-73.802361,40.549751],[-73.802506,40.549552],[-73.80233,40.549522]],[[-73.802886,40.549391],[-73.802941,40.549552],[-73.803101,40.549583],[-73.803102,40.549474],[-73.802886,40.549391]],[[-73.801373,40.549324],[-73.801322,40.549738],[-73.801404,40.549834],[-73.801682,40.549878],[-73.801991,40.549761],[-73.801991,40.54964],[-73.8016,40.549583],[-73.801373,40.549324]],[[-73.798892,40.548256],[-73.798966,40.548246],[-73.799002,40.548287],[-73.798935,40.548331],[-73.798892,40.548256]],[[-73.797104,40.548194],[-73.797193,40.548194],[-73.797207,40.548286],[-73.797094,40.548256],[-73.797104,40.548194]],[[-73.800639,40.547392],[-73.800821,40.547546],[-73.800378,40.547639],[-73.800362,40.547577],[-73.800639,40.547392]],[[-73.796503,40.54733],[-73.796697,40.547546],[-73.796632,40.54767],[-73.796452,40.547639],[-73.796503,40.54733]],[[-73.801182,40.547269],[-73.80126,40.547299],[-73.80125,40.547453],[-73.801139,40.547392],[-73.801182,40.547269]],[[-73.801568,40.547269],[-73.801744,40.547254],[-73.801837,40.54733],[-73.801435,40.547453],[-73.801435,40.547324],[-73.801568,40.547269]],[[-73.805448,40.547079],[-73.805398,40.547176],[-73.805448,40.54734],[-73.805564,40.547269],[-73.805448,40.547079]],[[-73.803904,40.546972],[-73.804028,40.547704],[-73.80412,40.54776],[-73.804213,40.547571],[-73.804429,40.547614],[-73.804252,40.547083],[-73.803904,40.546972]],[[-73.804645,40.546965],[-73.804706,40.547361],[-73.804624,40.547485],[-73.804861,40.547627],[-73.804965,40.54733],[-73.804645,40.546965]],[[-73.806404,40.546706],[-73.806258,40.546898],[-73.806088,40.546929],[-73.806219,40.547164],[-73.806544,40.547022],[-73.806586,40.546836],[-73.806404,40.546706]],[[-73.808472,40.546483],[-73.80844,40.54659],[-73.808503,40.546683],[-73.808556,40.54659],[-73.808472,40.546483]],[[-73.801017,40.546312],[-73.801219,40.54652],[-73.801219,40.546651],[-73.801044,40.54662],[-73.801017,40.546312]],[[-73.80176,40.546127],[-73.801836,40.546135],[-73.802141,40.546373],[-73.801815,40.546497],[-73.80176,40.546127]],[[-73.802914,40.545725],[-73.803268,40.546065],[-73.803256,40.546242],[-73.803074,40.546219],[-73.802914,40.545725]],[[-73.803526,40.545694],[-73.803661,40.546065],[-73.803503,40.546156],[-73.803431,40.54588],[-73.803526,40.545694]],[[-73.804062,40.54554],[-73.804275,40.545642],[-73.804489,40.546003],[-73.804099,40.546003],[-73.804062,40.54554]],[[-73.810231,40.544734],[-73.809861,40.544859],[-73.809811,40.544954],[-73.809985,40.54504],[-73.810478,40.544975],[-73.810467,40.544799],[-73.810231,40.544734]],[[-73.809213,40.544688],[-73.809247,40.544954],[-73.80909,40.545054],[-73.80875,40.545014],[-73.808318,40.54524],[-73.807515,40.545268],[-73.806681,40.545602],[-73.807207,40.545797],[-73.80733,40.545519],[-73.807577,40.545699],[-73.80767,40.545603],[-73.807957,40.545602],[-73.808349,40.545318],[-73.808596,40.545425],[-73.808719,40.545294],[-73.809522,40.545193],[-73.809573,40.544985],[-73.809344,40.544892],[-73.809213,40.544688]],[[-73.810756,40.544706],[-73.810633,40.544722],[-73.810565,40.544769],[-73.810849,40.544798],[-73.810756,40.544706]],[[-73.811373,40.544516],[-73.811284,40.544614],[-73.811559,40.544718],[-73.811631,40.544552],[-73.811373,40.544516]],[[-73.812114,40.544422],[-73.811898,40.54445],[-73.811825,40.544522],[-73.812052,40.544569],[-73.812175,40.544491],[-73.812114,40.544422]],[[-73.812639,40.544302],[-73.812583,40.544367],[-73.812701,40.544426],[-73.812768,40.544306],[-73.812639,40.544302]],[[-73.813287,40.544148],[-73.813251,40.544213],[-73.81338,40.544244],[-73.813396,40.544151],[-73.813287,40.544148]],[[-73.813719,40.544051],[-73.813672,40.54409],[-73.813843,40.544187],[-73.813883,40.544059],[-73.813719,40.544051]],[[-73.814059,40.544025],[-73.81409,40.544105],[-73.814169,40.544059],[-73.814151,40.544014],[-73.814059,40.544025]],[[-73.814799,40.543841],[-73.814861,40.543961],[-73.814956,40.543873],[-73.814923,40.543825],[-73.814799,40.543841]],[[-73.805562,40.543441],[-73.805633,40.54342],[-73.805785,40.543534],[-73.805478,40.543587],[-73.805562,40.543441]],[[-73.806342,40.543164],[-73.806435,40.543329],[-73.806124,40.543287],[-73.806127,40.543239],[-73.806342,40.543164]],[[-73.807375,40.543009],[-73.807587,40.543133],[-73.807164,40.543287],[-73.80733,40.543156],[-73.807375,40.543009]],[[-73.808421,40.542731],[-73.808658,40.542948],[-73.80838,40.54297],[-73.808287,40.543152],[-73.807893,40.543071],[-73.807978,40.542801],[-73.808349,40.542878],[-73.808421,40.542731]],[[-73.817176,40.541647],[-73.817144,40.541867],[-73.817409,40.541806],[-73.817361,40.541694],[-73.817176,40.541647]],[[-73.815633,40.541525],[-73.815644,40.541867],[-73.815803,40.541898],[-73.815847,40.541836],[-73.815633,40.541525]],[[-73.811545,40.540602],[-73.811682,40.540735],[-73.811417,40.540756],[-73.811409,40.540664],[-73.811545,40.540602]],[[-73.814139,40.540139],[-73.814306,40.540109],[-73.814341,40.540139],[-73.813997,40.540274],[-73.814139,40.540139]],[[-73.814636,40.539923],[-73.814807,40.540015],[-73.814738,40.54011],[-73.814623,40.540077],[-73.814636,40.539923]],[[-73.82162,40.539067],[-73.821635,40.539398],[-73.822191,40.539275],[-73.822083,40.539144],[-73.82196,40.539197],[-73.82162,40.539067]],[[-73.820972,40.539087],[-73.820849,40.539344],[-73.82054,40.539385],[-73.820324,40.53919],[-73.819799,40.539459],[-73.81946,40.539325],[-73.819336,40.539545],[-73.818719,40.539432],[-73.818441,40.539592],[-73.818256,40.539507],[-73.817948,40.539689],[-73.817762,40.53955],[-73.8177,40.54017],[-73.818441,40.540374],[-73.81875,40.540067],[-73.819182,40.540162],[-73.819367,40.539897],[-73.820448,40.539784],[-73.820941,40.539552],[-73.821188,40.539621],[-73.82138,40.539398],[-73.820972,40.539087]],[[-73.813059,40.538843],[-73.813102,40.538833],[-73.813146,40.538873],[-73.813018,40.538904],[-73.813059,40.538843]],[[-73.838133,40.538611],[-73.838086,40.538719],[-73.838194,40.538828],[-73.838278,40.538657],[-73.838133,40.538611]],[[-73.816974,40.538565],[-73.816991,40.538538],[-73.817022,40.538682],[-73.816978,40.538657],[-73.816974,40.538565]],[[-73.835818,40.538557],[-73.835756,40.53861],[-73.835751,40.538657],[-73.835852,40.538596],[-73.835818,40.538557]],[[-73.823935,40.538527],[-73.823843,40.538809],[-73.823565,40.538707],[-73.82341,40.538879],[-73.823009,40.538658],[-73.822917,40.538916],[-73.822485,40.538976],[-73.822424,40.539182],[-73.822762,40.539178],[-73.822855,40.53906],[-73.823225,40.539154],[-73.823472,40.538944],[-73.823627,40.539036],[-73.823873,40.538925],[-73.824182,40.538997],[-73.824196,40.538719],[-73.823935,40.538527]],[[-73.825417,40.538448],[-73.825424,40.538565],[-73.82554,40.538577],[-73.825524,40.538503],[-73.825417,40.538448]],[[-73.815957,40.538164],[-73.81608,40.538194],[-73.816096,40.538309],[-73.815954,40.538287],[-73.815957,40.538164]],[[-73.816871,40.538009],[-73.817052,40.538],[-73.81711,40.538071],[-73.816867,40.53816],[-73.816871,40.538009]],[[-73.817847,40.537701],[-73.817978,40.537719],[-73.818082,40.537824],[-73.817793,40.537886],[-73.817847,40.537701]],[[-73.81838,40.53767],[-73.818472,40.537662],[-73.818502,40.537762],[-73.818369,40.537762],[-73.81838,40.53767]],[[-73.835725,40.537542],[-73.835275,40.53767],[-73.835622,40.537886],[-73.835448,40.538266],[-73.835899,40.537886],[-73.835686,40.53767],[-73.835787,40.537617],[-73.835849,40.537723],[-73.835924,40.537577],[-73.835725,40.537542]],[[-73.819423,40.537145],[-73.819676,40.537183],[-73.819985,40.537421],[-73.820139,40.537155],[-73.820474,40.537299],[-73.819896,40.537577],[-73.819892,40.538006],[-73.819552,40.537633],[-73.818773,40.53767],[-73.818873,40.537424],[-73.819367,40.537365],[-73.819423,40.537145]],[[-73.841744,40.537144],[-73.841744,40.537212],[-73.841836,40.537245],[-73.841829,40.537176],[-73.841744,40.537144]],[[-73.824738,40.536588],[-73.824665,40.537207],[-73.824861,40.537304],[-73.825201,40.537232],[-73.825307,40.537022],[-73.824738,40.536588]],[[-73.82928,40.536559],[-73.829396,40.53662],[-73.829306,40.536801],[-73.829269,40.536744],[-73.82928,40.536559]],[[-73.82946,40.535994],[-73.829327,40.536281],[-73.829429,40.536352],[-73.829244,40.536461],[-73.828932,40.536312],[-73.828845,40.536157],[-73.828503,40.536149],[-73.828349,40.536294],[-73.828133,40.536061],[-73.828048,40.536343],[-73.827917,40.536393],[-73.827639,40.536347],[-73.827392,40.536056],[-73.827398,40.536343],[-73.827291,40.536435],[-73.827515,40.536584],[-73.828009,40.536503],[-73.82875,40.536594],[-73.829398,40.53689],[-73.829912,40.536466],[-73.829616,40.536404],[-73.82946,40.535994]],[[-73.820953,40.535694],[-73.821028,40.535756],[-73.820921,40.535818],[-73.820909,40.535787],[-73.820953,40.535694]],[[-73.820351,40.535664],[-73.820534,40.535756],[-73.820539,40.535849],[-73.820293,40.535908],[-73.820351,40.535664]],[[-73.822883,40.535262],[-73.822941,40.535324],[-73.822886,40.535363],[-73.822841,40.535324],[-73.822883,40.535262]],[[-73.824087,40.534923],[-73.824367,40.53501],[-73.824378,40.535077],[-73.823897,40.535139],[-73.824087,40.534923]],[[-73.824665,40.534769],[-73.82483,40.534806],[-73.825023,40.534985],[-73.824522,40.534998],[-73.824544,40.53483],[-73.824665,40.534769]],[[-73.842207,40.534703],[-73.842119,40.534738],[-73.842114,40.534799],[-73.842269,40.53477],[-73.842207,40.534703]],[[-73.8221,40.533812],[-73.822207,40.533818],[-73.822266,40.533966],[-73.822039,40.533935],[-73.8221,40.533812]],[[-73.829396,40.533318],[-73.829713,40.53338],[-73.829861,40.533842],[-73.829366,40.533719],[-73.829307,40.533472],[-73.829396,40.533318]],[[-73.841466,40.532749],[-73.841356,40.532886],[-73.841559,40.533006],[-73.841643,40.532886],[-73.841466,40.532749]],[[-73.841404,40.532563],[-73.84139,40.53267],[-73.841529,40.53267],[-73.841521,40.532577],[-73.841404,40.532563]],[[-73.850571,40.532505],[-73.850527,40.532546],[-73.85054,40.532595],[-73.850627,40.532546],[-73.850571,40.532505]],[[-73.833994,40.53196],[-73.83409,40.531989],[-73.834059,40.532075],[-73.83398,40.532052],[-73.833994,40.53196]],[[-73.961157,40.531864],[-73.96054,40.532069],[-73.959552,40.532965],[-73.959274,40.533287],[-73.95921,40.533688],[-73.959306,40.53397],[-73.960818,40.535988],[-73.961307,40.536312],[-73.96196,40.536433],[-73.962741,40.536034],[-73.963046,40.535077],[-73.963256,40.534861],[-73.963058,40.534244],[-73.962952,40.533349],[-73.962999,40.532793],[-73.963358,40.532454],[-73.96304,40.532146],[-73.962485,40.531921],[-73.961157,40.531864]],[[-73.836559,40.53161],[-73.836557,40.531713],[-73.83662,40.531778],[-73.836637,40.531682],[-73.836559,40.53161]],[[-73.834813,40.53162],[-73.834939,40.53162],[-73.83496,40.531682],[-73.834799,40.531704],[-73.834813,40.53162]],[[-73.832907,40.530664],[-73.832981,40.530664],[-73.832948,40.531136],[-73.832867,40.530972],[-73.832907,40.530664]],[[-73.838052,40.530448],[-73.838164,40.53044],[-73.838175,40.53054],[-73.838071,40.530559],[-73.838052,40.530448]],[[-73.97,40.530331],[-73.968781,40.530717],[-73.967999,40.530818],[-73.967906,40.531003],[-73.968091,40.531312],[-73.969151,40.532082],[-73.97,40.532572]],[[-73.840417,40.5302],[-73.840256,40.530293],[-73.840386,40.530482],[-73.840652,40.530293],[-73.840602,40.530189],[-73.840417,40.5302]],[[-73.837876,40.529892],[-73.838005,40.530046],[-73.837917,40.530212],[-73.837823,40.530015],[-73.837876,40.529892]],[[-73.836343,40.529614],[-73.83655,40.529676],[-73.836559,40.529911],[-73.836216,40.529769],[-73.836343,40.529614]],[[-73.841555,40.529367],[-73.841636,40.529398],[-73.841559,40.529471],[-73.841526,40.529429],[-73.841555,40.529367]],[[-73.839879,40.529059],[-73.839676,40.529271],[-73.839588,40.529244],[-73.839608,40.529151],[-73.839879,40.529059]],[[-73.843318,40.528858],[-73.84325,40.528966],[-73.843256,40.529004],[-73.843433,40.528873],[-73.843318,40.528858]],[[-73.842963,40.528596],[-73.843053,40.528627],[-73.842917,40.528756],[-73.84275,40.52875],[-73.842762,40.52864],[-73.842963,40.528596]],[[-73.841081,40.52838],[-73.841266,40.528472],[-73.84091,40.528602],[-73.840978,40.528441],[-73.841081,40.52838]],[[-73.843332,40.528102],[-73.84341,40.528105],[-73.84344,40.528194],[-73.843256,40.528196],[-73.843332,40.528102]],[[-73.844595,40.527886],[-73.844759,40.527886],[-73.844848,40.527978],[-73.844522,40.528099],[-73.844474,40.527948],[-73.844595,40.527886]],[[-73.845261,40.527608],[-73.845362,40.527608],[-73.845398,40.527762],[-73.84517,40.527868],[-73.845095,40.527701],[-73.845261,40.527608]],[[-73.847942,40.527052],[-73.84804,40.527094],[-73.84804,40.527252],[-73.847916,40.527176],[-73.847942,40.527052]],[[-73.859306,40.525134],[-73.8592,40.525201],[-73.859182,40.52529],[-73.859353,40.525231],[-73.859306,40.525134]],[[-73.851991,40.525076],[-73.851934,40.525139],[-73.85204,40.52517],[-73.852052,40.525091],[-73.851991,40.525076]],[[-73.76,40.564612],[-73.760324,40.564999],[-73.76054,40.5647],[-73.760972,40.565321],[-73.76159,40.565356],[-73.761606,40.565201],[-73.761775,40.565176],[-73.761824,40.565231],[-73.761629,40.565355],[-73.761826,40.565602],[-73.762052,40.565644],[-73.762176,40.565391],[-73.762361,40.565745],[-73.762729,40.564799],[-73.762886,40.56467],[-73.763071,40.564729],[-73.763256,40.564529],[-73.763627,40.564919],[-73.764244,40.565018],[-73.764306,40.564762],[-73.764707,40.565157],[-73.765077,40.564592],[-73.765201,40.56469],[-73.765417,40.564614],[-73.76554,40.564841],[-73.766096,40.564933],[-73.766127,40.565223],[-73.76625,40.565279],[-73.766528,40.565245],[-73.766651,40.565043],[-73.766806,40.565085],[-73.767114,40.564782],[-73.767299,40.564905],[-73.767474,40.564367],[-73.767701,40.564086],[-73.767793,40.564825],[-73.767948,40.564537],[-73.768009,40.564883],[-73.76838,40.564606],[-73.768812,40.564916],[-73.768997,40.564535],[-73.76909,40.564818],[-73.769448,40.564552],[-73.769336,40.564336],[-73.76962,40.563812],[-73.769661,40.563009],[-73.769536,40.562917],[-73.769547,40.562762],[-73.769614,40.562613],[-73.770055,40.562423],[-73.769799,40.562348],[-73.769717,40.562176],[-73.769861,40.562035],[-73.770206,40.561991],[-73.770293,40.561716],[-73.770401,40.561898],[-73.770227,40.562485],[-73.770382,40.562917],[-73.770324,40.56303],[-73.77017,40.56297],[-73.770046,40.563224],[-73.769985,40.56294],[-73.769799,40.563015],[-73.76975,40.563164],[-73.769802,40.563472],[-73.769988,40.563719],[-73.769738,40.563725],[-73.769738,40.563964],[-73.769985,40.563911],[-73.770046,40.563783],[-73.770126,40.563843],[-73.769804,40.564213],[-73.769665,40.564707],[-73.769985,40.564916],[-73.770139,40.564832],[-73.770324,40.564257],[-73.770448,40.564237],[-73.770537,40.563997],[-73.770664,40.562716],[-73.770809,40.563164],[-73.770818,40.563927],[-73.771034,40.563755],[-73.771157,40.563161],[-73.771343,40.563119],[-73.771404,40.563225],[-73.771404,40.563939],[-73.771559,40.563431],[-73.771806,40.563898],[-73.771991,40.563034],[-73.772145,40.56349],[-73.772299,40.56283],[-73.772423,40.563257],[-73.772731,40.562922],[-73.77267,40.564247],[-73.772893,40.563194],[-73.773194,40.562602],[-73.773287,40.5637],[-73.773472,40.563023],[-73.773565,40.562954],[-73.773688,40.563042],[-73.773812,40.5629],[-73.773904,40.563022],[-73.774151,40.561955],[-73.774112,40.562577],[-73.774151,40.562696],[-73.774275,40.56264],[-73.774306,40.562838],[-73.774491,40.56255],[-73.774645,40.562622],[-73.774799,40.562281],[-73.77483,40.562671],[-73.775046,40.562439],[-73.775139,40.562769],[-73.775417,40.562332],[-73.775509,40.562686],[-73.775694,40.562317],[-73.775849,40.562328],[-73.775941,40.562578],[-73.776096,40.562245],[-73.77625,40.562577],[-73.776466,40.562359],[-73.77662,40.562787],[-73.776744,40.562685],[-73.776836,40.562803],[-73.77696,40.56254],[-73.777052,40.563136],[-73.777247,40.562608],[-73.777207,40.561196],[-73.77733,40.561183],[-73.777485,40.561786],[-73.777767,40.56162],[-73.77804,40.560822],[-73.778133,40.560985],[-73.77838,40.561011],[-73.778657,40.561892],[-73.778873,40.561922],[-73.779028,40.561384],[-73.779367,40.562231],[-73.779465,40.561744],[-73.7796,40.561651],[-73.779592,40.561034],[-73.779892,40.56106],[-73.780012,40.56091],[-73.779923,40.56075],[-73.779594,40.560756],[-73.779738,40.560347],[-73.779951,40.560262],[-73.779941,40.560077],[-73.77977,40.559985],[-73.779821,40.559645],[-73.779991,40.559522],[-73.779884,40.559336],[-73.780035,40.55875],[-73.77999,40.558441],[-73.780108,40.558258],[-73.780415,40.558719],[-73.780297,40.559059],[-73.780571,40.559287],[-73.780769,40.559151],[-73.780664,40.559534],[-73.78054,40.559585],[-73.780478,40.559452],[-73.780235,40.559398],[-73.780359,40.559614],[-73.78053,40.559614],[-73.780431,40.560015],[-73.780206,40.560201],[-73.780345,40.560293],[-73.780327,40.560509],[-73.780478,40.560689],[-73.780756,40.559663],[-73.78088,40.5601],[-73.781065,40.559451],[-73.781065,40.560201],[-73.781281,40.55983],[-73.781417,40.559799],[-73.781345,40.559552],[-73.78147,40.558194],[-73.78159,40.55833],[-73.782126,40.558225],[-73.782022,40.558052],[-73.781836,40.558064],[-73.781751,40.557948],[-73.781775,40.557722],[-73.782202,40.558009],[-73.782145,40.558441],[-73.782485,40.558495],[-73.782565,40.55912],[-73.782762,40.559215],[-73.782978,40.5591],[-73.783164,40.558701],[-73.783287,40.558742],[-73.783322,40.559059],[-73.783472,40.559138],[-73.783565,40.558908],[-73.783786,40.558935],[-73.783966,40.558474],[-73.784151,40.558485],[-73.784275,40.558338],[-73.78446,40.558494],[-73.784738,40.558471],[-73.78483,40.557959],[-73.785015,40.55779],[-73.785039,40.55838],[-73.785201,40.558441],[-73.785293,40.558114],[-73.785664,40.5576],[-73.785972,40.557797],[-73.786181,40.557608],[-73.786188,40.557313],[-73.786373,40.557841],[-73.786466,40.557587],[-73.786559,40.557784],[-73.786744,40.557554],[-73.786775,40.557805],[-73.786929,40.557835],[-73.787083,40.557582],[-73.787238,40.557531],[-73.787441,40.557855],[-73.787762,40.557425],[-73.787824,40.557151],[-73.787978,40.557279],[-73.788225,40.556286],[-73.788997,40.55669],[-73.789026,40.556836],[-73.788904,40.556968],[-73.788719,40.556829],[-73.78851,40.556836],[-73.788657,40.557202],[-73.788843,40.557189],[-73.788904,40.557073],[-73.788935,40.557409],[-73.789367,40.557248],[-73.789367,40.55654],[-73.789769,40.557083],[-73.789923,40.556846],[-73.790046,40.55729],[-73.789971,40.556559],[-73.790077,40.556007],[-73.790349,40.556528],[-73.790229,40.55696],[-73.790293,40.5573],[-73.790568,40.556651],[-73.790552,40.55625],[-73.790677,40.55588],[-73.79056,40.555046],[-73.790764,40.554954],[-73.790782,40.55446],[-73.790633,40.554325],[-73.790231,40.554358],[-73.790072,40.554491],[-73.790077,40.554775],[-73.789799,40.554587],[-73.789707,40.55486],[-73.78946,40.554734],[-73.789213,40.554927],[-73.788904,40.554589],[-73.788688,40.554749],[-73.788472,40.554677],[-73.788349,40.554761],[-73.788349,40.554669],[-73.789059,40.554448],[-73.789985,40.554461],[-73.790139,40.554163],[-73.790324,40.554133],[-73.790515,40.553873],[-73.790602,40.55358],[-73.791404,40.553879],[-73.79159,40.553725],[-73.791744,40.553778],[-73.791867,40.553591],[-73.792608,40.553523],[-73.792855,40.553284],[-73.793164,40.553336],[-73.793349,40.553096],[-73.793688,40.553224],[-73.794336,40.552969],[-73.794522,40.553036],[-73.795046,40.552722],[-73.795293,40.552782],[-73.795448,40.552623],[-73.796096,40.552552],[-73.796577,40.552114],[-73.795787,40.551721],[-73.795478,40.552119],[-73.794985,40.551849],[-73.794213,40.552063],[-73.79411,40.551929],[-73.794522,40.551717],[-73.794707,40.551738],[-73.794892,40.551525],[-73.795355,40.551581],[-73.795633,40.551357],[-73.796065,40.551467],[-73.796404,40.551142],[-73.797114,40.550874],[-73.797608,40.550977],[-73.798164,40.550713],[-73.798565,40.550803],[-73.798565,40.550549],[-73.798719,40.550614],[-73.798904,40.550354],[-73.79909,40.550434],[-73.799213,40.550364],[-73.799028,40.550182],[-73.798873,40.550306],[-73.798688,40.550277],[-73.798503,40.55004],[-73.798441,40.550339],[-73.797917,40.550369],[-73.797546,40.549852],[-73.797423,40.549934],[-73.797061,40.549769],[-73.797176,40.549555],[-73.797731,40.549802],[-73.797851,40.549552],[-73.797727,40.549059],[-73.797857,40.548873],[-73.797824,40.548561],[-73.798256,40.549511],[-73.798465,40.549429],[-73.798472,40.549226],[-73.798719,40.549254],[-73.798495,40.548719],[-73.798256,40.548563],[-73.79804,40.548166],[-73.798503,40.54852],[-73.798625,40.54875],[-73.799213,40.548775],[-73.799398,40.549026],[-73.799799,40.548997],[-73.800046,40.548807],[-73.800159,40.548441],[-73.800077,40.548155],[-73.800355,40.548298],[-73.800324,40.548502],[-73.80054,40.548459],[-73.800787,40.548777],[-73.80151,40.548657],[-73.801651,40.547675],[-73.801896,40.547978],[-73.801819,40.548194],[-73.801991,40.548485],[-73.802022,40.54818],[-73.80233,40.548375],[-73.802454,40.548329],[-73.802546,40.548082],[-73.803009,40.548211],[-73.803166,40.548102],[-73.803256,40.547734],[-73.803719,40.54801],[-73.80386,40.547546],[-73.803565,40.547067],[-73.80338,40.547064],[-73.803287,40.547476],[-73.802978,40.547137],[-73.80267,40.547237],[-73.802608,40.547446],[-73.802392,40.54728],[-73.802083,40.54741],[-73.801979,40.547299],[-73.802022,40.547055],[-73.802299,40.547084],[-73.802577,40.546966],[-73.802855,40.547047],[-73.80304,40.546863],[-73.80338,40.546965],[-73.803565,40.54672],[-73.803781,40.546744],[-73.803966,40.546533],[-73.804213,40.54662],[-73.80446,40.546359],[-73.804738,40.546488],[-73.804811,40.546281],[-73.805417,40.546242],[-73.805818,40.546071],[-73.806096,40.546105],[-73.806484,40.545664],[-73.806466,40.545589],[-73.805972,40.545656],[-73.805756,40.545311],[-73.805791,40.545694],[-73.805571,40.545747],[-73.805201,40.54518],[-73.805135,40.545262],[-73.805288,40.545787],[-73.805108,40.545898],[-73.804754,40.54588],[-73.804578,40.545293],[-73.804552,40.545606],[-73.804354,40.545293],[-73.804491,40.545051],[-73.805509,40.544946],[-73.805664,40.544645],[-73.80588,40.544759],[-73.806065,40.544616],[-73.806157,40.54429],[-73.806281,40.54449],[-73.806836,40.544612],[-73.807083,40.544385],[-73.807361,40.544403],[-73.808071,40.544109],[-73.808287,40.544159],[-73.808441,40.543969],[-73.809429,40.543841],[-73.809614,40.543563],[-73.809892,40.54367],[-73.810139,40.543497],[-73.811312,40.543517],[-73.81159,40.543168],[-73.811991,40.543025],[-73.812238,40.54311],[-73.813009,40.542942],[-73.813164,40.542772],[-73.814306,40.542684],[-73.815231,40.542365],[-73.815172,40.542083],[-73.815501,40.541929],[-73.815355,40.541699],[-73.81517,40.541777],[-73.815108,40.542022],[-73.814892,40.542028],[-73.814552,40.5417],[-73.814429,40.542052],[-73.81409,40.541961],[-73.813997,40.542204],[-73.813812,40.542082],[-73.813582,40.542176],[-73.813225,40.542032],[-73.813025,40.542114],[-73.812948,40.542323],[-73.812454,40.542258],[-73.812361,40.5426],[-73.812145,40.542315],[-73.811898,40.542249],[-73.811745,40.54233],[-73.811682,40.542548],[-73.811528,40.542485],[-73.811373,40.542582],[-73.810478,40.542617],[-73.809552,40.542893],[-73.80875,40.542852],[-73.808688,40.54257],[-73.809059,40.542644],[-73.809182,40.542506],[-73.809738,40.542501],[-73.809985,40.542201],[-73.810324,40.542318],[-73.810509,40.542548],[-73.810633,40.542256],[-73.81091,40.542328],[-73.811127,40.542257],[-73.811373,40.541968],[-73.81162,40.542035],[-73.811898,40.541817],[-73.812361,40.54188],[-73.812824,40.541742],[-73.813102,40.541487],[-73.813441,40.541673],[-73.813695,40.541435],[-73.813997,40.541485],[-73.814336,40.54119],[-73.814583,40.541245],[-73.81517,40.541042],[-73.815602,40.541025],[-73.815818,40.541151],[-73.816003,40.540789],[-73.816312,40.540878],[-73.816528,40.540654],[-73.817013,40.540694],[-73.817532,40.540201],[-73.817292,40.540139],[-73.816867,40.539772],[-73.816528,40.539828],[-73.816404,40.539979],[-73.815359,40.539892],[-73.81591,40.539695],[-73.816127,40.539761],[-73.816466,40.53955],[-73.816804,40.539552],[-73.817052,40.53884],[-73.81767,40.539202],[-73.818071,40.539156],[-73.81838,40.538953],[-73.818596,40.539025],[-73.818873,40.538946],[-73.81912,40.538712],[-73.819398,40.538808],[-73.819584,40.538781],[-73.819676,40.538614],[-73.819892,40.538684],[-73.819985,40.538427],[-73.820448,40.538519],[-73.820633,40.538289],[-73.820941,40.5383],[-73.821157,40.538511],[-73.82125,40.538178],[-73.821775,40.538144],[-73.821898,40.537961],[-73.822515,40.537931],[-73.82304,40.537685],[-73.82375,40.537651],[-73.824059,40.537296],[-73.82446,40.537423],[-73.824633,40.537176],[-73.823966,40.536698],[-73.824,40.537207],[-73.823657,40.536738],[-73.823596,40.537004],[-73.82341,40.536802],[-73.823287,40.537013],[-73.823061,40.536898],[-73.822978,40.537383],[-73.822793,40.537155],[-73.82274,40.53733],[-73.822485,40.537141],[-73.822423,40.537313],[-73.822052,40.537065],[-73.821732,40.537114],[-73.82162,40.537344],[-73.821435,40.537182],[-73.820489,40.537269],[-73.82054,40.537086],[-73.820787,40.537001],[-73.821034,40.537098],[-73.821127,40.536896],[-73.821466,40.536995],[-73.822269,40.536498],[-73.822546,40.536604],[-73.822762,40.536415],[-73.822948,40.536526],[-73.823318,40.536257],[-73.823472,40.536331],[-73.823627,40.536216],[-73.824151,40.536301],[-73.825139,40.535685],[-73.825355,40.535776],[-73.825419,40.535602],[-73.825761,40.535448],[-73.825452,40.535417],[-73.825201,40.534769],[-73.825262,40.534433],[-73.825541,40.534707],[-73.82588,40.535468],[-73.825878,40.534552],[-73.825972,40.534348],[-73.82625,40.534483],[-73.82659,40.534978],[-73.82651,40.534213],[-73.826836,40.534418],[-73.827052,40.534728],[-73.826929,40.534039],[-73.827608,40.534024],[-73.827978,40.533738],[-73.828525,40.534151],[-73.828441,40.533679],[-73.82827,40.533472],[-73.828318,40.533355],[-73.828431,40.533534],[-73.828719,40.533557],[-73.828904,40.533394],[-73.829244,40.533976],[-73.82983,40.53432],[-73.829923,40.534492],[-73.830571,40.534141],[-73.830787,40.533757],[-73.831497,40.533952],[-73.831898,40.533653],[-73.832052,40.533651],[-73.8322,40.53341],[-73.831938,40.53304],[-73.831979,40.532577],[-73.832324,40.532515],[-73.832284,40.532361],[-73.832577,40.532084],[-73.832762,40.532247],[-73.832917,40.532031],[-73.833133,40.532047],[-73.833133,40.532147],[-73.833256,40.532072],[-73.833688,40.53218],[-73.833935,40.532612],[-73.83446,40.532975],[-73.834676,40.532831],[-73.834843,40.532515],[-73.834744,40.532269],[-73.835324,40.532148],[-73.835308,40.53196],[-73.83588,40.531004],[-73.836157,40.53108],[-73.836682,40.530829],[-73.837083,40.53095],[-73.837762,40.530641],[-73.838287,40.531068],[-73.83841,40.530477],[-73.839252,40.53017],[-73.839367,40.529943],[-73.839676,40.530346],[-73.84017,40.529833],[-73.840236,40.529985],[-73.840417,40.530038],[-73.840477,40.529923],[-73.84027,40.529769],[-73.840849,40.529331],[-73.841157,40.529425],[-73.841466,40.529716],[-73.841906,40.529522],[-73.84196,40.529312],[-73.842114,40.529365],[-73.842361,40.529223],[-73.842523,40.529336],[-73.842767,40.529306],[-73.84319,40.529028],[-73.842577,40.529243],[-73.842466,40.529213],[-73.842494,40.52912],[-73.842948,40.528831],[-73.843071,40.528885],[-73.843781,40.528387],[-73.844469,40.528164],[-73.843596,40.528755],[-73.845262,40.527922],[-73.845592,40.52804],[-73.845617,40.527762],[-73.846004,40.527608],[-73.846003,40.527445],[-73.84662,40.527399],[-73.84672,40.527207],[-73.84733,40.526914],[-73.847417,40.526929],[-73.847313,40.527145],[-73.847639,40.527103],[-73.847762,40.527332],[-73.84804,40.527333],[-73.848276,40.527022],[-73.847914,40.526929],[-73.848328,40.526528],[-73.847955,40.52659],[-73.848565,40.526134],[-73.848873,40.526401],[-73.849028,40.526377],[-73.849108,40.526096],[-73.849023,40.525972],[-73.849306,40.525758],[-73.849892,40.525582],[-73.849868,40.525694],[-73.850015,40.525755],[-73.850941,40.525327],[-73.851157,40.525528],[-73.85125,40.525217],[-73.851745,40.525]],[[-73.852156,40.525],[-73.852145,40.525045],[-73.852639,40.525084],[-73.852725,40.525]],[[-73.854048,40.525],[-73.854233,40.525046],[-73.854297,40.525]]]}},{"type":"Feature","properties":{"depthFt":50},"geometry":{"type":"MultiLineString","coordinates":[[[-73.808287,40.558098],[-73.808318,40.558178],[-73.808417,40.558164],[-73.808349,40.558087],[-73.808287,40.558098]],[[-73.808135,40.55733],[-73.808253,40.557454],[-73.808164,40.557549],[-73.808093,40.557485],[-73.808135,40.55733]],[[-73.81625,40.556958],[-73.816178,40.557022],[-73.816188,40.557134],[-73.816304,40.557022],[-73.81625,40.556958]],[[-73.815657,40.556497],[-73.815756,40.556486],[-73.815805,40.556559],[-73.815725,40.556575],[-73.815657,40.556497]],[[-73.808596,40.556188],[-73.808298,40.556373],[-73.807999,40.557114],[-73.807926,40.55767],[-73.808287,40.558],[-73.80841,40.557718],[-73.808565,40.557882],[-73.808904,40.557723],[-73.809213,40.557813],[-73.809704,40.557701],[-73.809865,40.557299],[-73.809769,40.557011],[-73.809381,40.556682],[-73.809117,40.55625],[-73.808596,40.556188]],[[-73.815324,40.554704],[-73.81446,40.555021],[-73.81409,40.555291],[-73.813491,40.556281],[-73.813781,40.556726],[-73.814151,40.556803],[-73.81461,40.557114],[-73.814769,40.557349],[-73.815509,40.557208],[-73.815509,40.556908],[-73.816044,40.556651],[-73.816003,40.556413],[-73.816219,40.55625],[-73.816435,40.556267],[-73.816808,40.555818],[-73.816775,40.555733],[-73.81662,40.555783],[-73.816497,40.55554],[-73.816404,40.555722],[-73.816157,40.555814],[-73.815664,40.555639],[-73.815532,40.55517],[-73.815673,40.554861],[-73.815324,40.554704]],[[-73.761929,40.552863],[-73.761871,40.553225],[-73.761898,40.553283],[-73.76198,40.553133],[-73.761929,40.552863]],[[-73.76196,40.552512],[-73.761927,40.552577],[-73.761929,40.552772],[-73.761961,40.552762],[-73.76196,40.552512]],[[-73.762207,40.552415],[-73.762143,40.552515],[-73.762176,40.552609],[-73.762246,40.552515],[-73.762207,40.552415]],[[-73.761991,40.552242],[-73.761958,40.55233],[-73.761991,40.552425],[-73.762027,40.55233],[-73.761991,40.552242]],[[-73.762207,40.551825],[-73.762158,40.552052],[-73.762207,40.55235],[-73.762277,40.551898],[-73.762207,40.551825]],[[-73.763318,40.550384],[-73.763227,40.550509],[-73.763225,40.550794],[-73.76338,40.550448],[-73.763318,40.550384]],[[-73.766003,40.549788],[-73.765903,40.549954],[-73.765972,40.550069],[-73.766055,40.549892],[-73.766003,40.549788]],[[-73.763762,40.549583],[-73.763852,40.549645],[-73.76375,40.549743],[-73.76373,40.549676],[-73.763762,40.549583]],[[-73.76733,40.549575],[-73.767217,40.54983],[-73.767269,40.549933],[-73.767331,40.54983],[-73.76733,40.549575]],[[-73.761147,40.549367],[-73.761191,40.549522],[-73.761127,40.549597],[-73.761103,40.54946],[-73.761147,40.549367]],[[-73.766404,40.5493],[-73.766321,40.549769],[-73.766404,40.550072],[-73.766499,40.549398],[-73.766404,40.5493]],[[-73.765818,40.549305],[-73.765622,40.549769],[-73.765596,40.550077],[-73.765725,40.550143],[-73.765818,40.549305]],[[-73.765138,40.548904],[-73.76517,40.548911],[-73.765231,40.549028],[-73.76505,40.549028],[-73.765138,40.548904]],[[-73.76393,40.548873],[-73.763997,40.548893],[-73.763997,40.548969],[-73.763933,40.548935],[-73.76393,40.548873]],[[-73.769861,40.547197],[-73.769845,40.547269],[-73.769892,40.547352],[-73.76996,40.547238],[-73.769861,40.547197]],[[-73.767756,40.546528],[-73.767786,40.546991],[-73.767577,40.547418],[-73.767608,40.5469],[-73.767756,40.546528]],[[-73.775478,40.545494],[-73.775446,40.545571],[-73.775478,40.545704],[-73.77552,40.54554],[-73.775478,40.545494]],[[-73.77409,40.545413],[-73.774043,40.54554],[-73.774059,40.545702],[-73.774095,40.545602],[-73.77409,40.545413]],[[-73.772948,40.545231],[-73.772886,40.545339],[-73.773058,40.545293],[-73.773059,40.545262],[-73.772948,40.545231]],[[-73.776435,40.544054],[-73.77639,40.544213],[-73.776435,40.544341],[-73.776484,40.54412],[-73.776435,40.544054]],[[-73.780293,40.542194],[-73.780235,40.542299],[-73.780231,40.542706],[-73.780373,40.542238],[-73.780293,40.542194]],[[-73.779018,40.542022],[-73.779069,40.542114],[-73.778997,40.542337],[-73.778978,40.542114],[-73.779018,40.542022]],[[-73.778297,40.541188],[-73.778393,40.54125],[-73.778256,40.541751],[-73.77821,40.541559],[-73.778297,40.541188]],[[-73.781528,40.540939],[-73.781428,40.541373],[-73.781466,40.541539],[-73.7816,40.540972],[-73.781528,40.540939]],[[-73.781744,40.540732],[-73.781713,40.540759],[-73.781651,40.540948],[-73.781836,40.540891],[-73.781744,40.540732]],[[-73.780664,40.540736],[-73.78063,40.540818],[-73.780725,40.540853],[-73.780756,40.540765],[-73.780664,40.540736]],[[-73.781188,40.540496],[-73.781092,40.540633],[-73.781096,40.540883],[-73.781277,40.540787],[-73.781188,40.540496]],[[-73.783246,40.539398],[-73.78329,40.539491],[-73.783225,40.539526],[-73.7832,40.539491],[-73.783246,40.539398]],[[-73.785664,40.537748],[-73.785571,40.537873],[-73.785448,40.53795],[-73.785756,40.537942],[-73.785664,40.537748]],[[-73.786195,40.535664],[-73.786404,40.535709],[-73.786529,40.536219],[-73.786312,40.53621],[-73.786188,40.536368],[-73.785957,40.536034],[-73.786014,40.535756],[-73.786127,40.535796],[-73.786195,40.535664]],[[-73.786787,40.535602],[-73.786836,40.535571],[-73.786901,40.535633],[-73.786836,40.535668],[-73.786787,40.535602]],[[-73.787782,40.535262],[-73.787855,40.53525],[-73.78794,40.535386],[-73.787793,40.535443],[-73.787782,40.535262]],[[-73.78811,40.534954],[-73.788383,40.535231],[-73.788318,40.535407],[-73.788133,40.535324],[-73.78811,40.534954]],[[-73.788168,40.533657],[-73.78829,40.53375],[-73.788256,40.533841],[-73.788194,40.533811],[-73.788168,40.533657]],[[-73.789099,40.533472],[-73.789159,40.533534],[-73.789059,40.533619],[-73.789028,40.533565],[-73.789099,40.533472]],[[-73.789454,40.53341],[-73.789557,40.533472],[-73.789552,40.533661],[-73.78946,40.533552],[-73.789454,40.53341]],[[-73.790465,40.533133],[-73.79064,40.533256],[-73.79064,40.533318],[-73.790456,40.533318],[-73.790465,40.533133]],[[-73.791867,40.533081],[-73.791867,40.533525],[-73.791528,40.533175],[-73.791447,40.533225],[-73.791533,40.533688],[-73.791651,40.533764],[-73.792156,40.533719],[-73.791867,40.533081]],[[-73.793062,40.531404],[-73.793071,40.531376],[-73.793133,40.531565],[-73.793133,40.531654],[-73.793062,40.531404]],[[-73.791554,40.531343],[-73.791706,40.531497],[-73.791726,40.531775],[-73.791577,40.531559],[-73.791554,40.531343]],[[-73.792934,40.531127],[-73.793043,40.531188],[-73.79304,40.531358],[-73.792939,40.531188],[-73.792934,40.531127]],[[-73.7933,40.531065],[-73.793477,40.531157],[-73.793584,40.531651],[-73.793353,40.531373],[-73.7933,40.531065]],[[-73.793997,40.529799],[-73.794056,40.529861],[-73.794028,40.530015],[-73.793984,40.529985],[-73.793997,40.529799]],[[-73.794869,40.529398],[-73.794936,40.529398],[-73.794985,40.529568],[-73.794923,40.529523],[-73.794869,40.529398]],[[-73.797311,40.528565],[-73.797762,40.528636],[-73.79792,40.528812],[-73.797762,40.528958],[-73.797454,40.528869],[-73.797265,40.528719],[-73.797311,40.528565]],[[-73.800725,40.528347],[-73.800571,40.528368],[-73.800542,40.528441],[-73.800867,40.52841],[-73.800725,40.528347]],[[-73.805385,40.525602],[-73.805386,40.525858],[-73.805089,40.525694],[-73.805139,40.525623],[-73.805385,40.525602]],[[-73.76,40.552044],[-73.76017,40.551827],[-73.760293,40.551336],[-73.760417,40.551449],[-73.760571,40.551366],[-73.760485,40.551836],[-73.760664,40.552031],[-73.760756,40.551892],[-73.761034,40.551906],[-73.761157,40.552308],[-73.761343,40.552082],[-73.761334,40.552515],[-73.761545,40.552608],[-73.76159,40.553014],[-73.761929,40.552238],[-73.761898,40.552],[-73.761764,40.552022],[-73.761829,40.551281],[-73.761646,40.551219],[-73.761746,40.550725],[-73.761559,40.550769],[-73.761292,40.550201],[-73.761528,40.54974],[-73.76159,40.550252],[-73.761775,40.549931],[-73.76196,40.549937],[-73.762011,40.549583],[-73.7621,40.549552],[-73.762145,40.550215],[-73.762485,40.54952],[-73.762499,40.550293],[-73.762708,40.550231],[-73.762824,40.549998],[-73.762917,40.550311],[-73.763164,40.550029],[-73.763349,40.549566],[-73.76338,40.550216],[-73.76375,40.549793],[-73.763935,40.550185],[-73.764275,40.549413],[-73.764183,40.549799],[-73.764244,40.550107],[-73.764522,40.55041],[-73.764707,40.549679],[-73.764841,40.550139],[-73.765015,40.549191],[-73.765046,40.550087],[-73.765231,40.549959],[-73.765386,40.550221],[-73.765464,40.549892],[-73.765317,40.549799],[-73.765633,40.549392],[-73.765756,40.548864],[-73.76591,40.548925],[-73.766065,40.548632],[-73.766134,40.549059],[-73.766034,40.549767],[-73.766373,40.549093],[-73.766532,40.548997],[-73.766596,40.548503],[-73.766503,40.547731],[-73.76662,40.547355],[-73.766794,40.548441],[-73.766679,40.549769],[-73.766867,40.550174],[-73.767053,40.548534],[-73.76696,40.54859],[-73.766897,40.548472],[-73.76694,40.547701],[-73.767114,40.547283],[-73.767198,40.547423],[-73.767145,40.548086],[-73.767299,40.547704],[-73.767515,40.547504],[-73.767701,40.547859],[-73.767835,40.547546],[-73.768147,40.547269],[-73.768149,40.547022],[-73.768287,40.546822],[-73.768133,40.548012],[-73.768287,40.54748],[-73.76841,40.547454],[-73.768565,40.54681],[-73.768627,40.547672],[-73.768796,40.547176],[-73.768997,40.547102],[-73.769098,40.547145],[-73.76909,40.547576],[-73.769381,40.546559],[-73.769275,40.546478],[-73.769107,40.546713],[-73.769306,40.546017],[-73.769398,40.546246],[-73.769605,40.546373],[-73.769376,40.547022],[-73.769429,40.5473],[-73.769552,40.547016],[-73.769676,40.547081],[-73.769761,40.546373],[-73.769923,40.546074],[-73.769985,40.546734],[-73.770293,40.545627],[-73.770408,40.545756],[-73.770268,40.546404],[-73.770251,40.547299],[-73.770481,40.546898],[-73.770444,40.546281],[-73.770818,40.545772],[-73.770919,40.54588],[-73.770963,40.546528],[-73.770787,40.547134],[-73.770849,40.5472],[-73.771106,40.546775],[-73.771219,40.546043],[-73.771401,40.54591],[-73.77162,40.544871],[-73.771678,40.545139],[-73.771499,40.545972],[-73.771651,40.546046],[-73.771929,40.545631],[-73.772005,40.546034],[-73.77222,40.545972],[-73.772363,40.545324],[-73.772492,40.545201],[-73.772239,40.545108],[-73.772828,40.544398],[-73.772651,40.544182],[-73.77277,40.543843],[-73.772618,40.543565],[-73.772978,40.543213],[-73.772878,40.543873],[-73.77306,40.544275],[-73.772903,40.544429],[-73.773058,40.544522],[-73.773141,40.545448],[-73.773403,40.545324],[-73.773441,40.54614],[-73.773627,40.544879],[-73.77382,40.545046],[-73.773904,40.545316],[-73.774182,40.544728],[-73.77422,40.544954],[-73.774387,40.544985],[-73.77446,40.545551],[-73.774676,40.543886],[-73.774861,40.545285],[-73.775262,40.543238],[-73.775433,40.543873],[-73.775226,40.544059],[-73.775154,40.54446],[-73.775201,40.544548],[-73.775386,40.544481],[-73.775492,40.54483],[-73.77566,40.544552],[-73.775727,40.544059],[-73.775652,40.543935],[-73.77591,40.543327],[-73.776002,40.543349],[-73.775972,40.545167],[-73.776281,40.543373],[-73.776419,40.543503],[-73.776651,40.543167],[-73.776836,40.543947],[-73.777061,40.543657],[-73.777157,40.543102],[-73.777546,40.542669],[-73.777391,40.543349],[-73.777423,40.543971],[-73.777634,40.543472],[-73.777671,40.542855],[-73.777793,40.542587],[-73.777824,40.542999],[-73.777959,40.542917],[-73.778194,40.542321],[-73.778318,40.542751],[-73.778503,40.542336],[-73.778688,40.542611],[-73.779059,40.542675],[-73.779244,40.542364],[-73.779398,40.542446],[-73.779557,40.542299],[-73.779799,40.541857],[-73.779804,40.542207],[-73.779892,40.54224],[-73.780022,40.54159],[-73.779958,40.541312],[-73.780139,40.541107],[-73.780229,40.541559],[-73.780381,40.541497],[-73.78048,40.540756],[-73.780668,40.540509],[-73.78069,40.540139],[-73.780876,40.539985],[-73.780769,40.539738],[-73.78091,40.539341],[-73.781034,40.540181],[-73.781219,40.540131],[-73.781343,40.539784],[-73.781497,40.539981],[-73.781406,40.540139],[-73.781497,40.54035],[-73.781719,40.540231],[-73.781836,40.539844],[-73.782176,40.540301],[-73.782392,40.539731],[-73.782515,40.540108],[-73.78267,40.540132],[-73.782831,40.540015],[-73.782917,40.539726],[-73.783102,40.53981],[-73.783472,40.539722],[-73.783627,40.539457],[-73.783812,40.539462],[-73.783845,40.539213],[-73.784011,40.53909],[-73.783958,40.538781],[-73.784306,40.538364],[-73.784695,40.538164],[-73.784742,40.538009],[-73.784645,40.537909],[-73.784469,40.538102],[-73.78433,40.538102],[-73.784505,40.537145],[-73.784923,40.537114],[-73.785417,40.536862],[-73.785849,40.537025],[-73.786209,40.536806],[-73.786116,40.536559],[-73.786188,40.536374],[-73.786521,40.536435],[-73.786423,40.536775],[-73.786528,40.536886],[-73.786898,40.536728],[-73.787114,40.536831],[-73.787176,40.536434],[-73.787327,40.53625],[-73.787207,40.535915],[-73.787639,40.536643],[-73.787754,40.536373],[-73.787729,40.536003],[-73.787399,40.535509],[-73.787423,40.5354],[-73.787622,40.535448],[-73.787911,40.535941],[-73.78841,40.535965],[-73.788565,40.535765],[-73.788812,40.535911],[-73.789181,40.535602],[-73.789221,40.535417],[-73.789151,40.535308],[-73.789059,40.535456],[-73.788812,40.535327],[-73.788596,40.535362],[-73.788503,40.534795],[-73.78875,40.534952],[-73.788966,40.534765],[-73.789213,40.535072],[-73.789295,40.534738],[-73.789552,40.534534],[-73.789738,40.534642],[-73.789954,40.535049],[-73.790015,40.534323],[-73.790201,40.534483],[-73.790448,40.534383],[-73.790509,40.534169],[-73.790725,40.534259],[-73.791003,40.534045],[-73.79125,40.534209],[-73.791453,40.53375],[-73.791065,40.533179],[-73.79088,40.533484],[-73.790712,40.533287],[-73.790748,40.533102],[-73.791127,40.533129],[-73.791188,40.532704],[-73.791426,40.532855],[-73.791682,40.532705],[-73.791806,40.532408],[-73.792238,40.533142],[-73.792251,40.532608],[-73.79246,40.532546],[-73.792485,40.532089],[-73.792824,40.532313],[-73.792978,40.532157],[-73.793225,40.532211],[-73.793778,40.531806],[-73.793649,40.531127],[-73.793916,40.530694],[-73.794059,40.530131],[-73.794182,40.530558],[-73.794583,40.530849],[-73.794738,40.530846],[-73.794738,40.530614],[-73.794985,40.530715],[-73.795324,40.530377],[-73.795509,40.53053],[-73.795602,40.530275],[-73.796005,40.530972],[-73.795878,40.530077],[-73.796003,40.530107],[-73.796312,40.530628],[-73.796227,40.530478],[-73.796281,40.529859],[-73.796528,40.530176],[-73.79662,40.529707],[-73.796775,40.529963],[-73.796929,40.529589],[-73.797098,40.529583],[-73.797114,40.529781],[-73.797477,40.529707],[-73.797485,40.529533],[-73.797886,40.529591],[-73.798349,40.528963],[-73.799367,40.528892],[-73.799463,40.52875],[-73.799306,40.528713],[-73.799309,40.528503],[-73.800108,40.528603],[-73.800514,40.528256],[-73.801404,40.528132],[-73.80147,40.528009],[-73.801216,40.527762],[-73.801312,40.527708],[-73.802269,40.527814],[-73.802515,40.527739],[-73.80268,40.527886],[-73.802803,40.527855],[-73.802988,40.527639],[-73.802956,40.527423],[-73.802608,40.527353],[-73.802639,40.527082],[-73.802504,40.52696],[-73.80317,40.526806],[-73.802457,40.526435],[-73.802485,40.526356],[-73.80375,40.526468],[-73.804244,40.526155],[-73.804799,40.526194],[-73.805139,40.526007],[-73.805571,40.526342],[-73.806373,40.526476],[-73.80645,40.526312],[-73.80595,40.526065],[-73.80565,40.525725],[-73.806219,40.525181],[-73.806312,40.52532],[-73.806806,40.525019],[-73.807855,40.525123],[-73.807865,40.525]]]}},{"type":"Feature","properties":{"depthFt":60},"geometry":{"type":"MultiLineString","coordinates":[[[-73.760787,40.53287],[-73.760787,40.532953],[-73.760897,40.532917],[-73.760849,40.532866],[-73.760787,40.53287]],[[-73.762978,40.532684],[-73.762954,40.533164],[-73.763102,40.533386],[-73.763138,40.533071],[-73.762978,40.532684]],[[-73.765571,40.532695],[-73.76543,40.532886],[-73.765478,40.533163],[-73.765637,40.532762],[-73.765571,40.532695]],[[-73.764614,40.532614],[-73.764527,40.532978],[-73.764583,40.533112],[-73.764676,40.532781],[-73.764614,40.532614]],[[-73.761091,40.531096],[-73.761185,40.531096],[-73.761157,40.531223],[-73.761074,40.531188],[-73.761091,40.531096]],[[-73.768343,40.531065],[-73.768448,40.531188],[-73.76838,40.531374],[-73.768343,40.531343],[-73.768343,40.531065]],[[-73.772668,40.530664],[-73.772776,40.530725],[-73.772701,40.530814],[-73.772592,40.530756],[-73.772668,40.530664]],[[-73.772371,40.529954],[-73.772451,40.530046],[-73.772377,40.530417],[-73.772083,40.53075],[-73.772208,40.530108],[-73.772371,40.529954]],[[-73.776096,40.529515],[-73.776056,40.529583],[-73.776096,40.529659],[-73.776153,40.529583],[-73.776096,40.529515]],[[-73.775694,40.529456],[-73.775507,40.529552],[-73.775602,40.529858],[-73.775765,40.529583],[-73.775694,40.529456]],[[-73.775195,40.527238],[-73.775288,40.527423],[-73.77517,40.527567],[-73.775093,40.527454],[-73.775195,40.527238]],[[-73.78162,40.526031],[-73.781528,40.526092],[-73.781497,40.526193],[-73.78162,40.526105],[-73.78162,40.526031]],[[-73.76,40.533018],[-73.760231,40.533266],[-73.760444,40.532886],[-73.760302,40.532207],[-73.760694,40.532208],[-73.760849,40.531769],[-73.761157,40.53153],[-73.761205,40.531836],[-73.76105,40.532083],[-73.761224,40.532762],[-73.761027,40.532793],[-73.761003,40.532948],[-73.761155,40.533225],[-73.761404,40.533311],[-73.761651,40.533038],[-73.761836,40.53306],[-73.761787,40.532855],[-73.761929,40.532516],[-73.762,40.532948],[-73.761876,40.533071],[-73.761984,40.533287],[-73.762141,40.533256],[-73.762361,40.532688],[-73.762406,40.533133],[-73.762546,40.53338],[-73.762678,40.533164],[-73.762819,40.53233],[-73.762978,40.532214],[-73.763347,40.53233],[-73.76341,40.532732],[-73.763502,40.532207],[-73.763596,40.532163],[-73.763596,40.533088],[-73.763725,40.532392],[-73.763873,40.532255],[-73.76398,40.532299],[-73.763858,40.532948],[-73.764028,40.532791],[-73.764151,40.533078],[-73.76433,40.532577],[-73.764275,40.53225],[-73.764614,40.532377],[-73.765139,40.532357],[-73.765284,40.532485],[-73.765231,40.533104],[-73.765381,40.532454],[-73.765664,40.531956],[-73.765725,40.532421],[-73.765941,40.532152],[-73.766127,40.532515],[-73.766188,40.532202],[-73.766435,40.532364],[-73.76659,40.53207],[-73.766682,40.532222],[-73.766867,40.532226],[-73.766991,40.53248],[-73.767176,40.532068],[-73.767343,40.532176],[-73.767423,40.532521],[-73.767639,40.532144],[-73.767793,40.532285],[-73.767953,40.531775],[-73.767793,40.531692],[-73.767608,40.531942],[-73.767596,40.531775],[-73.76733,40.531716],[-73.767361,40.531591],[-73.767855,40.531557],[-73.768071,40.531413],[-73.768,40.532176],[-73.768133,40.532418],[-73.768287,40.531592],[-73.768657,40.532206],[-73.768781,40.532078],[-73.768872,40.531497],[-73.768997,40.53143],[-73.76909,40.532134],[-73.769251,40.531343],[-73.76911,40.531219],[-73.769182,40.5311],[-73.769552,40.531228],[-73.769676,40.531533],[-73.769923,40.531063],[-73.770139,40.531306],[-73.770386,40.531306],[-73.770571,40.531149],[-73.770694,40.531318],[-73.770972,40.530765],[-73.771113,40.531281],[-73.771343,40.531455],[-73.771651,40.530338],[-73.771744,40.531307],[-73.771991,40.530977],[-73.772238,40.53097],[-73.772392,40.53075],[-73.772577,40.530905],[-73.773042,40.530849],[-73.773052,40.530293],[-73.772886,40.530727],[-73.772732,40.530201],[-73.772886,40.529815],[-73.773164,40.53015],[-73.77338,40.529692],[-73.773571,40.529799],[-73.773688,40.530104],[-73.773935,40.529688],[-73.774522,40.529671],[-73.774763,40.529398],[-73.774493,40.529182],[-73.774878,40.529059],[-73.775077,40.528059],[-73.775149,40.528627],[-73.775012,40.529059],[-73.775509,40.529254],[-73.775941,40.528779],[-73.776404,40.528721],[-73.77702,40.528472],[-73.777024,40.528349],[-73.775976,40.527793],[-73.775898,40.527546],[-73.775972,40.527412],[-73.777948,40.527731],[-73.778503,40.527533],[-73.778596,40.527262],[-73.77912,40.527381],[-73.779483,40.527052],[-73.77946,40.527328],[-73.779664,40.527052],[-73.779614,40.526968],[-73.779491,40.527052],[-73.779552,40.526881],[-73.779954,40.526853],[-73.780602,40.526593],[-73.780818,40.526311],[-73.781003,40.52635],[-73.781259,40.526157],[-73.781389,40.52591],[-73.781219,40.525755],[-73.78196,40.525747],[-73.782392,40.52541],[-73.782917,40.525456],[-73.78338,40.525328],[-73.78352,40.52517],[-73.783441,40.525]]]}}]}
