{
"type": "FeatureCollection",
"xy_coordinate_resolution": 1e-06,
"features": [
{"type":"Feature","properties":{"depthFt":2},"geometry":{"type":"MultiLineString","coordinates":[[[-73.808147,40.605],[-73.808205,40.60483],[-73.808935,40.604941],[-73.80892,40.605]],[[-73.836122,40.604707],[-73.836273,40.604707],[-73.83624,40.60483],[-73.836065,40.604885],[-73.835937,40.604799],[-73.836122,40.604707]],[[-73.85166,40.605],[-73.851464,40.604707],[-73.851353,40.604491],[-73.851407,40.604367],[-73.851957,40.604522],[-73.852054,40.604738],[-73.851994,40.605]],[[-73.870958,40.605],[-73.870787,40.604832],[-73.870688,40.604306],[-73.87122,40.604398],[-73.871223,40.604614],[-73.871026,40.605]],[[-73.909028,40.604084],[-73.908993,40.604151],[-73.909059,40.604186],[-73.909113,40.60412],[-73.909028,40.604084]],[[-73.909688,40.605],[-73.909635,40.604892],[-73.909845,40.604429],[-73.909841,40.60412],[-73.909769,40.604008],[-73.909552,40.603993],[-73.909476,40.605]],[[-73.806047,40.603565],[-73.806393,40.60375],[-73.806343,40.604094],[-73.806014,40.604028],[-73.806162,40.603904],[-73.805953,40.603812],[-73.806047,40.603565]],[[-73.904327,40.605],[-73.905231,40.604843],[-73.905339,40.605]],[[-73.908628,40.605],[-73.908357,40.60409],[-73.908843,40.60387],[-73.91091,40.603433],[-73.912948,40.603688],[-73.913673,40.603904],[-73.914863,40.605]],[[-73.840367,40.605],[-73.840664,40.604366],[-73.841373,40.604219],[-73.841608,40.603997],[-73.844799,40.603225],[-73.845818,40.603388],[-73.84629,40.603688],[-73.84662,40.603709],[-73.846672,40.603966],[-73.846867,40.60416],[-73.847515,40.604355],[-73.848326,40.605]],[[-73.795047,40.605],[-73.795478,40.604761],[-73.796806,40.603688],[-73.799059,40.603192],[-73.799645,40.603537],[-73.801281,40.603908],[-73.802114,40.60373],[-73.80375,40.603873],[-73.804244,40.604296],[-73.804439,40.605]],[[-73.805941,40.602793],[-73.805977,40.602855],[-73.80591,40.602963],[-73.805899,40.602855],[-73.805941,40.602793]],[[-73.919367,40.602328],[-73.919213,40.60242],[-73.918997,40.602895],[-73.919337,40.602886],[-73.919574,40.602361],[-73.919367,40.602328]],[[-73.87136,40.60017],[-73.871466,40.600201],[-73.871578,40.600602],[-73.871435,40.600953],[-73.871028,40.600787],[-73.87136,40.60017]],[[-73.823596,40.600148],[-73.823627,40.600208],[-73.823728,40.60017],[-73.823657,40.600143],[-73.823596,40.600148]],[[-73.822917,40.600075],[-73.822917,40.600167],[-73.823034,40.600139],[-73.823009,40.600091],[-73.822917,40.600075]],[[-73.822423,40.600011],[-73.822364,40.600108],[-73.822454,40.600168],[-73.822695,40.600046],[-73.822423,40.600011]],[[-73.82497,40.605],[-73.825053,40.604892],[-73.825079,40.604491],[-73.825299,40.603935],[-73.82528,40.603627],[-73.825617,40.603596],[-73.825883,40.603133],[-73.825335,40.603287],[-73.826034,40.60278],[-73.82618,40.602515],[-73.826157,40.602236],[-73.82659,40.60224],[-73.826781,40.602022],[-73.826822,40.601744],[-73.827515,40.601218],[-73.827721,40.60088],[-73.828071,40.600868],[-73.82841,40.600592],[-73.828997,40.6006],[-73.829675,40.600324],[-73.830262,40.600223],[-73.830293,40.600015],[-73.830417,40.599943],[-73.830615,40.600015],[-73.83088,40.600571],[-73.83117,40.600787],[-73.831447,40.60162],[-73.833627,40.602128],[-73.835478,40.60219],[-73.83656,40.602515],[-73.837252,40.602886],[-73.837022,40.603173],[-73.836281,40.603428],[-73.836157,40.603694],[-73.835355,40.60375],[-73.835224,40.603441],[-73.835108,40.603404],[-73.83375,40.603618],[-73.833688,40.603908],[-73.833441,40.603692],[-73.831177,40.604151],[-73.831025,40.604244],[-73.83102,40.604522],[-73.830878,40.604769],[-73.830941,40.604858],[-73.831157,40.604916],[-73.832454,40.604769],[-73.832917,40.604929],[-73.833904,40.604977],[-73.834059,40.604705],[-73.834261,40.605]],[[-73.827049,40.599954],[-73.827132,40.599985],[-73.827006,40.600077],[-73.826486,40.600201],[-73.826651,40.600039],[-73.827049,40.599954]],[[-73.82196,40.59989],[-73.821847,40.599985],[-73.821929,40.600082],[-73.822272,40.600015],[-73.82196,40.59989]],[[-73.815091,40.599336],[-73.815179,40.599398],[-73.815139,40.59961],[-73.814923,40.59965],[-73.814861,40.59983],[-73.814738,40.59978],[-73.814665,40.599645],[-73.814796,40.59946],[-73.815091,40.599336]],[[-73.868569,40.599306],[-73.869738,40.599374],[-73.869868,40.599552],[-73.869707,40.59963],[-73.86912,40.599532],[-73.868569,40.599306]],[[-73.869669,40.599151],[-73.869746,40.599244],[-73.869583,40.59932],[-73.869551,40.599244],[-73.869669,40.599151]],[[-73.813441,40.599086],[-73.813719,40.59945],[-73.814151,40.599881],[-73.813812,40.599196],[-73.813441,40.599086]],[[-73.863472,40.598451],[-73.863294,40.598843],[-73.863441,40.599039],[-73.863591,40.598843],[-73.86359,40.598565],[-73.863472,40.598451]],[[-73.768596,40.598101],[-73.768574,40.598164],[-73.768688,40.598164],[-73.768688,40.59813],[-73.768596,40.598101]],[[-73.811605,40.59804],[-73.812083,40.598148],[-73.81304,40.59865],[-73.813256,40.598653],[-73.81341,40.598861],[-73.813781,40.598652],[-73.8141,40.598812],[-73.813812,40.598813],[-73.813703,40.599028],[-73.814121,40.599244],[-73.814522,40.599664],[-73.814662,40.599923],[-73.814835,40.600849],[-73.815077,40.601373],[-73.815344,40.60162],[-73.815385,40.60233],[-73.815234,40.603719],[-73.815046,40.604297],[-73.813997,40.604657],[-73.812361,40.604846],[-73.811219,40.604781],[-73.811096,40.604667],[-73.810571,40.604752],[-73.809861,40.604389],[-73.80925,40.60375],[-73.809083,40.603194],[-73.809168,40.602238],[-73.808781,40.601497],[-73.808757,40.60091],[-73.808886,40.600324],[-73.809224,40.59983],[-73.809513,40.598812],[-73.809689,40.598565],[-73.811127,40.598069],[-73.811605,40.59804]],[[-73.814429,40.597701],[-73.814799,40.59779],[-73.814881,40.598009],[-73.81446,40.598014],[-73.814187,40.597855],[-73.81417,40.597762],[-73.814429,40.597701]],[[-73.773793,40.605],[-73.773864,40.604738],[-73.774106,40.604398],[-73.774387,40.603565],[-73.774218,40.602948],[-73.774516,40.602762],[-73.775725,40.602558],[-73.777134,40.601435],[-73.777684,40.600849],[-73.777974,40.600355],[-73.778189,40.600231],[-73.778474,40.600201],[-73.778843,40.600392],[-73.779892,40.600585],[-73.780379,40.600386],[-73.78054,40.600201],[-73.78052,40.599892],[-73.781096,40.599583],[-73.781281,40.599289],[-73.781775,40.599026],[-73.781876,40.598812],[-73.781667,40.598318],[-73.781096,40.597756],[-73.780571,40.597501],[-73.779583,40.597551],[-73.777963,40.598565],[-73.77772,40.598812],[-73.777392,40.59955],[-73.776414,40.601034],[-73.775725,40.601638],[-73.775015,40.601849],[-73.774799,40.601804],[-73.774563,40.601435],[-73.774605,40.601127],[-73.774498,40.600756],[-73.773873,40.599755],[-73.773989,40.599028],[-73.773503,40.598492],[-73.772515,40.598033],[-73.771775,40.598132],[-73.771096,40.598378],[-73.770417,40.598247],[-73.769789,40.59841],[-73.770262,40.598838],[-73.770694,40.598746],[-73.771199,40.598812],[-73.771435,40.599241],[-73.771435,40.599816],[-73.771162,40.601466],[-73.770776,40.602577],[-73.770805,40.60338],[-73.770664,40.603935],[-73.770735,40.604306],[-73.771127,40.604522],[-73.77126,40.604923],[-73.771209,40.605]],[[-73.827361,40.595701],[-73.827292,40.595818],[-73.827299,40.595907],[-73.827411,40.595818],[-73.827361,40.595701]],[[-73.85094,40.593657],[-73.851188,40.59387],[-73.851466,40.593831],[-73.85162,40.593979],[-73.85196,40.593993],[-73.852176,40.594123],[-73.852392,40.593986],[-73.853225,40.593863],[-73.853534,40.593883],[-73.85375,40.594038],[-73.854028,40.593911],[-73.854275,40.594073],[-73.854552,40.593971],[-73.85517,40.593913],[-73.85554,40.594005],[-73.855664,40.593928],[-73.856157,40.594083],[-73.856995,40.594583],[-73.857485,40.595051],[-73.859552,40.595512],[-73.859923,40.595811],[-73.860664,40.596059],[-73.861016,40.596404],[-73.861373,40.597],[-73.861898,40.596933],[-73.862299,40.597096],[-73.862405,40.597454],[-73.863194,40.597919],[-73.863349,40.598317],[-73.863694,40.598287],[-73.863688,40.598847],[-73.86407,40.598873],[-73.864275,40.598441],[-73.865039,40.598812],[-73.86488,40.598935],[-73.865132,40.59946],[-73.864756,40.600139],[-73.864749,40.600478],[-73.864546,40.600941],[-73.863738,40.602114],[-73.862978,40.602843],[-73.86162,40.603617],[-73.861404,40.60359],[-73.860818,40.603841],[-73.86017,40.603849],[-73.859522,40.603616],[-73.858781,40.603539],[-73.858503,40.603602],[-73.857423,40.603472],[-73.856991,40.60355],[-73.856096,40.603366],[-73.855777,40.603472],[-73.856418,40.603812],[-73.854816,40.603596],[-73.854829,40.603719],[-73.855132,40.603904],[-73.855046,40.603934],[-73.853966,40.603812],[-73.853102,40.603492],[-73.851404,40.602327],[-73.850262,40.601096],[-73.849709,40.600262],[-73.849709,40.599583],[-73.849453,40.59875],[-73.850029,40.597546],[-73.850417,40.595439],[-73.850682,40.594892],[-73.85094,40.593657]],[[-73.822946,40.59267],[-73.823171,40.592701],[-73.823061,40.593102],[-73.822515,40.593561],[-73.822499,40.59338],[-73.822946,40.59267]],[[-73.823255,40.592392],[-73.823225,40.59248],[-73.823134,40.592485],[-73.823163,40.592454],[-73.823255,40.592392]],[[-73.914509,40.591065],[-73.914799,40.591061],[-73.916065,40.591729],[-73.916791,40.592423],[-73.917052,40.593236],[-73.917378,40.593349],[-73.91739,40.593534],[-73.917773,40.59409],[-73.918596,40.594799],[-73.919799,40.5956],[-73.920462,40.595756],[-73.920436,40.595972],[-73.92054,40.596093],[-73.921157,40.596061],[-73.921991,40.596651],[-73.922009,40.597083],[-73.922167,40.597454],[-73.922759,40.597948],[-73.922794,40.598164],[-73.922661,40.598441],[-73.922727,40.598596],[-73.922473,40.59909],[-73.920756,40.599841],[-73.919244,40.599865],[-73.918194,40.599586],[-73.916528,40.598532],[-73.915947,40.59838],[-73.91588,40.597885],[-73.915598,40.597639],[-73.915524,40.597423],[-73.915049,40.597083],[-73.914676,40.596557],[-73.914151,40.596452],[-73.913675,40.595756],[-73.913606,40.595386],[-73.913137,40.59517],[-73.912562,40.594306],[-73.912553,40.593781],[-73.912913,40.592978],[-73.912695,40.592423],[-73.91237,40.592207],[-73.912418,40.591991],[-73.913009,40.591613],[-73.914509,40.591065]],[[-73.848365,40.590787],[-73.84859,40.590818],[-73.848699,40.591188],[-73.84841,40.591434],[-73.848409,40.59125],[-73.848241,40.591065],[-73.848365,40.590787]],[[-73.768843,40.590597],[-73.768807,40.590664],[-73.768904,40.590686],[-73.768912,40.590602],[-73.768843,40.590597]],[[-73.867323,40.590355],[-73.867803,40.590448],[-73.866867,40.591136],[-73.866839,40.590633],[-73.867022,40.590408],[-73.867323,40.590355]],[[-73.770201,40.590336],[-73.770181,40.590448],[-73.770317,40.590417],[-73.770293,40.590337],[-73.770201,40.590336]],[[-73.868068,40.590015],[-73.868166,40.590046],[-73.867975,40.59017],[-73.867978,40.590116],[-73.868068,40.590015]],[[-73.83621,40.588997],[-73.836343,40.588986],[-73.836375,40.589059],[-73.83625,40.589061],[-73.83621,40.588997]],[[-73.778493,40.588935],[-73.778617,40.588997],[-73.77841,40.589104],[-73.778156,40.588997],[-73.778493,40.588935]],[[-73.907145,40.588698],[-73.907525,40.589244],[-73.907987,40.589244],[-73.907978,40.588916],[-73.907145,40.588698]],[[-73.785602,40.587882],[-73.785401,40.587948],[-73.785393,40.587978],[-73.785632,40.587978],[-73.785602,40.587882]],[[-73.786682,40.587564],[-73.786528,40.587609],[-73.786497,40.587692],[-73.786713,40.587734],[-73.786871,40.587639],[-73.786682,40.587564]],[[-73.817649,40.605],[-73.81756,40.604676],[-73.817997,40.603596],[-73.818065,40.602886],[-73.818639,40.60125],[-73.818627,40.60088],[-73.818526,40.600756],[-73.81889,40.599707],[-73.818855,40.59909],[-73.819231,40.598349],[-73.819476,40.597238],[-73.819911,40.596836],[-73.820756,40.595022],[-73.82125,40.594584],[-73.823318,40.594329],[-73.824908,40.593657],[-73.824977,40.593472],[-73.824738,40.593258],[-73.823843,40.593168],[-73.823627,40.593258],[-73.823503,40.593168],[-73.82338,40.592793],[-73.823688,40.592133],[-73.824151,40.592045],[-73.824645,40.592285],[-73.825031,40.591836],[-73.826329,40.59091],[-73.826376,40.590355],[-73.826491,40.590201],[-73.828124,40.589182],[-73.828534,40.58927],[-73.828627,40.589441],[-73.82909,40.589313],[-73.82948,40.58946],[-73.829535,40.589614],[-73.82936,40.590324],[-73.829552,40.590719],[-73.830972,40.590721],[-73.831312,40.59062],[-73.831898,40.590172],[-73.833062,40.58841],[-73.833009,40.588241],[-73.832731,40.588078],[-73.832361,40.587892],[-73.832145,40.587923],[-73.83216,40.587793],[-73.832793,40.58733],[-73.833565,40.587005],[-73.834629,40.587701],[-73.834924,40.587762],[-73.834954,40.588194],[-73.835188,40.588318],[-73.835385,40.588719],[-73.83607,40.588904],[-73.836004,40.589151],[-73.836672,40.58946],[-73.836898,40.589508],[-73.837114,40.589425],[-73.83713,40.589306],[-73.837423,40.589344],[-73.837515,40.589224],[-73.838719,40.589239],[-73.839244,40.589378],[-73.839398,40.589522],[-73.840066,40.589552],[-73.840386,40.589748],[-73.840756,40.589809],[-73.840756,40.589935],[-73.841373,40.589867],[-73.841559,40.590057],[-73.842106,40.59017],[-73.842392,40.590454],[-73.842793,40.590467],[-73.84289,40.590694],[-73.843084,40.590787],[-73.843579,40.591744],[-73.844151,40.592415],[-73.84412,40.592692],[-73.844676,40.59331],[-73.846497,40.59417],[-73.846929,40.594082],[-73.847083,40.594289],[-73.847114,40.594632],[-73.846775,40.594991],[-73.844583,40.595877],[-73.841713,40.598042],[-73.840941,40.598493],[-73.839738,40.598912],[-73.838596,40.598866],[-73.838688,40.598989],[-73.838164,40.599063],[-73.838147,40.599182],[-73.838472,40.599311],[-73.838568,40.599491],[-73.838164,40.599833],[-73.837392,40.599902],[-73.836528,40.599678],[-73.836399,40.599799],[-73.836466,40.600092],[-73.835912,40.599954],[-73.834244,40.59878],[-73.833441,40.598479],[-73.833693,40.597855],[-73.833472,40.597731],[-73.831404,40.598684],[-73.830787,40.598696],[-73.830077,40.598425],[-73.829645,40.598556],[-73.829429,40.598428],[-73.828997,40.59878],[-73.828657,40.598627],[-73.828441,40.599037],[-73.82804,40.599146],[-73.827731,40.599046],[-73.827414,40.59946],[-73.826898,40.59983],[-73.825355,40.600169],[-73.824354,40.599645],[-73.824566,40.599522],[-73.825324,40.599477],[-73.825535,40.599182],[-73.825416,40.598688],[-73.824923,40.598338],[-73.824583,40.598388],[-73.824172,40.598843],[-73.824243,40.59912],[-73.823911,40.600139],[-73.824493,40.600293],[-73.824581,40.600756],[-73.823923,40.601991],[-73.823638,40.602299],[-73.823387,40.602392],[-73.823033,40.602917],[-73.823053,40.603318],[-73.822841,40.603627],[-73.82298,40.603966],[-73.822709,40.604275],[-73.822965,40.604738],[-73.822829,40.605]],[[-73.840639,40.586929],[-73.840694,40.586927],[-73.840803,40.586991],[-73.840705,40.586991],[-73.840639,40.586929]],[[-73.931806,40.586927],[-73.931728,40.586991],[-73.931744,40.587115],[-73.931953,40.58696],[-73.931806,40.586927]],[[-73.795756,40.586001],[-73.795762,40.586096],[-73.795818,40.586104],[-73.795818,40.586006],[-73.795756,40.586001]],[[-73.870411,40.585201],[-73.87054,40.585218],[-73.870746,40.585602],[-73.870941,40.586349],[-73.870722,40.586281],[-73.869992,40.585293],[-73.870355,40.585325],[-73.870411,40.585201]],[[-73.800633,40.584826],[-73.800627,40.584923],[-73.800694,40.584953],[-73.800699,40.58483],[-73.800633,40.584826]],[[-73.801065,40.584758],[-73.801096,40.584892],[-73.801352,40.584861],[-73.801281,40.584781],[-73.801065,40.584758]],[[-73.863282,40.584151],[-73.863388,40.584182],[-73.86338,40.584399],[-73.863085,40.584491],[-73.863282,40.584151]],[[-73.807917,40.583461],[-73.807856,40.583596],[-73.807978,40.583639],[-73.808,40.583565],[-73.807917,40.583461]],[[-73.80983,40.583113],[-73.809676,40.583268],[-73.809522,40.583221],[-73.809382,40.583318],[-73.810017,40.583225],[-73.80983,40.583113]],[[-73.948193,40.582855],[-73.948287,40.582902],[-73.948287,40.583002],[-73.948187,40.582978],[-73.948193,40.582855]],[[-73.812551,40.582731],[-73.812676,40.582731],[-73.812485,40.583018],[-73.812207,40.582892],[-73.811929,40.583037],[-73.811806,40.582921],[-73.811598,40.582948],[-73.812551,40.582731]],[[-73.81367,40.582423],[-73.813781,40.582397],[-73.813815,40.582423],[-73.813719,40.582494],[-73.81367,40.582423]],[[-73.816157,40.58223],[-73.815633,40.582358],[-73.815585,40.582485],[-73.816348,40.58233],[-73.816157,40.58223]],[[-73.817463,40.581343],[-73.817639,40.581328],[-73.817719,40.581435],[-73.817361,40.581573],[-73.817007,40.581497],[-73.817463,40.581343]],[[-73.818441,40.581341],[-73.818396,40.581466],[-73.818593,40.581404],[-73.818565,40.581363],[-73.818441,40.581341]],[[-73.900838,40.581188],[-73.90096,40.58125],[-73.900756,40.581389],[-73.900542,40.581312],[-73.900838,40.581188]],[[-73.818935,40.581122],[-73.818812,40.581193],[-73.818812,40.58131],[-73.819133,40.581188],[-73.818935,40.581122]],[[-73.921188,40.58097],[-73.921165,40.581034],[-73.921387,40.581127],[-73.921367,40.581065],[-73.921188,40.58097]],[[-73.922475,40.580941],[-73.922862,40.580972],[-73.922973,40.581065],[-73.922701,40.581111],[-73.922475,40.580941]],[[-73.921867,40.580756],[-73.92224,40.580787],[-73.922333,40.580849],[-73.922083,40.580915],[-73.921867,40.580756]],[[-73.920509,40.580626],[-73.92067,40.580787],[-73.920915,40.580849],[-73.920694,40.580677],[-73.920509,40.580626]],[[-73.903722,40.579429],[-73.903904,40.579444],[-73.904522,40.579946],[-73.904645,40.580361],[-73.903873,40.579569],[-73.903551,40.579583],[-73.903722,40.579429]],[[-73.827228,40.578318],[-73.827311,40.578349],[-73.827105,40.57841],[-73.827122,40.57838],[-73.827228,40.578318]],[[-73.829769,40.577866],[-73.829491,40.578003],[-73.829487,40.57804],[-73.82991,40.577886],[-73.829769,40.577866]],[[-73.829676,40.577627],[-73.829306,40.577709],[-73.829189,40.577855],[-73.829398,40.577894],[-73.82995,40.57767],[-73.829676,40.577627]],[[-73.830633,40.577546],[-73.830293,40.577637],[-73.829989,40.577824],[-73.830672,40.577701],[-73.830633,40.577546]],[[-73.833935,40.576403],[-73.833822,40.576466],[-73.833812,40.576574],[-73.834076,40.576497],[-73.833935,40.576403]],[[-73.896207,40.576281],[-73.896343,40.576281],[-73.896368,40.576312],[-73.896219,40.576382],[-73.896207,40.576281]],[[-73.835793,40.575417],[-73.835853,40.575478],[-73.835725,40.575568],[-73.835478,40.575575],[-73.835793,40.575417]],[[-73.837436,40.574861],[-73.837524,40.574861],[-73.837485,40.575031],[-73.837375,40.574954],[-73.837436,40.574861]],[[-73.839151,40.574756],[-73.839125,40.57483],[-73.839254,40.574769],[-73.839182,40.57475],[-73.839151,40.574756]],[[-73.837712,40.574769],[-73.837824,40.574742],[-73.83785,40.574769],[-73.837762,40.574821],[-73.837712,40.574769]],[[-73.840748,40.573812],[-73.84088,40.573799],[-73.840903,40.573843],[-73.840818,40.573911],[-73.840748,40.573812]],[[-73.916467,40.605],[-73.916308,40.604738],[-73.915106,40.603781],[-73.914429,40.603035],[-73.913287,40.602641],[-73.910849,40.602178],[-73.909985,40.602166],[-73.90909,40.602406],[-73.907546,40.602446],[-73.906713,40.602731],[-73.904552,40.602863],[-73.902999,40.603318],[-73.900978,40.603627],[-73.899738,40.603675],[-73.899336,40.603832],[-73.898997,40.604121],[-73.898843,40.603958],[-73.898441,40.603906],[-73.89517,40.603866],[-73.894059,40.603623],[-73.892269,40.603599],[-73.888836,40.605]],[[-73.883216,40.605],[-73.882635,40.604336],[-73.882759,40.603873],[-73.882697,40.603627],[-73.882423,40.603422],[-73.881885,40.602114],[-73.881191,40.600972],[-73.881283,40.600448],[-73.880818,40.599604],[-73.880211,40.597052],[-73.880199,40.59659],[-73.880472,40.595448],[-73.880472,40.594552],[-73.880137,40.593627],[-73.880077,40.593012],[-73.879861,40.592821],[-73.879571,40.592022],[-73.878839,40.590849],[-73.878577,40.589367],[-73.87862,40.58838],[-73.878356,40.587546],[-73.877936,40.586836],[-73.877454,40.586591],[-73.877557,40.586435],[-73.877506,40.586188],[-73.876651,40.585176],[-73.876703,40.584799],[-73.879629,40.580231],[-73.879954,40.580019],[-73.881337,40.579583],[-73.881651,40.579368],[-73.881764,40.579059],[-73.881898,40.579006],[-73.882762,40.579023],[-73.884166,40.578534],[-73.886362,40.57804],[-73.891065,40.577258],[-73.894479,40.576435],[-73.894738,40.576601],[-73.895694,40.576564],[-73.896034,40.576666],[-73.896378,40.576898],[-73.896689,40.577485],[-73.896775,40.57789],[-73.896898,40.577816],[-73.896991,40.577912],[-73.896898,40.578139],[-73.897114,40.578153],[-73.897392,40.578429],[-73.897692,40.57841],[-73.897712,40.57875],[-73.898009,40.57875],[-73.898318,40.57893],[-73.898534,40.578862],[-73.89863,40.579028],[-73.898413,40.579182],[-73.898873,40.579261],[-73.898843,40.579481],[-73.899393,40.579429],[-73.899291,40.579552],[-73.899367,40.579738],[-73.900295,40.579769],[-73.899972,40.580046],[-73.900467,40.58017],[-73.900262,40.580398],[-73.901307,40.580355],[-73.900696,40.580725],[-73.900549,40.580725],[-73.900664,40.580537],[-73.900417,40.580636],[-73.900237,40.580818],[-73.900386,40.580851],[-73.900355,40.581048],[-73.899182,40.58049],[-73.898256,40.580513],[-73.897419,40.58125],[-73.896794,40.58233],[-73.896763,40.582701],[-73.896879,40.58304],[-73.898139,40.58446],[-73.898351,40.58483],[-73.898781,40.586033],[-73.898698,40.586559],[-73.898765,40.586991],[-73.899437,40.587546],[-73.899583,40.587824],[-73.900201,40.58783],[-73.901065,40.587584],[-73.901987,40.587114],[-73.904336,40.586318],[-73.90554,40.586271],[-73.906559,40.586611],[-73.906991,40.586602],[-73.907338,40.586343],[-73.907608,40.585702],[-73.907886,40.585846],[-73.90804,40.585575],[-73.908966,40.585536],[-73.909583,40.584995],[-73.910077,40.584867],[-73.910293,40.584963],[-73.910972,40.585591],[-73.911839,40.586096],[-73.911775,40.586288],[-73.911991,40.586339],[-73.912077,40.586497],[-73.912201,40.587361],[-73.91221,40.588627],[-73.911976,40.589244],[-73.911719,40.59091],[-73.911952,40.591497],[-73.912068,40.592917],[-73.912318,40.593534],[-73.912373,40.594676],[-73.912677,40.595324],[-73.91331,40.595818],[-73.913688,40.596598],[-73.91409,40.596741],[-73.914307,40.597176],[-73.914716,40.59733],[-73.914723,40.597515],[-73.915169,40.597978],[-73.915756,40.598966],[-73.918133,40.599991],[-73.918657,40.600374],[-73.918904,40.600356],[-73.919367,40.600611],[-73.919954,40.600477],[-73.920201,40.600908],[-73.920602,40.600963],[-73.920941,40.601323],[-73.921373,40.601344],[-73.921713,40.601554],[-73.922948,40.601009],[-73.923256,40.600377],[-73.923706,40.599799],[-73.923642,40.599336],[-73.923781,40.599073],[-73.924213,40.599087],[-73.926146,40.600355],[-73.92659,40.600456],[-73.926919,40.600818],[-73.927515,40.601088],[-73.927978,40.601568],[-73.929522,40.602036],[-73.930006,40.602515],[-73.930006,40.602886],[-73.930355,40.603246],[-73.930571,40.603097],[-73.930989,40.603102],[-73.931147,40.602546],[-73.931034,40.602293],[-73.930448,40.601801],[-73.930077,40.601665],[-73.929182,40.601796],[-73.929009,40.601435],[-73.928503,40.601158],[-73.928256,40.600826],[-73.927319,40.600262],[-73.926682,40.59969],[-73.926343,40.59958],[-73.92483,40.59828],[-73.921937,40.59625],[-73.92091,40.595349],[-73.920077,40.5949],[-73.919213,40.594114],[-73.917176,40.593123],[-73.917078,40.592978],[-73.917114,40.592521],[-73.916349,40.591528],[-73.915694,40.591006],[-73.915046,40.590734],[-73.914159,40.589923],[-73.913976,40.589522],[-73.913937,40.588997],[-73.913997,40.588694],[-73.914783,40.588071],[-73.917145,40.58731],[-73.91745,40.587052],[-73.917942,40.586343],[-73.918827,40.585972],[-73.919213,40.585912],[-73.919645,40.586051],[-73.920324,40.585953],[-73.920941,40.585596],[-73.921898,40.585645],[-73.922269,40.585786],[-73.923472,40.585814],[-73.924336,40.585537],[-73.924861,40.585583],[-73.925554,40.58591],[-73.925756,40.586209],[-73.926125,40.586404],[-73.926453,40.586898],[-73.927155,40.587546],[-73.927651,40.588194],[-73.927818,40.588627],[-73.927391,40.589059],[-73.925231,40.590455],[-73.924375,40.59088],[-73.924198,40.591157],[-73.92446,40.591184],[-73.928102,40.588829],[-73.929059,40.589204],[-73.929939,40.589398],[-73.930559,40.58983],[-73.930609,40.590293],[-73.930569,40.59159],[-73.930355,40.592436],[-73.929929,40.593225],[-73.930064,40.593812],[-73.930506,40.594275],[-73.93088,40.594434],[-73.931898,40.594555],[-73.932485,40.594774],[-73.93262,40.594645],[-73.932529,40.594182],[-73.931987,40.593627],[-73.931412,40.59233],[-73.93107,40.591991],[-73.931273,40.591497],[-73.93133,40.59088],[-73.931094,40.589614],[-73.929647,40.587608],[-73.929769,40.587472],[-73.931127,40.587252],[-73.931146,40.58696],[-73.930509,40.586936],[-73.929213,40.587141],[-73.928503,40.587077],[-73.928035,40.586806],[-73.927392,40.586708],[-73.927485,40.586562],[-73.927873,40.586497],[-73.927855,40.586203],[-73.927608,40.586268],[-73.92733,40.586171],[-73.926991,40.586383],[-73.927083,40.586026],[-73.926713,40.586233],[-73.926551,40.586127],[-73.926651,40.585859],[-73.926281,40.585974],[-73.926395,40.585633],[-73.925941,40.585659],[-73.926071,40.585386],[-73.925959,40.585139],[-73.925468,40.584954],[-73.92446,40.584827],[-73.92338,40.584939],[-73.922392,40.584785],[-73.920201,40.584823],[-73.917515,40.585954],[-73.915355,40.586497],[-73.914551,40.586466],[-73.913133,40.58616],[-73.91256,40.585756],[-73.911093,40.583256],[-73.910355,40.582562],[-73.909799,40.581806],[-73.909766,40.581373],[-73.909975,40.581034],[-73.910362,40.580756],[-73.911371,40.580386],[-73.912096,40.579676],[-73.912824,40.579308],[-73.912947,40.578904],[-73.91304,40.57897],[-73.913176,40.578812],[-73.913349,40.578818],[-73.913596,40.578639],[-73.913627,40.578441],[-73.913812,40.578371],[-73.913608,40.578688],[-73.913657,40.578764],[-73.914336,40.578587],[-73.914263,40.57875],[-73.914429,40.578737],[-73.914491,40.578865],[-73.914707,40.578915],[-73.914954,40.578794],[-73.915046,40.578926],[-73.915664,40.578729],[-73.915599,40.578997],[-73.916127,40.578911],[-73.916086,40.57912],[-73.916188,40.579219],[-73.916806,40.578997],[-73.917238,40.579279],[-73.917541,40.579306],[-73.917505,40.579429],[-73.917639,40.579545],[-73.917886,40.579356],[-73.918627,40.579474],[-73.918997,40.579984],[-73.91912,40.579984],[-73.919213,40.57979],[-73.919522,40.579798],[-73.919578,40.579985],[-73.919987,40.580262],[-73.923283,40.581435],[-73.923386,40.581404],[-73.923164,40.581166],[-73.924336,40.581465],[-73.925108,40.581897],[-73.925849,40.5817],[-73.92625,40.581906],[-73.927793,40.582274],[-73.929522,40.581911],[-73.929861,40.582197],[-73.93044,40.582392],[-73.93088,40.582683],[-73.93207,40.583009],[-73.933071,40.58281],[-73.935478,40.583082],[-73.936528,40.583037],[-73.937299,40.583178],[-73.939028,40.583057],[-73.940201,40.583184],[-73.941034,40.583074],[-73.941744,40.583464],[-73.94215,40.583441],[-73.942166,40.583318],[-73.942011,40.583194],[-73.942114,40.583104],[-73.942762,40.583414],[-73.942639,40.583121],[-73.943133,40.583376],[-73.943164,40.583144],[-73.943627,40.58323],[-73.94375,40.583139],[-73.94412,40.583305],[-73.944244,40.583157],[-73.944676,40.583281],[-73.944799,40.583155],[-73.945108,40.583281],[-73.945324,40.583165],[-73.945725,40.583289],[-73.945849,40.583178],[-73.94662,40.5832],[-73.947022,40.583423],[-73.946905,40.583225],[-73.947083,40.583179],[-73.947454,40.583403],[-73.948194,40.583418],[-73.952855,40.582995],[-73.953164,40.582935],[-73.953356,40.582762],[-73.953225,40.582078],[-73.94946,40.582315],[-73.944583,40.581378],[-73.942299,40.581053],[-73.934398,40.581124],[-73.933287,40.581208],[-73.932925,40.581497],[-73.932667,40.581528],[-73.932425,40.581373],[-73.932207,40.581028],[-73.931713,40.579753],[-73.931628,40.579244],[-73.93067,40.576898],[-73.930968,40.576682],[-73.931044,40.576096],[-73.931497,40.575617],[-73.934645,40.575464],[-73.934799,40.575417],[-73.934923,40.575205],[-73.935283,40.575478],[-73.936219,40.575682],[-73.936466,40.575607],[-73.936713,40.575341],[-73.937052,40.575455],[-73.939892,40.575295],[-73.943164,40.575332],[-73.952608,40.574085],[-73.954059,40.574004],[-73.955046,40.57407],[-73.956044,40.573904],[-73.956343,40.573725],[-73.957862,40.573781],[-73.958565,40.57361],[-73.958966,40.573369],[-73.959491,40.573573],[-73.960231,40.573619],[-73.966775,40.573217],[-73.967238,40.573124],[-73.967392,40.572939],[-73.96841,40.572954],[-73.96909,40.572814],[-73.969269,40.572701],[-73.969244,40.572273],[-73.969676,40.572654],[-73.97,40.572634]],[[-73.851559,40.570874],[-73.851468,40.570941],[-73.851449,40.570972],[-73.851678,40.57091],[-73.851559,40.570874]],[[-73.852485,40.57029],[-73.85233,40.570458],[-73.851775,40.570651],[-73.851763,40.570849],[-73.852726,40.570293],[-73.852485,40.57029]],[[-73.853133,40.569909],[-73.853087,40.570046],[-73.853225,40.570069],[-73.853215,40.569954],[-73.853133,40.569909]],[[-73.855692,40.568966],[-73.855684,40.569059],[-73.855555,40.569028],[-73.855612,40.568997],[-73.855692,40.568966]],[[-73.865413,40.565694],[-73.865608,40.565694],[-73.864059,40.566099],[-73.863594,40.566003],[-73.865413,40.565694]],[[-73.869544,40.564275],[-73.869635,40.564275],[-73.869028,40.564429],[-73.86909,40.564398],[-73.869544,40.564275]],[[-73.871731,40.563904],[-73.87196,40.563994],[-73.871836,40.564177],[-73.871135,40.56412],[-73.871731,40.563904]],[[-73.87401,40.563318],[-73.874151,40.563302],[-73.874191,40.563318],[-73.873908,40.56338],[-73.87401,40.563318]],[[-73.873338,40.56304],[-73.873438,40.56304],[-73.872822,40.563194],[-73.872878,40.563164],[-73.873338,40.56304]],[[-73.874625,40.56267],[-73.874745,40.56267],[-73.874336,40.562926],[-73.873682,40.562948],[-73.874625,40.56267]],[[-73.875093,40.562515],[-73.875201,40.562491],[-73.875241,40.562546],[-73.87499,40.562577],[-73.875093,40.562515]],[[-73.883882,40.559583],[-73.883657,40.559769],[-73.882921,40.559892],[-73.883137,40.559799],[-73.883882,40.559583]],[[-73.888718,40.558102],[-73.8884,40.558256],[-73.887942,40.558287],[-73.888042,40.558256],[-73.888718,40.558102]],[[-73.900893,40.556188],[-73.900972,40.55617],[-73.901093,40.556188],[-73.900972,40.556244],[-73.900893,40.556188]],[[-73.917399,40.550293],[-73.917486,40.550293],[-73.917269,40.550367],[-73.917266,40.550355],[-73.917399,40.550293]],[[-73.918803,40.549738],[-73.918888,40.549738],[-73.918193,40.550077],[-73.917617,40.550201],[-73.918803,40.549738]],[[-73.919556,40.54946],[-73.919659,40.54946],[-73.91929,40.549583],[-73.919304,40.549552],[-73.919556,40.54946]],[[-73.920533,40.54912],[-73.920509,40.549227],[-73.920085,40.549306],[-73.920114,40.549275],[-73.920533,40.54912]],[[-73.921953,40.548596],[-73.922,40.548596],[-73.921796,40.548657],[-73.921863,40.548627],[-73.921953,40.548596]],[[-73.924202,40.547731],[-73.924299,40.547731],[-73.924048,40.547824],[-73.924053,40.547793],[-73.924202,40.547731]],[[-73.949024,40.546929],[-73.949182,40.547037],[-73.94934,40.547423],[-73.949341,40.54804],[-73.949885,40.548935],[-73.949896,40.549213],[-73.94966,40.549367],[-73.949773,40.54946],[-73.949491,40.549558],[-73.949368,40.550015],[-73.949547,40.550231],[-73.950035,40.550386],[-73.950556,40.550756],[-73.949151,40.551104],[-73.948935,40.55105],[-73.948767,40.550818],[-73.948665,40.549799],[-73.949041,40.549552],[-73.948756,40.54946],[-73.948218,40.547361],[-73.948467,40.547083],[-73.948904,40.547059],[-73.949024,40.546929]],[[-73.947317,40.544892],[-73.947392,40.544955],[-73.947361,40.545083],[-73.947293,40.544985],[-73.947317,40.544892]],[[-73.946209,40.543441],[-73.946775,40.543573],[-73.947022,40.543886],[-73.947238,40.545266],[-73.946404,40.544304],[-73.946209,40.543441]],[[-73.937546,40.543091],[-73.937344,40.543441],[-73.937361,40.543555],[-73.937574,40.543225],[-73.937546,40.543091]],[[-73.76,40.590257],[-73.763256,40.590599],[-73.766713,40.590564],[-73.767701,40.590407],[-73.767917,40.590224],[-73.768194,40.5904],[-73.768873,40.59036],[-73.776898,40.589126],[-73.777485,40.589075],[-73.777855,40.589297],[-73.778843,40.589221],[-73.779614,40.588703],[-73.779985,40.588796],[-73.780046,40.58855],[-73.781404,40.588345],[-73.781806,40.588596],[-73.781991,40.588302],[-73.783472,40.587982],[-73.783719,40.588112],[-73.783648,40.587978],[-73.785139,40.587694],[-73.785293,40.587771],[-73.785406,40.58767],[-73.788225,40.587152],[-73.788307,40.587238],[-73.78817,40.587392],[-73.788318,40.587418],[-73.788441,40.587314],[-73.788414,40.587052],[-73.788534,40.586923],[-73.788873,40.587191],[-73.789522,40.587309],[-73.79088,40.586968],[-73.790863,40.586713],[-73.790972,40.586636],[-73.791157,40.586678],[-73.791312,40.586912],[-73.792392,40.586709],[-73.792721,40.58659],[-73.792886,40.586403],[-73.793225,40.586493],[-73.793256,40.586718],[-73.793408,40.58662],[-73.793381,40.58625],[-73.793534,40.586167],[-73.79375,40.586361],[-73.793997,40.586328],[-73.794238,40.586188],[-73.795293,40.585968],[-73.795941,40.585604],[-73.796744,40.585679],[-73.79804,40.585407],[-73.798256,40.585629],[-73.798441,40.585245],[-73.798656,40.585293],[-73.798563,40.585386],[-73.798657,40.5855],[-73.798837,40.585448],[-73.798688,40.585278],[-73.79946,40.585215],[-73.799954,40.584957],[-73.799957,40.585201],[-73.800231,40.585173],[-73.800401,40.585015],[-73.800149,40.584892],[-73.800818,40.584628],[-73.802608,40.584524],[-73.803164,40.584757],[-73.803169,40.584367],[-73.803256,40.584287],[-73.803997,40.584383],[-73.805231,40.584079],[-73.805478,40.584242],[-73.805477,40.583904],[-73.805633,40.583797],[-73.805818,40.58401],[-73.806142,40.584059],[-73.806297,40.583935],[-73.80625,40.58384],[-73.807083,40.583781],[-73.807176,40.58375],[-73.807141,40.583627],[-73.808164,40.583279],[-73.80838,40.583327],[-73.80841,40.58351],[-73.808688,40.58356],[-73.808719,40.583323],[-73.810077,40.582954],[-73.810107,40.583194],[-73.810262,40.583204],[-73.810417,40.582774],[-73.811096,40.583097],[-73.812394,40.583194],[-73.813392,40.582917],[-73.813688,40.582713],[-73.814213,40.582638],[-73.814336,40.582737],[-73.814398,40.582596],[-73.814769,40.582543],[-73.815077,40.582611],[-73.815355,40.582168],[-73.816281,40.581836],[-73.81657,40.581929],[-73.816373,40.582195],[-73.816806,40.582056],[-73.81696,40.582171],[-73.817114,40.581807],[-73.817454,40.581696],[-73.818009,40.581714],[-73.817906,40.581559],[-73.818225,40.581519],[-73.818188,40.581188],[-73.818349,40.581098],[-73.819552,40.580816],[-73.81983,40.581017],[-73.821157,40.580731],[-73.821048,40.580448],[-73.821497,40.580296],[-73.822176,40.580393],[-73.822299,40.579966],[-73.822793,40.579913],[-73.825139,40.579216],[-73.82567,40.579028],[-73.825849,40.578841],[-73.825941,40.578952],[-73.826219,40.578905],[-73.826671,40.578688],[-73.82659,40.578529],[-73.826775,40.578505],[-73.826806,40.578691],[-73.827454,40.57855],[-73.827978,40.578343],[-73.827917,40.578059],[-73.830478,40.577293],[-73.830694,40.57741],[-73.83088,40.577187],[-73.83188,40.576806],[-73.831775,40.576952],[-73.831404,40.577036],[-73.831046,40.577423],[-73.830996,40.577546],[-73.831127,40.577575],[-73.833415,40.576713],[-73.833047,40.57659],[-73.833069,40.576435],[-73.835417,40.575605],[-73.835046,40.576155],[-73.834491,40.576281],[-73.834645,40.576397],[-73.834923,40.576344],[-73.835642,40.57588],[-73.837546,40.575348],[-73.837793,40.57507],[-73.838926,40.574892],[-73.838688,40.574533],[-73.838441,40.574618],[-73.838347,40.574552],[-73.838812,40.57438],[-73.838935,40.574458],[-73.838986,40.574306],[-73.840386,40.57378],[-73.840492,40.573843],[-73.839328,40.574738],[-73.839985,40.574586],[-73.840448,40.574268],[-73.84125,40.574139],[-73.843423,40.573349],[-73.843287,40.573233],[-73.842929,40.573194],[-73.842953,40.573102],[-73.845139,40.572587],[-73.845441,40.572793],[-73.845162,40.572978],[-73.845293,40.572978],[-73.846528,40.572455],[-73.846651,40.57208],[-73.849429,40.571238],[-73.849475,40.571466],[-73.849336,40.57173],[-73.849599,40.57162],[-73.849799,40.571355],[-73.850245,40.57125],[-73.850011,40.571003],[-73.850091,40.57088],[-73.851281,40.570592],[-73.851682,40.570336],[-73.852546,40.570108],[-73.853133,40.569822],[-73.853966,40.569609],[-73.854583,40.569625],[-73.856466,40.569135],[-73.857207,40.568706],[-73.858194,40.568384],[-73.858534,40.568379],[-73.859861,40.567865],[-73.860578,40.567423],[-73.861435,40.56719],[-73.86267,40.56647],[-73.863472,40.567001],[-73.863873,40.566978],[-73.863967,40.566929],[-73.863781,40.566752],[-73.863533,40.566713],[-73.86412,40.566729],[-73.864275,40.566838],[-73.864818,40.56662],[-73.865231,40.56626],[-73.866559,40.565932],[-73.866867,40.565975],[-73.868124,40.565509],[-73.868284,40.565417],[-73.868318,40.565213],[-73.868627,40.565431],[-73.868946,40.565293],[-73.86909,40.565383],[-73.869383,40.565293],[-73.870677,40.564552],[-73.87017,40.564616],[-73.870046,40.564771],[-73.86989,40.564707],[-73.870509,40.564305],[-73.870902,40.564275],[-73.870756,40.56446],[-73.87091,40.564517],[-73.872577,40.563986],[-73.873225,40.563964],[-73.876559,40.562885],[-73.877793,40.562219],[-73.87841,40.562078],[-73.880139,40.561303],[-73.88054,40.561338],[-73.88233,40.560699],[-73.882577,40.560732],[-73.883873,40.560402],[-73.884769,40.559987],[-73.885478,40.5599],[-73.886867,40.559347],[-73.887577,40.559389],[-73.889583,40.55859],[-73.889985,40.55868],[-73.890425,40.558565],[-73.891559,40.558177],[-73.891662,40.558009],[-73.892052,40.5578],[-73.892515,40.557974],[-73.892774,40.557948],[-73.89375,40.55762],[-73.894892,40.557058],[-73.895201,40.557286],[-73.895448,40.557301],[-73.896186,40.557083],[-73.897114,40.556625],[-73.897403,40.55696],[-73.897873,40.557022],[-73.899028,40.556578],[-73.900571,40.556338],[-73.901281,40.556411],[-73.901598,40.55625],[-73.901097,40.556188],[-73.901373,40.556049],[-73.902066,40.556065],[-73.901892,40.556343],[-73.902052,40.556375],[-73.904151,40.555776],[-73.904892,40.555483],[-73.905293,40.555161],[-73.90554,40.555182],[-73.906065,40.554799],[-73.91153,40.552639],[-73.912269,40.552376],[-73.91252,40.552392],[-73.913009,40.552066],[-73.913194,40.552146],[-73.914059,40.551904],[-73.915139,40.551451],[-73.91541,40.551157],[-73.915849,40.550966],[-73.916065,40.55106],[-73.91662,40.550883],[-73.919182,40.549793],[-73.924941,40.54767],[-73.930324,40.545239],[-73.93054,40.545286],[-73.930655,40.545108],[-73.931092,40.544923],[-73.932052,40.54459],[-73.932176,40.544694],[-73.932384,40.544645],[-73.932423,40.544481],[-73.932762,40.544382],[-73.932886,40.544526],[-73.933287,40.544465],[-73.933424,40.544398],[-73.933422,40.544244],[-73.933997,40.544118],[-73.934182,40.544205],[-73.934761,40.543904],[-73.936559,40.54335],[-73.937454,40.542802],[-73.937855,40.542732],[-73.938164,40.542429],[-73.938503,40.542374],[-73.938818,40.542022],[-73.939861,40.541443],[-73.939827,40.541713],[-73.938688,40.542933],[-73.939941,40.542238],[-73.940262,40.541896],[-73.940448,40.541868],[-73.940651,40.540262],[-73.940756,40.540177],[-73.940921,40.540231],[-73.940798,40.54162],[-73.940915,40.542855],[-73.940701,40.545139],[-73.940947,40.547454],[-73.940916,40.549244],[-73.941199,40.550015],[-73.942059,40.55088],[-73.941882,40.551127],[-73.942021,40.551929],[-73.941966,40.552546],[-73.941343,40.553789],[-73.939985,40.555385],[-73.938106,40.556929],[-73.936497,40.557827],[-73.934244,40.558562],[-73.933688,40.558707],[-73.933565,40.558642],[-73.933318,40.558822],[-73.932824,40.558871],[-73.932145,40.559166],[-73.931713,40.559198],[-73.931466,40.559446],[-73.931312,40.559327],[-73.931157,40.559525],[-73.930941,40.559519],[-73.930664,40.559929],[-73.930571,40.559999],[-73.930509,40.559902],[-73.930139,40.560322],[-73.928503,40.56053],[-73.928318,40.560796],[-73.928194,40.56082],[-73.928133,40.560674],[-73.928186,40.560849],[-73.928107,40.560941],[-73.925685,40.562052],[-73.924024,40.562361],[-73.92054,40.562566],[-73.918719,40.562973],[-73.91841,40.562913],[-73.917824,40.56304],[-73.915108,40.564365],[-73.911836,40.56543],[-73.910588,40.565386],[-73.908587,40.564861],[-73.908299,40.564583],[-73.908565,40.564344],[-73.907423,40.564214],[-73.907083,40.564065],[-73.90696,40.563883],[-73.90588,40.564123],[-73.905894,40.56375],[-73.905293,40.563773],[-73.905231,40.563617],[-73.904645,40.563879],[-73.904398,40.563805],[-73.903287,40.564368],[-73.902867,40.564275],[-73.902855,40.564079],[-73.902207,40.56427],[-73.90162,40.564303],[-73.900849,40.564758],[-73.90125,40.564198],[-73.900488,40.564707],[-73.899799,40.565357],[-73.899713,40.565355],[-73.899985,40.564885],[-73.898904,40.565755],[-73.898793,40.565756],[-73.898812,40.565572],[-73.897886,40.565883],[-73.897917,40.565604],[-73.897145,40.566046],[-73.896991,40.565895],[-73.896312,40.566714],[-73.895694,40.567114],[-73.895161,40.567176],[-73.894498,40.567546],[-73.893102,40.568643],[-73.892793,40.568767],[-73.889923,40.568901],[-73.887886,40.5687],[-73.885694,40.56885],[-73.885015,40.568634],[-73.884353,40.568688],[-73.884715,40.56841],[-73.884367,40.567976],[-73.883871,40.568164],[-73.883596,40.568486],[-73.882734,40.568441],[-73.881898,40.568756],[-73.878534,40.568739],[-73.877546,40.568934],[-73.876176,40.569491],[-73.865355,40.574763],[-73.853225,40.58121],[-73.851034,40.581978],[-73.850417,40.582142],[-73.848627,40.58219],[-73.845108,40.581666],[-73.839367,40.581943],[-73.839136,40.582485],[-73.838657,40.582786],[-73.83554,40.583018],[-73.831682,40.584047],[-73.831762,40.584213],[-73.83159,40.584287],[-73.831435,40.584284],[-73.831373,40.584165],[-73.830972,40.584208],[-73.828688,40.58484],[-73.82855,40.584985],[-73.828269,40.585849],[-73.827957,40.586157],[-73.823404,40.587515],[-73.822762,40.587527],[-73.821343,40.586897],[-73.81946,40.587874],[-73.819398,40.588807],[-73.819028,40.588705],[-73.818952,40.588441],[-73.818781,40.588369],[-73.818071,40.588788],[-73.817741,40.588843],[-73.817515,40.589305],[-73.817176,40.589449],[-73.816775,40.589457],[-73.815619,40.589923],[-73.814676,40.590841],[-73.814059,40.590872],[-73.813719,40.591003],[-73.813135,40.591404],[-73.813133,40.591606],[-73.812925,40.591806],[-73.812207,40.591945],[-73.811682,40.592395],[-73.811528,40.592932],[-73.81137,40.592917],[-73.811343,40.5925],[-73.811034,40.59243],[-73.81091,40.592224],[-73.810694,40.592189],[-73.810294,40.59233],[-73.810046,40.592861],[-73.809749,40.592917],[-73.809801,40.593472],[-73.809676,40.593631],[-73.809267,40.593565],[-73.805849,40.59193],[-73.804985,40.591792],[-73.804828,40.591559],[-73.804522,40.591497],[-73.804357,40.591682],[-73.804445,40.591836],[-73.806312,40.592671],[-73.807595,40.593071],[-73.808287,40.593565],[-73.808533,40.593935],[-73.807546,40.595327],[-73.806775,40.595853],[-73.806466,40.59592],[-73.804522,40.595069],[-73.804048,40.594429],[-73.803809,40.593812],[-73.803802,40.593102],[-73.803318,40.592832],[-73.803009,40.592896],[-73.802917,40.592682],[-73.80258,40.592762],[-73.802524,40.593441],[-73.802728,40.594367],[-73.803441,40.594547],[-73.803318,40.595063],[-73.80398,40.595201],[-73.805156,40.597083],[-73.805156,40.597269],[-73.804769,40.597815],[-73.803719,40.598293],[-73.803071,40.598884],[-73.802701,40.599041],[-73.801929,40.599015],[-73.80125,40.599258],[-73.797948,40.599437],[-73.796559,40.599683],[-73.796157,40.599586],[-73.795341,40.599707],[-73.794429,40.600012],[-73.794182,40.599956],[-73.793102,40.60021],[-73.793177,40.600355],[-73.793092,40.600448],[-73.792207,40.600537],[-73.79125,40.60108],[-73.790478,40.601794],[-73.788219,40.60341],[-73.787207,40.603852],[-73.786744,40.603911],[-73.786157,40.603504],[-73.785818,40.602961],[-73.785807,40.602762],[-73.786219,40.602689],[-73.786929,40.602325],[-73.787824,40.600941],[-73.789645,40.599722],[-73.790131,40.599213],[-73.790992,40.597176],[-73.790867,40.596157],[-73.790971,40.595509],[-73.790877,40.595231],[-73.790553,40.594861],[-73.789827,40.59483],[-73.789352,40.595386],[-73.789405,40.59696],[-73.789244,40.598107],[-73.787392,40.599406],[-73.786838,40.600015],[-73.786152,40.600386],[-73.785759,40.600941],[-73.785711,40.601312],[-73.785478,40.601656],[-73.784738,40.601947],[-73.784367,40.602273],[-73.784398,40.602389],[-73.784682,40.602515],[-73.784552,40.602835],[-73.783952,40.602948],[-73.783555,40.603688],[-73.784001,40.604738],[-73.783923,40.605]]]}},
{"type":"Feature","properties":{"depthFt":4},"geometry":{"type":"MultiLineString","coordinates":[[[-73.899753,40.605],[-73.899799,40.604992],[-73.899852,40.605]],[[-73.851335,40.605],[-73.851219,40.60483],[-73.851065,40.604954],[-73.851182,40.604985],[-73.851178,40.605]],[[-73.851028,40.605],[-73.851003,40.604985],[-73.85098,40.605]],[[-73.859084,40.604398],[-73.859182,40.604383],[-73.85922,40.60446],[-73.859151,40.604497],[-73.859084,40.604398]],[[-73.870234,40.604336],[-73.870344,40.604367],[-73.870324,40.604546],[-73.870217,40.60446],[-73.870234,40.604336]],[[-73.860725,40.604265],[-73.860717,40.604306],[-73.860787,40.604364],[-73.860793,40.604275],[-73.860725,40.604265]],[[-73.86194,40.605],[-73.861594,40.604707],[-73.861775,40.60435],[-73.862361,40.604493],[-73.862692,40.604213],[-73.862768,40.604244],[-73.862834,40.605]],[[-73.86091,40.604154],[-73.860943,40.604398],[-73.86091,40.604535],[-73.861044,40.60446],[-73.86091,40.604154]],[[-73.909522,40.604026],[-73.909522,40.604485],[-73.909583,40.604711],[-73.909769,40.604498],[-73.90981,40.60412],[-73.909761,40.604028],[-73.909522,40.604026]],[[-73.860694,40.604025],[-73.860548,40.604059],[-73.86054,40.604215],[-73.860721,40.60412],[-73.860694,40.604025]],[[-73.86088,40.603995],[-73.86081,40.60409],[-73.860941,40.604143],[-73.861027,40.604028],[-73.86088,40.603995]],[[-73.850448,40.603837],[-73.850633,40.604176],[-73.850756,40.604141],[-73.850657,40.603873],[-73.850448,40.603837]],[[-73.866999,40.603472],[-73.86714,40.603565],[-73.866836,40.603897],[-73.866651,40.603565],[-73.866999,40.603472]],[[-73.904242,40.605],[-73.904645,40.604848],[-73.905231,40.604832],[-73.905374,40.605]],[[-73.908482,40.605],[-73.908376,40.604059],[-73.908843,40.603858],[-73.91091,40.603417],[-73.912948,40.603661],[-73.913688,40.603888],[-73.914888,40.605]],[[-73.825633,40.603278],[-73.825273,40.603441],[-73.825235,40.603503],[-73.82554,40.603554],[-73.8257,40.603318],[-73.825633,40.603278]],[[-73.868732,40.603133],[-73.868812,40.603119],[-73.86882,40.603194],[-73.86875,40.603196],[-73.868732,40.603133]],[[-73.802423,40.602824],[-73.802361,40.602851],[-73.801802,40.602886],[-73.802614,40.602886],[-73.802423,40.602824]],[[-73.865438,40.605],[-73.866127,40.604073],[-73.866373,40.603925],[-73.866689,40.604213],[-73.866744,40.604543],[-73.866909,40.604676],[-73.866836,40.604815],[-73.866466,40.604893],[-73.866219,40.604788],[-73.86591,40.604861],[-73.865969,40.604985],[-73.865939,40.605]],[[-73.870577,40.605],[-73.870672,40.604892],[-73.870509,40.604799],[-73.870635,40.604676],[-73.8704,40.604552],[-73.87056,40.60446],[-73.870633,40.604156],[-73.871219,40.604187],[-73.871315,40.60409],[-73.871407,40.60338],[-73.870715,40.602978],[-73.871497,40.602763],[-73.871656,40.60304],[-73.871751,40.60446],[-73.871926,40.605]],[[-73.930139,40.602726],[-73.93003,40.602886],[-73.930386,40.603205],[-73.930482,40.60304],[-73.930262,40.60292],[-73.930351,40.602731],[-73.930139,40.602726]],[[-73.79478,40.605],[-73.795015,40.604864],[-73.795448,40.604729],[-73.796285,40.603966],[-73.796988,40.603503],[-73.798318,40.603358],[-73.79946,40.60299],[-73.80125,40.602947],[-73.801373,40.602917],[-73.8009,40.602855],[-73.803287,40.60256],[-73.803472,40.602718],[-73.802861,40.602855],[-73.803472,40.602908],[-73.804059,40.60337],[-73.804628,40.605]],[[-73.771986,40.602485],[-73.772389,40.602608],[-73.772544,40.602886],[-73.77233,40.603252],[-73.771682,40.603674],[-73.771528,40.603274],[-73.771931,40.603071],[-73.771986,40.602485]],[[-73.91946,40.602358],[-73.919409,40.602454],[-73.919398,40.602618],[-73.919535,40.602361],[-73.91946,40.602358]],[[-73.930324,40.601897],[-73.930144,40.602083],[-73.930355,40.602299],[-73.93034,40.602701],[-73.930694,40.602834],[-73.930964,40.602608],[-73.930972,40.602337],[-73.930693,40.602238],[-73.930324,40.601897]],[[-73.848332,40.601312],[-73.848503,40.601302],[-73.848898,40.601836],[-73.848565,40.601655],[-73.848332,40.601312]],[[-73.844799,40.601206],[-73.844774,40.60125],[-73.844799,40.601312],[-73.844894,40.601219],[-73.844799,40.601206]],[[-73.791898,40.600932],[-73.791852,40.601003],[-73.791929,40.601052],[-73.791976,40.600972],[-73.791898,40.600932]],[[-73.80779,40.600664],[-73.807845,40.60091],[-73.807498,40.60088],[-73.807514,40.600818],[-73.80779,40.600664]],[[-73.84483,40.60057],[-73.844709,40.600633],[-73.84483,40.60092],[-73.844982,40.600756],[-73.84483,40.60057]],[[-73.780417,40.600162],[-73.780392,40.600201],[-73.780417,40.60026],[-73.780486,40.600201],[-73.780417,40.600162]],[[-73.871326,40.600046],[-73.871517,40.600108],[-73.871642,40.600448],[-73.871689,40.601343],[-73.871497,40.602055],[-73.870975,40.602454],[-73.871203,40.60267],[-73.870293,40.602889],[-73.869809,40.602701],[-73.869416,40.60233],[-73.869248,40.601806],[-73.869614,40.601512],[-73.870201,40.601338],[-73.871103,40.600509],[-73.871326,40.600046]],[[-73.822454,40.600036],[-73.822454,40.600143],[-73.822639,40.600077],[-73.822608,40.600026],[-73.822454,40.600036]],[[-73.846263,40.600015],[-73.846266,40.600108],[-73.846176,40.600139],[-73.846188,40.600066],[-73.846263,40.600015]],[[-73.821991,40.599914],[-73.821929,40.600053],[-73.8222,40.600046],[-73.822183,40.599954],[-73.821991,40.599914]],[[-73.82412,40.599768],[-73.824059,40.599985],[-73.824213,40.600133],[-73.824552,40.600249],[-73.824692,40.60017],[-73.824583,40.599865],[-73.82412,40.599768]],[[-73.824792,40.605],[-73.825064,40.604213],[-73.825246,40.603966],[-73.825231,40.603834],[-73.825026,40.603843],[-73.825158,40.603627],[-73.825083,40.603472],[-73.825934,40.602639],[-73.826026,40.602176],[-73.826466,40.602109],[-73.826744,40.601641],[-73.827359,40.601157],[-73.827577,40.600832],[-73.830355,40.599673],[-73.830787,40.599886],[-73.831497,40.599781],[-73.832009,40.599954],[-73.832548,40.600262],[-73.83242,40.600602],[-73.833381,40.600941],[-73.833534,40.601364],[-73.835086,40.601744],[-73.835756,40.602112],[-73.837837,40.602855],[-73.838004,40.603071],[-73.838351,40.603225],[-73.838009,40.603476],[-73.837485,40.603412],[-73.837255,40.603719],[-73.836867,40.603807],[-73.835201,40.603954],[-73.834861,40.603756],[-73.833966,40.603886],[-73.833627,40.604067],[-73.833349,40.604024],[-73.832546,40.604311],[-73.832145,40.6042],[-73.831759,40.604336],[-73.831797,40.604614],[-73.832454,40.604459],[-73.832701,40.604586],[-73.833534,40.604669],[-73.83412,40.604609],[-73.834367,40.60482],[-73.834954,40.604859],[-73.83591,40.604484],[-73.836742,40.604552],[-73.837454,40.604768],[-73.837793,40.604648],[-73.838164,40.604693],[-73.838904,40.604422],[-73.839303,40.604429],[-73.839139,40.604769],[-73.83912,40.605]],[[-73.844892,40.599643],[-73.844824,40.599954],[-73.844892,40.600049],[-73.844975,40.599738],[-73.844892,40.599643]],[[-73.921479,40.599614],[-73.921528,40.599586],[-73.921601,40.599614],[-73.921435,40.599695],[-73.921479,40.599614]],[[-73.844985,40.599332],[-73.844984,40.599429],[-73.845077,40.59952],[-73.845099,40.599398],[-73.844985,40.599332]],[[-73.824707,40.598372],[-73.824241,40.598843],[-73.824244,40.599414],[-73.824367,40.599496],[-73.825324,40.599417],[-73.825491,40.599151],[-73.825413,40.598812],[-73.825015,40.598424],[-73.824707,40.598372]],[[-73.773732,40.605],[-73.773802,40.604738],[-73.774065,40.604367],[-73.774337,40.603565],[-73.774124,40.602917],[-73.774372,40.602731],[-73.775694,40.60253],[-73.777068,40.601435],[-73.777651,40.600818],[-73.777948,40.600331],[-73.778225,40.600176],[-73.778596,40.600177],[-73.778812,40.600351],[-73.779182,40.600435],[-73.780058,40.600509],[-73.780141,40.600201],[-73.780355,40.60012],[-73.780509,40.599838],[-73.781065,40.599566],[-73.781227,40.599275],[-73.781651,40.599081],[-73.781832,40.598873],[-73.781682,40.598371],[-73.780818,40.597627],[-73.780417,40.597511],[-73.779799,40.597535],[-73.778441,40.598275],[-73.777771,40.598843],[-73.776929,40.600398],[-73.776134,40.601373],[-73.775678,40.601682],[-73.774769,40.601936],[-73.774483,40.601435],[-73.774561,40.601157],[-73.774487,40.600849],[-73.773966,40.600148],[-73.773843,40.599808],[-73.773936,40.599028],[-73.773503,40.598582],[-73.772824,40.598384],[-73.772663,40.598133],[-73.772485,40.598069],[-73.771096,40.598401],[-73.770448,40.598288],[-73.769925,40.59841],[-73.770293,40.598824],[-73.770694,40.598721],[-73.771218,40.598781],[-73.771474,40.599151],[-73.771492,40.599769],[-73.77125,40.601397],[-73.771127,40.602035],[-73.770859,40.602639],[-73.770954,40.603565],[-73.770838,40.603812],[-73.770941,40.604061],[-73.771219,40.60401],[-73.771404,40.604134],[-73.771323,40.604676],[-73.771446,40.605]],[[-73.812181,40.597392],[-73.812291,40.597392],[-73.812205,40.597577],[-73.811995,40.597577],[-73.812181,40.597392]],[[-73.86876,40.597176],[-73.869923,40.598472],[-73.871396,40.599336],[-73.871563,40.599552],[-73.870478,40.600172],[-73.869769,40.600215],[-73.868472,40.600631],[-73.867917,40.601151],[-73.867852,40.600849],[-73.868164,40.599465],[-73.868565,40.598636],[-73.868904,40.598383],[-73.86975,40.598472],[-73.869702,40.598318],[-73.869495,40.598287],[-73.869049,40.597886],[-73.86884,40.597577],[-73.86876,40.597176]],[[-73.815708,40.596127],[-73.815795,40.596559],[-73.81541,40.596497],[-73.815427,40.596466],[-73.815708,40.596127]],[[-73.806243,40.605],[-73.805893,40.604059],[-73.805811,40.603349],[-73.805941,40.602533],[-73.806127,40.602482],[-73.807299,40.602964],[-73.807978,40.603042],[-73.808194,40.603221],[-73.808992,40.603287],[-73.808935,40.602957],[-73.808527,40.602917],[-73.808405,40.602701],[-73.808027,40.602577],[-73.807886,40.602318],[-73.807639,40.602303],[-73.807419,40.602145],[-73.807454,40.601937],[-73.807855,40.601886],[-73.808102,40.601997],[-73.80841,40.601913],[-73.808627,40.602293],[-73.808781,40.602355],[-73.808862,40.602269],[-73.80891,40.602083],[-73.808812,40.601864],[-73.808182,40.601373],[-73.808063,40.600509],[-73.809028,40.599602],[-73.809676,40.598531],[-73.811127,40.598009],[-73.812515,40.59789],[-73.813009,40.597576],[-73.813231,40.597238],[-73.812299,40.597387],[-73.812343,40.597269],[-73.813441,40.596496],[-73.813596,40.596535],[-73.813966,40.596324],[-73.814129,40.596497],[-73.814125,40.596312],[-73.814361,40.596127],[-73.815046,40.596169],[-73.815354,40.596497],[-73.815506,40.597238],[-73.815567,40.598565],[-73.815478,40.59884],[-73.815319,40.598935],[-73.814954,40.598209],[-73.8147,40.598287],[-73.815272,40.599213],[-73.815244,40.599552],[-73.814953,40.599923],[-73.814884,40.600787],[-73.815396,40.601528],[-73.815391,40.603781],[-73.815285,40.604213],[-73.81435,40.604552],[-73.813746,40.605]],[[-73.813361,40.605],[-73.813362,40.604985],[-73.813256,40.604935],[-73.812883,40.605]],[[-73.810156,40.605],[-73.809985,40.6049],[-73.809969,40.605]],[[-73.814027,40.596003],[-73.814174,40.596096],[-73.813904,40.596173],[-73.813925,40.596096],[-73.814027,40.596003]],[[-73.86233,40.595754],[-73.862369,40.595849],[-73.862454,40.595901],[-73.862423,40.595789],[-73.86233,40.595754]],[[-73.81582,40.59446],[-73.816017,40.594491],[-73.816088,40.594583],[-73.815812,40.594552],[-73.81582,40.59446]],[[-73.822299,40.594141],[-73.822299,40.594357],[-73.822529,40.594275],[-73.822515,40.594141],[-73.822299,40.594141]],[[-73.864292,40.594028],[-73.865168,40.594213],[-73.865961,40.594799],[-73.86598,40.595941],[-73.866611,40.596929],[-73.866473,40.597546],[-73.866625,40.597577],[-73.866497,40.597966],[-73.866373,40.597979],[-73.866318,40.598194],[-73.866439,40.598349],[-73.866157,40.598883],[-73.866081,40.598812],[-73.866188,40.598418],[-73.865849,40.598563],[-73.865509,40.598286],[-73.864854,40.598164],[-73.864429,40.597727],[-73.864336,40.598027],[-73.863223,40.59662],[-73.863114,40.595818],[-73.863226,40.595355],[-73.86341,40.594954],[-73.863812,40.594759],[-73.864797,40.594985],[-73.865922,40.595849],[-73.865605,40.595417],[-73.865594,40.594985],[-73.86446,40.594306],[-73.864292,40.594028]],[[-73.916991,40.592602],[-73.916959,40.59267],[-73.916991,40.592898],[-73.917073,40.592701],[-73.916991,40.592602]],[[-73.847393,40.591991],[-73.847524,40.592022],[-73.847515,40.592128],[-73.847454,40.592124],[-73.847393,40.591991]],[[-73.847408,40.591775],[-73.847485,40.591744],[-73.847528,40.591806],[-73.847423,40.591859],[-73.847408,40.591775]],[[-73.847701,40.591487],[-73.847701,40.591593],[-73.847847,40.591528],[-73.847824,40.591504],[-73.847701,40.591487]],[[-73.847917,40.591423],[-73.847833,40.591497],[-73.847855,40.591518],[-73.847948,40.591488],[-73.847917,40.591423]],[[-73.855048,40.591343],[-73.85517,40.591327],[-73.855225,40.591373],[-73.855139,40.591422],[-73.855048,40.591343]],[[-73.854835,40.59125],[-73.854892,40.591222],[-73.854948,40.591281],[-73.854861,40.591323],[-73.854835,40.59125]],[[-73.866397,40.590787],[-73.866444,40.590849],[-73.866373,40.590885],[-73.866363,40.590818],[-73.866397,40.590787]],[[-73.840155,40.605],[-73.840549,40.604275],[-73.841096,40.603982],[-73.844398,40.603189],[-73.84659,40.602043],[-73.84804,40.601502],[-73.848318,40.601626],[-73.848849,40.602145],[-73.850255,40.603781],[-73.850414,40.603781],[-73.850346,40.603441],[-73.850241,40.603441],[-73.850262,40.603588],[-73.850165,40.603534],[-73.850139,40.603116],[-73.849985,40.603292],[-73.849817,40.603133],[-73.849616,40.602608],[-73.849676,40.602536],[-73.849805,40.602701],[-73.849873,40.602639],[-73.849067,40.601219],[-73.84909,40.601106],[-73.849213,40.601111],[-73.850355,40.601617],[-73.850502,40.601559],[-73.849678,40.600355],[-73.849624,40.59946],[-73.849422,40.59875],[-73.849967,40.597546],[-73.85036,40.595478],[-73.850631,40.59483],[-73.851096,40.592007],[-73.851343,40.591478],[-73.85162,40.591521],[-73.851867,40.59131],[-73.852762,40.591083],[-73.85329,40.591096],[-73.853261,40.59091],[-73.853009,40.590678],[-73.85446,40.591208],[-73.854707,40.591152],[-73.85483,40.591461],[-73.855155,40.591528],[-73.85554,40.591431],[-73.855633,40.591537],[-73.855787,40.591484],[-73.85635,40.59162],[-73.858596,40.592344],[-73.861511,40.593102],[-73.862127,40.59338],[-73.862366,40.593627],[-73.861991,40.593668],[-73.861783,40.593812],[-73.861771,40.594336],[-73.861651,40.594526],[-73.861374,40.594614],[-73.861455,40.594738],[-73.861363,40.594985],[-73.862176,40.59561],[-73.862299,40.595476],[-73.862433,40.595694],[-73.862577,40.595725],[-73.862621,40.59588],[-73.862516,40.595972],[-73.862779,40.596466],[-73.862777,40.596682],[-73.863068,40.597269],[-73.863489,40.597762],[-73.865725,40.59904],[-73.86591,40.598938],[-73.866072,40.599028],[-73.866003,40.599501],[-73.865747,40.599645],[-73.865227,40.601188],[-73.86483,40.601445],[-73.864151,40.60229],[-73.86339,40.602948],[-73.861513,40.603873],[-73.861559,40.604348],[-73.86125,40.604264],[-73.861127,40.604538],[-73.860818,40.604628],[-73.860694,40.60445],[-73.860386,40.604343],[-73.860324,40.60404],[-73.860077,40.604103],[-73.860059,40.603966],[-73.859861,40.603928],[-73.85946,40.604274],[-73.859336,40.604019],[-73.858592,40.604182],[-73.858657,40.604676],[-73.859114,40.604954],[-73.859089,40.605]],[[-73.925262,40.590506],[-73.924493,40.590849],[-73.924244,40.59114],[-73.924398,40.591175],[-73.924645,40.591036],[-73.925262,40.590506]],[[-73.847726,40.590046],[-73.847793,40.590201],[-73.847639,40.590404],[-73.847567,40.590324],[-73.847726,40.590046]],[[-73.867515,40.589985],[-73.867613,40.590077],[-73.867423,40.590208],[-73.867454,40.590288],[-73.867855,40.590271],[-73.867762,40.590613],[-73.866898,40.591226],[-73.866373,40.591262],[-73.86636,40.590972],[-73.866622,40.59091],[-73.866719,40.590478],[-73.866973,40.590293],[-73.866927,40.590108],[-73.86733,40.59022],[-73.867515,40.589985]],[[-73.868217,40.589861],[-73.86836,40.589985],[-73.867886,40.590243],[-73.867893,40.590077],[-73.868217,40.589861]],[[-73.848201,40.589583],[-73.848349,40.589594],[-73.848522,40.58983],[-73.848525,40.590324],[-73.848753,40.59125],[-73.848472,40.591967],[-73.848171,40.591775],[-73.848102,40.591584],[-73.848143,40.591929],[-73.847793,40.592037],[-73.847507,40.59162],[-73.847577,40.59145],[-73.848306,40.591281],[-73.848175,40.591096],[-73.848229,40.59091],[-73.848145,40.590787],[-73.848228,40.590694],[-73.848061,40.59054],[-73.848092,40.590324],[-73.84796,40.59017],[-73.848196,40.590015],[-73.848208,40.58983],[-73.847907,40.589676],[-73.848071,40.589634],[-73.848225,40.589752],[-73.848201,40.589583]],[[-73.857914,40.589367],[-73.857978,40.589366],[-73.858005,40.589398],[-73.85787,40.589429],[-73.857914,40.589367]],[[-73.869572,40.589244],[-73.868997,40.58975],[-73.868468,40.589923],[-73.868904,40.589523],[-73.869572,40.589244]],[[-73.864127,40.588966],[-73.864367,40.58909],[-73.864306,40.589352],[-73.864178,40.589275],[-73.864182,40.589138],[-73.863964,40.589213],[-73.863935,40.589046],[-73.864127,40.588966]],[[-73.907176,40.588717],[-73.907503,40.589213],[-73.907924,40.589244],[-73.907917,40.588983],[-73.907176,40.588717]],[[-73.865093,40.588688],[-73.865217,40.588719],[-73.864988,40.58946],[-73.865056,40.58983],[-73.864921,40.590293],[-73.864614,40.590388],[-73.864429,40.590225],[-73.863688,40.590354],[-73.863555,40.590201],[-73.863627,40.589981],[-73.863765,40.589923],[-73.863625,40.589738],[-73.86372,40.589583],[-73.864028,40.589361],[-73.864151,40.589478],[-73.864491,40.589371],[-73.864997,40.588997],[-73.865093,40.588688]],[[-73.845474,40.588503],[-73.845798,40.588565],[-73.846124,40.588688],[-73.845787,40.58864],[-73.845474,40.588503]],[[-73.84483,40.588256],[-73.845018,40.588287],[-73.84517,40.588374],[-73.845232,40.58838],[-73.845288,40.58841],[-73.844954,40.588336],[-73.84483,40.588256]],[[-73.781682,40.588216],[-73.781682,40.588296],[-73.781744,40.588325],[-73.781751,40.588225],[-73.781682,40.588216]],[[-73.87053,40.588164],[-73.870639,40.588194],[-73.870509,40.588503],[-73.870097,40.588781],[-73.87053,40.588164]],[[-73.878073,40.588133],[-73.878139,40.588133],[-73.877978,40.588193],[-73.87793,40.588164],[-73.878073,40.588133]],[[-73.841795,40.587238],[-73.84196,40.587268],[-73.842088,40.587361],[-73.841836,40.587353],[-73.841712,40.587269],[-73.841795,40.587238]],[[-73.871048,40.587145],[-73.871061,40.587423],[-73.870725,40.587923],[-73.870769,40.587485],[-73.871048,40.587145]],[[-73.931775,40.586957],[-73.931775,40.587089],[-73.931912,40.586991],[-73.931867,40.586939],[-73.931775,40.586957]],[[-73.840532,40.586867],[-73.840694,40.58687],[-73.841244,40.587176],[-73.84091,40.587171],[-73.840532,40.586867]],[[-73.817037,40.605],[-73.81752,40.604552],[-73.818577,40.601281],[-73.818505,40.600756],[-73.818838,40.599707],[-73.81883,40.59909],[-73.819438,40.597238],[-73.819858,40.596806],[-73.819938,40.596343],[-73.820301,40.595972],[-73.820787,40.59493],[-73.821157,40.594578],[-73.821819,40.594429],[-73.821955,40.593997],[-73.822404,40.593534],[-73.82304,40.592441],[-73.823843,40.591901],[-73.824769,40.591553],[-73.825262,40.591522],[-73.825602,40.591083],[-73.826216,40.590849],[-73.826463,40.59017],[-73.826848,40.589861],[-73.827454,40.589604],[-73.828676,40.588565],[-73.829491,40.588183],[-73.829799,40.588463],[-73.83088,40.588364],[-73.831898,40.58791],[-73.833935,40.586528],[-73.835633,40.586658],[-73.837269,40.586509],[-73.837978,40.586734],[-73.838904,40.586725],[-73.839063,40.586898],[-73.839213,40.58686],[-73.839678,40.587145],[-73.841219,40.587398],[-73.843334,40.588133],[-73.84465,40.588349],[-73.845633,40.588637],[-73.846813,40.589151],[-73.846767,40.589244],[-73.846914,40.58946],[-73.84729,40.58983],[-73.847112,40.590046],[-73.847085,40.590293],[-73.846912,40.590417],[-73.847069,40.590756],[-73.846979,40.591003],[-73.84713,40.591497],[-73.846852,40.591806],[-73.847577,40.593358],[-73.847718,40.593194],[-73.847552,40.593071],[-73.847682,40.592917],[-73.847507,40.592824],[-73.847515,40.592619],[-73.847649,40.592608],[-73.847682,40.592824],[-73.847855,40.592933],[-73.848071,40.592844],[-73.848181,40.592948],[-73.84807,40.59304],[-73.848087,40.593225],[-73.847922,40.593256],[-73.84799,40.593349],[-73.847895,40.593565],[-73.847793,40.593621],[-73.847639,40.593485],[-73.847708,40.59412],[-73.846744,40.596126],[-73.845284,40.597886],[-73.844954,40.59807],[-73.844408,40.598627],[-73.844429,40.599034],[-73.844738,40.598928],[-73.844954,40.599146],[-73.845045,40.598873],[-73.845293,40.598803],[-73.845555,40.59909],[-73.845263,40.599707],[-73.844948,40.601157],[-73.845108,40.600926],[-73.845684,40.600664],[-73.845725,40.600462],[-73.84588,40.600355],[-73.845787,40.600176],[-73.846003,40.600074],[-73.845918,40.600231],[-73.846051,40.600478],[-73.845694,40.600886],[-73.845293,40.601209],[-73.844738,40.601376],[-73.844244,40.601756],[-73.843904,40.601705],[-73.843441,40.602005],[-73.842744,40.602145],[-73.84091,40.602141],[-73.840571,40.601916],[-73.839645,40.602024],[-73.839046,40.601775],[-73.839229,40.601435],[-73.839166,40.60125],[-73.839468,40.601157],[-73.839429,40.601062],[-73.838714,40.60088],[-73.837515,40.600771],[-73.836601,40.600509],[-73.83601,40.600262],[-73.835201,40.599707],[-73.83375,40.599162],[-73.83267,40.598928],[-73.832147,40.598966],[-73.831065,40.598811],[-73.829645,40.598957],[-73.82838,40.599315],[-73.827341,40.599769],[-73.827546,40.599895],[-73.82662,40.600282],[-73.825972,40.600312],[-73.825571,40.600548],[-73.825108,40.600276],[-73.824676,40.600307],[-73.824676,40.600427],[-73.825292,40.600756],[-73.824803,40.601127],[-73.824306,40.601953],[-73.823901,40.602238],[-73.823938,40.602423],[-73.823113,40.603627],[-73.823046,40.603966],[-73.822824,40.604306],[-73.822991,40.604707],[-73.82295,40.605]],[[-73.860506,40.586497],[-73.861108,40.586651],[-73.861234,40.587299],[-73.860804,40.587701],[-73.86079,40.588133],[-73.861161,40.588503],[-73.860974,40.588935],[-73.861528,40.588937],[-73.861649,40.589336],[-73.861343,40.589486],[-73.861034,40.589487],[-73.858349,40.588667],[-73.858256,40.588995],[-73.858102,40.588885],[-73.858085,40.588781],[-73.858939,40.587948],[-73.859328,40.587361],[-73.859911,40.586836],[-73.860506,40.586497]],[[-73.834462,40.586312],[-73.834583,40.5863],[-73.834617,40.586343],[-73.834491,40.586378],[-73.834462,40.586312]],[[-73.83753,40.586281],[-73.83838,40.586262],[-73.838519,40.586373],[-73.838349,40.586411],[-73.83753,40.586281]],[[-73.861363,40.586034],[-73.861528,40.586161],[-73.861497,40.586334],[-73.861219,40.586479],[-73.861034,40.586382],[-73.861363,40.586034]],[[-73.869583,40.583918],[-73.869645,40.584021],[-73.869773,40.58409],[-73.869704,40.583966],[-73.869583,40.583918]],[[-73.810231,40.582906],[-73.810218,40.582978],[-73.810262,40.583017],[-73.810277,40.582948],[-73.810231,40.582906]],[[-73.948123,40.582731],[-73.948489,40.582978],[-73.94841,40.583169],[-73.948159,40.583133],[-73.948071,40.582948],[-73.948123,40.582731]],[[-73.815941,40.582324],[-73.815886,40.582361],[-73.816101,40.58233],[-73.816003,40.582312],[-73.815941,40.582324]],[[-73.867224,40.582176],[-73.867512,40.582238],[-73.867468,40.58233],[-73.867775,40.582546],[-73.867479,40.582608],[-73.868201,40.58304],[-73.867546,40.582816],[-73.86737,40.582886],[-73.868831,40.583565],[-73.868799,40.583688],[-73.868952,40.583904],[-73.869182,40.583916],[-73.869184,40.583719],[-73.869367,40.583688],[-73.869367,40.583227],[-73.869605,40.583596],[-73.870257,40.583966],[-73.870777,40.58517],[-73.871065,40.586748],[-73.870865,40.586744],[-73.869583,40.587823],[-73.868529,40.588009],[-73.868274,40.588287],[-73.867577,40.588677],[-73.867392,40.588974],[-73.867022,40.589043],[-73.866744,40.588889],[-73.866559,40.588979],[-73.866259,40.588812],[-73.866187,40.588534],[-73.866281,40.588351],[-73.867353,40.587207],[-73.868389,40.586343],[-73.868997,40.585596],[-73.868503,40.585645],[-73.867572,40.586157],[-73.866744,40.586271],[-73.865571,40.586684],[-73.863133,40.58722],[-73.862865,40.587207],[-73.862766,40.586836],[-73.862608,40.586754],[-73.862615,40.587269],[-73.862454,40.587363],[-73.862334,40.58733],[-73.862278,40.58662],[-73.862083,40.586167],[-73.862014,40.586497],[-73.862142,40.586559],[-73.862022,40.586597],[-73.861867,40.586922],[-73.861836,40.586219],[-73.862083,40.58546],[-73.863349,40.583976],[-73.864985,40.583463],[-73.86591,40.582928],[-73.866466,40.582458],[-73.867224,40.582176]],[[-73.868176,40.582052],[-73.868324,40.582083],[-73.868071,40.582251],[-73.86783,40.582207],[-73.868176,40.582052]],[[-73.817639,40.581519],[-73.817467,40.58162],[-73.817933,40.581682],[-73.817737,40.581528],[-73.817639,40.581519]],[[-73.817886,40.581155],[-73.817793,40.581188],[-73.818102,40.581338],[-73.818071,40.581174],[-73.817886,40.581155]],[[-73.855192,40.580324],[-73.855178,40.580417],[-73.855018,40.580448],[-73.855103,40.580355],[-73.855192,40.580324]],[[-73.927408,40.579923],[-73.927485,40.579912],[-73.927535,40.579954],[-73.927454,40.580006],[-73.927408,40.579923]],[[-73.927603,40.579861],[-73.927639,40.579866],[-73.927713,40.579923],[-73.927595,40.579954],[-73.927603,40.579861]],[[-73.927641,40.579614],[-73.927738,40.579676],[-73.927639,40.579752],[-73.927596,40.579707],[-73.927641,40.579614]],[[-73.924367,40.579544],[-73.924429,40.579676],[-73.924758,40.579707],[-73.924491,40.579547],[-73.924367,40.579544]],[[-73.825324,40.578962],[-73.825278,40.579028],[-73.825419,40.578997],[-73.825391,40.578966],[-73.825324,40.578962]],[[-73.928931,40.578781],[-73.929943,40.580664],[-73.92983,40.580991],[-73.929653,40.580818],[-73.9297,40.580386],[-73.929491,40.580161],[-73.928479,40.57983],[-73.928225,40.579498],[-73.92804,40.579605],[-73.927843,40.579522],[-73.928009,40.579469],[-73.92804,40.579346],[-73.92841,40.579518],[-73.928627,40.579429],[-73.928689,40.579059],[-73.928931,40.578781]],[[-73.826188,40.578524],[-73.825965,40.578627],[-73.826065,40.578832],[-73.826468,40.578688],[-73.826188,40.578524]],[[-73.926528,40.578438],[-73.926382,40.578503],[-73.926368,40.578534],[-73.926586,40.578441],[-73.926528,40.578438]],[[-73.827515,40.577967],[-73.827417,40.57838],[-73.826882,40.578596],[-73.827865,40.578318],[-73.827618,40.578225],[-73.827515,40.577967]],[[-73.91652,40.576898],[-73.91659,40.576886],[-73.916617,40.576929],[-73.916515,40.57696],[-73.91652,40.576898]],[[-73.896244,40.576219],[-73.89642,40.57625],[-73.896528,40.576463],[-73.896373,40.576522],[-73.896356,40.576404],[-73.896127,40.576397],[-73.896244,40.576219]],[[-73.937632,40.575015],[-73.937731,40.575007],[-73.937756,40.575046],[-73.93767,40.57512],[-73.937632,40.575015]],[[-73.932691,40.574954],[-73.93338,40.575038],[-73.933474,40.575108],[-73.933164,40.575145],[-73.932691,40.574954]],[[-73.930202,40.574954],[-73.930478,40.574968],[-73.930557,40.575077],[-73.929583,40.575509],[-73.928781,40.576282],[-73.928596,40.576339],[-73.92841,40.576233],[-73.928343,40.576003],[-73.928436,40.575818],[-73.929182,40.575092],[-73.930202,40.574954]],[[-73.929301,40.574861],[-73.92936,40.574892],[-73.929244,40.575021],[-73.92924,40.574923],[-73.929301,40.574861]],[[-73.930769,40.574799],[-73.930924,40.574799],[-73.931153,40.574985],[-73.93088,40.575061],[-73.930769,40.574799]],[[-73.837022,40.574797],[-73.836644,40.575015],[-73.836619,40.575108],[-73.837052,40.574962],[-73.837128,40.57483],[-73.837022,40.574797]],[[-73.838133,40.574766],[-73.837941,40.57483],[-73.837884,40.574892],[-73.838133,40.57487],[-73.838133,40.574766]],[[-73.916438,40.605],[-73.916281,40.604743],[-73.915086,40.603781],[-73.914398,40.603044],[-73.91267,40.602534],[-73.910849,40.602245],[-73.909707,40.60223],[-73.909059,40.602437],[-73.907546,40.602468],[-73.906744,40.602753],[-73.904583,40.602881],[-73.903009,40.603349],[-73.900976,40.603657],[-73.899769,40.603695],[-73.898966,40.604145],[-73.898781,40.603989],[-73.89841,40.603926],[-73.896836,40.603986],[-73.896404,40.603873],[-73.894961,40.603873],[-73.894059,40.603659],[-73.892238,40.603645],[-73.88896,40.605]],[[-73.883165,40.605],[-73.882515,40.604403],[-73.881945,40.602577],[-73.881482,40.601682],[-73.88069,40.60054],[-73.880607,40.59909],[-73.880101,40.596775],[-73.880355,40.59517],[-73.880217,40.594306],[-73.879799,40.593256],[-73.879434,40.591898],[-73.879083,40.591559],[-73.878932,40.591065],[-73.878764,40.59088],[-73.878728,40.590478],[-73.878469,40.589799],[-73.878402,40.588781],[-73.878524,40.58841],[-73.878346,40.588102],[-73.878272,40.587515],[-73.877886,40.586867],[-73.877423,40.586598],[-73.87743,40.586188],[-73.876615,40.585201],[-73.876632,40.584861],[-73.87961,40.580231],[-73.879954,40.579992],[-73.881101,40.579614],[-73.881651,40.579161],[-73.881744,40.578932],[-73.882762,40.578956],[-73.88412,40.578502],[-73.886394,40.577978],[-73.891065,40.577189],[-73.895231,40.57611],[-73.896065,40.576468],[-73.896208,40.576682],[-73.896929,40.577054],[-73.897726,40.577176],[-73.898009,40.577389],[-73.898441,40.577441],[-73.898688,40.577642],[-73.899028,40.577723],[-73.899045,40.577855],[-73.899336,40.577804],[-73.899645,40.578146],[-73.899985,40.578181],[-73.900386,40.578434],[-73.900787,40.578475],[-73.901528,40.579068],[-73.901898,40.579122],[-73.902731,40.579648],[-73.90341,40.579571],[-73.903719,40.579379],[-73.903904,40.579389],[-73.904658,40.580015],[-73.904719,40.580355],[-73.904645,40.580462],[-73.90444,40.580417],[-73.90446,40.580261],[-73.904255,40.580015],[-73.904028,40.579857],[-73.90375,40.579834],[-73.903812,40.579647],[-73.903349,40.579612],[-73.903256,40.579692],[-73.903935,40.580111],[-73.904059,40.580475],[-73.904614,40.580532],[-73.904965,40.581003],[-73.904954,40.581293],[-73.905468,40.58159],[-73.90517,40.581809],[-73.905316,40.581991],[-73.905249,40.582114],[-73.903472,40.58352],[-73.903009,40.583497],[-73.90257,40.583287],[-73.900201,40.581115],[-73.89912,40.580547],[-73.898287,40.580678],[-73.897762,40.580998],[-73.897432,40.581312],[-73.896917,40.582145],[-73.896803,40.58267],[-73.896914,40.583009],[-73.898272,40.584398],[-73.898903,40.58554],[-73.898858,40.586343],[-73.898726,40.586528],[-73.898798,40.586991],[-73.899489,40.587546],[-73.899614,40.587781],[-73.900201,40.587775],[-73.90226,40.586929],[-73.904429,40.586218],[-73.905262,40.58627],[-73.905725,40.586096],[-73.906312,40.586223],[-73.906528,40.586554],[-73.90696,40.586547],[-73.90734,40.586219],[-73.907639,40.5853],[-73.907948,40.585299],[-73.90841,40.585475],[-73.908904,40.585444],[-73.909671,40.584552],[-73.910015,40.584651],[-73.910972,40.585539],[-73.911874,40.586096],[-73.912203,40.586497],[-73.912143,40.586775],[-73.912299,40.586995],[-73.91237,40.587793],[-73.912269,40.588675],[-73.912035,40.589213],[-73.91178,40.590355],[-73.911753,40.59088],[-73.912006,40.591435],[-73.912098,40.592917],[-73.91237,40.593503],[-73.912423,40.594689],[-73.912731,40.595305],[-73.913318,40.595637],[-73.913596,40.596148],[-73.914151,40.596705],[-73.914311,40.597145],[-73.914764,40.597299],[-73.914808,40.597546],[-73.915628,40.598565],[-73.915812,40.598657],[-73.915787,40.598941],[-73.918194,40.599985],[-73.918657,40.600348],[-73.918873,40.600302],[-73.919429,40.600559],[-73.920015,40.600436],[-73.920201,40.600881],[-73.920633,40.600929],[-73.920997,40.601281],[-73.921404,40.601312],[-73.921713,40.601528],[-73.922917,40.600995],[-73.92369,40.599769],[-73.92359,40.599367],[-73.923637,40.598997],[-73.924182,40.599009],[-73.925965,40.60017],[-73.92662,40.600418],[-73.927097,40.600787],[-73.927883,40.601157],[-73.928071,40.601375],[-73.928503,40.601498],[-73.928691,40.601373],[-73.928441,40.601237],[-73.928334,40.601003],[-73.927269,40.600287],[-73.926682,40.59975],[-73.925887,40.599306],[-73.925722,40.599028],[-73.92517,40.598683],[-73.92483,40.598321],[-73.920046,40.594931],[-73.919161,40.59412],[-73.918071,40.593571],[-73.917465,40.593472],[-73.917851,40.59412],[-73.918657,40.594806],[-73.919124,40.595015],[-73.919769,40.595533],[-73.920577,40.595694],[-73.920698,40.595941],[-73.920509,40.595957],[-73.92054,40.596066],[-73.921188,40.595982],[-73.922176,40.596675],[-73.922168,40.596806],[-73.922008,40.596867],[-73.922253,40.597485],[-73.922577,40.597696],[-73.922515,40.59737],[-73.923225,40.597948],[-73.923232,40.598071],[-73.923133,40.598123],[-73.922822,40.597917],[-73.922691,40.598441],[-73.922844,40.598503],[-73.922454,40.599169],[-73.922022,40.599402],[-73.921844,40.599336],[-73.920725,40.599902],[-73.919275,40.599892],[-73.918534,40.599651],[-73.918287,40.599697],[-73.916497,40.598555],[-73.916003,40.59848],[-73.915849,40.597905],[-73.915552,40.59767],[-73.915448,40.597414],[-73.915004,40.597114],[-73.914676,40.596594],[-73.914182,40.59656],[-73.913812,40.596193],[-73.913594,40.595787],[-73.913596,40.595442],[-73.913102,40.595231],[-73.912554,40.594429],[-73.912483,40.593781],[-73.912868,40.592948],[-73.912627,40.592423],[-73.912327,40.592145],[-73.912485,40.591877],[-73.913009,40.591567],[-73.914738,40.591007],[-73.915787,40.591411],[-73.916514,40.592114],[-73.916757,40.592207],[-73.916127,40.591404],[-73.915633,40.591035],[-73.915139,40.590868],[-73.914151,40.589949],[-73.913952,40.589522],[-73.913923,40.588781],[-73.914911,40.587948],[-73.917176,40.587243],[-73.917926,40.586312],[-73.918966,40.585907],[-73.919645,40.586036],[-73.920324,40.585925],[-73.920941,40.585586],[-73.923472,40.585783],[-73.924336,40.585527],[-73.924799,40.585553],[-73.925587,40.58591],[-73.926127,40.586394],[-73.926475,40.586898],[-73.927183,40.587546],[-73.927701,40.588214],[-73.927845,40.588565],[-73.927447,40.58909],[-73.92648,40.589614],[-73.925349,40.590448],[-73.928102,40.588816],[-73.930149,40.589491],[-73.930605,40.589861],[-73.930643,40.590972],[-73.930383,40.592423],[-73.929959,40.593225],[-73.930089,40.593812],[-73.930509,40.594249],[-73.93088,40.594418],[-73.931898,40.59454],[-73.932515,40.594744],[-73.932597,40.594614],[-73.932511,40.594182],[-73.931963,40.593627],[-73.931933,40.59338],[-73.931404,40.592344],[-73.931041,40.591991],[-73.931317,40.590818],[-73.931078,40.589614],[-73.930804,40.589398],[-73.930463,40.588657],[-73.929694,40.587855],[-73.929605,40.587577],[-73.929676,40.587468],[-73.93038,40.587299],[-73.931065,40.587237],[-73.931117,40.586991],[-73.930509,40.586966],[-73.929213,40.587157],[-73.928479,40.587083],[-73.928009,40.586823],[-73.927382,40.586713],[-73.927485,40.586517],[-73.927826,40.586466],[-73.927793,40.586292],[-73.927546,40.586357],[-73.927361,40.586225],[-73.926991,40.586409],[-73.927052,40.58606],[-73.926713,40.586243],[-73.926542,40.586127],[-73.92662,40.585899],[-73.926281,40.585985],[-73.926373,40.585616],[-73.925969,40.585694],[-73.925902,40.585571],[-73.926047,40.585355],[-73.925941,40.585306],[-73.92569,40.585448],[-73.92572,40.58517],[-73.925633,40.585088],[-73.925324,40.585244],[-73.925138,40.58517],[-73.925077,40.584947],[-73.924336,40.584867],[-73.92338,40.584975],[-73.922361,40.58482],[-73.920478,40.584835],[-73.919275,40.585215],[-73.917176,40.586161],[-73.916559,40.586175],[-73.91517,40.586601],[-73.91412,40.586506],[-73.912948,40.586114],[-73.912515,40.585799],[-73.911358,40.583781],[-73.910877,40.583102],[-73.910262,40.582533],[-73.909705,40.58159],[-73.909821,40.581157],[-73.910177,40.580818],[-73.911312,40.58036],[-73.911815,40.579985],[-73.912052,40.579627],[-73.912679,40.579213],[-73.912687,40.579028],[-73.912391,40.57841],[-73.912158,40.578287],[-73.912238,40.578217],[-73.912392,40.578408],[-73.91259,40.57838],[-73.912375,40.578256],[-73.912617,40.577855],[-73.912302,40.577238],[-73.912855,40.577151],[-73.914707,40.577346],[-73.915117,40.577608],[-73.915231,40.577842],[-73.91588,40.577832],[-73.915912,40.577948],[-73.916435,40.578155],[-73.917095,40.578102],[-73.916956,40.578009],[-73.916991,40.577927],[-73.917299,40.578111],[-73.917731,40.578039],[-73.918009,40.578208],[-73.918194,40.578102],[-73.918781,40.578236],[-73.919213,40.578144],[-73.919429,40.578304],[-73.920108,40.578215],[-73.920293,40.578315],[-73.920664,40.578273],[-73.920324,40.578627],[-73.920972,40.578493],[-73.92159,40.578527],[-73.921777,40.578688],[-73.921328,40.57912],[-73.922238,40.578746],[-73.922349,40.578935],[-73.922299,40.579144],[-73.922593,40.579213],[-73.922535,40.579429],[-73.923596,40.579718],[-73.92334,40.579429],[-73.924244,40.579531],[-73.924147,40.579336],[-73.92424,40.579244],[-73.925046,40.579412],[-73.925076,40.579275],[-73.925471,40.579182],[-73.925761,40.578596],[-73.926055,40.578472],[-73.925894,40.578349],[-73.925849,40.577515],[-73.925573,40.577454],[-73.925626,40.577207],[-73.926281,40.576708],[-73.926337,40.576806],[-73.926147,40.577145],[-73.926282,40.577176],[-73.926375,40.57696],[-73.926806,40.576662],[-73.927052,40.577287],[-73.927176,40.577143],[-73.927855,40.577232],[-73.928009,40.577333],[-73.928102,40.577613],[-73.928279,40.577238],[-73.928191,40.57696],[-73.928287,40.576961],[-73.928394,40.577145],[-73.928378,40.578194],[-73.928189,40.57875],[-73.927978,40.57891],[-73.927762,40.578839],[-73.927794,40.578627],[-73.927608,40.578425],[-73.927299,40.578362],[-73.926966,40.578534],[-73.927219,40.578719],[-73.927063,40.579275],[-73.927231,40.579522],[-73.926772,40.579954],[-73.926343,40.58012],[-73.92588,40.580474],[-73.925246,40.580694],[-73.925237,40.58091],[-73.925448,40.581018],[-73.925509,40.581272],[-73.925787,40.581353],[-73.92625,40.581863],[-73.927824,40.582219],[-73.929306,40.581838],[-73.929799,40.581851],[-73.929908,40.582145],[-73.930417,40.582286],[-73.931059,40.582701],[-73.932114,40.582987],[-73.933164,40.582719],[-73.934367,40.582933],[-73.936497,40.582984],[-73.937299,40.583141],[-73.938997,40.58299],[-73.940077,40.583094],[-73.94125,40.582991],[-73.94125,40.582771],[-73.941406,40.582948],[-73.941336,40.583194],[-73.941744,40.583444],[-73.942132,40.58341],[-73.941987,40.583194],[-73.942114,40.583084],[-73.942762,40.583381],[-73.942593,40.583194],[-73.942639,40.583098],[-73.943133,40.58335],[-73.943194,40.58312],[-73.943565,40.583193],[-73.943781,40.583121],[-73.94409,40.583288],[-73.944244,40.583142],[-73.944676,40.583262],[-73.944799,40.583138],[-73.945108,40.583269],[-73.945324,40.583148],[-73.945694,40.583272],[-73.945849,40.58316],[-73.94662,40.583187],[-73.946929,40.583352],[-73.946879,40.583225],[-73.947083,40.583167],[-73.947515,40.583396],[-73.950046,40.583265],[-73.953133,40.582925],[-73.953345,40.582731],[-73.953256,40.582176],[-73.953194,40.582087],[-73.952855,40.582083],[-73.950077,40.582356],[-73.949429,40.582324],[-73.944583,40.581389],[-73.942269,40.581065],[-73.934398,40.581141],[-73.933326,40.581219],[-73.932929,40.581528],[-73.932639,40.581552],[-73.932342,40.581343],[-73.932133,40.581003],[-73.931682,40.579827],[-73.931571,40.579244],[-73.930607,40.577083],[-73.930574,40.576682],[-73.931255,40.575756],[-73.931824,40.575293],[-73.931775,40.575097],[-73.931432,40.574923],[-73.931528,40.574878],[-73.932179,40.575262],[-73.934491,40.575289],[-73.934923,40.57516],[-73.936271,40.575386],[-73.937238,40.575148],[-73.937701,40.575318],[-73.937917,40.575205],[-73.942361,40.575142],[-73.949491,40.574406],[-73.952299,40.573997],[-73.954522,40.573881],[-73.954645,40.573951],[-73.954892,40.57384],[-73.95517,40.573905],[-73.956065,40.573629],[-73.957731,40.57358],[-73.958576,40.573256],[-73.960478,40.573493],[-73.963705,40.573349],[-73.962563,40.573287],[-73.962701,40.573171],[-73.963781,40.573217],[-73.963904,40.573355],[-73.964552,40.573307],[-73.964522,40.573216],[-73.964308,40.573225],[-73.964614,40.573137],[-73.964861,40.573156],[-73.964892,40.573277],[-73.965664,40.573214],[-73.966404,40.573112],[-73.966448,40.573009],[-73.966744,40.572934],[-73.966821,40.573071],[-73.966952,40.573071],[-73.96841,40.572689],[-73.968851,40.572762],[-73.969151,40.572593],[-73.969244,40.572248],[-73.969769,40.572574],[-73.97,40.572557]],[[-73.852484,40.569799],[-73.852631,40.569799],[-73.852361,40.569977],[-73.852254,40.569923],[-73.852484,40.569799]],[[-73.857316,40.56804],[-73.857389,40.568071],[-73.856682,40.568353],[-73.856527,40.568287],[-73.857316,40.56804]],[[-73.858497,40.567639],[-73.858613,40.567793],[-73.858472,40.567944],[-73.858071,40.568088],[-73.857755,40.567978],[-73.858497,40.567639]],[[-73.860326,40.566806],[-73.860392,40.566836],[-73.85997,40.567145],[-73.859207,40.567299],[-73.860326,40.566806]],[[-73.862261,40.566188],[-73.862435,40.566219],[-73.862454,40.566363],[-73.86159,40.56672],[-73.861065,40.566667],[-73.860967,40.566867],[-73.860657,40.566867],[-73.860652,40.566744],[-73.862261,40.566188]],[[-73.869367,40.56449],[-73.867701,40.564988],[-73.867131,40.565262],[-73.867646,40.565262],[-73.867526,40.565602],[-73.867684,40.565602],[-73.868172,40.565386],[-73.867886,40.56527],[-73.867946,40.56517],[-73.869461,40.564491],[-73.869367,40.56449]],[[-73.871682,40.563439],[-73.870262,40.563871],[-73.870021,40.564244],[-73.872044,40.563472],[-73.871682,40.563439]],[[-73.872639,40.563284],[-73.872515,40.563402],[-73.872229,40.56341],[-73.872485,40.563446],[-73.87278,40.563349],[-73.872639,40.563284]],[[-73.875959,40.562639],[-73.876101,40.562701],[-73.87585,40.562824],[-73.875838,40.56267],[-73.875959,40.562639]],[[-73.876218,40.562608],[-73.876311,40.56267],[-73.876219,40.562786],[-73.876161,40.562731],[-73.876218,40.562608]],[[-73.883966,40.559181],[-73.882948,40.559504],[-73.882848,40.559645],[-73.883935,40.559447],[-73.884139,40.559213],[-73.883966,40.559181]],[[-73.885334,40.558719],[-73.885515,40.558719],[-73.884799,40.558955],[-73.88398,40.559676],[-73.882855,40.560156],[-73.882515,40.560234],[-73.882392,40.560096],[-73.882269,40.560279],[-73.881404,40.560535],[-73.881127,40.560592],[-73.880941,40.560472],[-73.880015,40.560735],[-73.879954,40.560916],[-73.879614,40.561206],[-73.879436,40.561127],[-73.879635,40.56088],[-73.87912,40.560819],[-73.883185,40.559306],[-73.885334,40.558719]],[[-73.890627,40.557145],[-73.89075,40.557207],[-73.890244,40.55733],[-73.890264,40.557608],[-73.89017,40.557714],[-73.888441,40.558361],[-73.887515,40.55856],[-73.886684,40.558441],[-73.887762,40.558051],[-73.888375,40.557948],[-73.888503,40.557825],[-73.888627,40.557877],[-73.888723,40.557731],[-73.890627,40.557145]],[[-73.89588,40.557018],[-73.89577,40.557114],[-73.896028,40.557022],[-73.895972,40.556997],[-73.89588,40.557018]],[[-73.902114,40.556167],[-73.902083,40.556293],[-73.902247,40.55625],[-73.902207,40.556181],[-73.902114,40.556167]],[[-73.904151,40.55566],[-73.90412,40.555665],[-73.904,40.555725],[-73.90429,40.555664],[-73.904151,40.55566]],[[-73.90483,40.555382],[-73.90446,40.555483],[-73.9043,40.555633],[-73.904926,40.555386],[-73.90483,40.555382]],[[-73.952536,40.55304],[-73.952185,40.554892],[-73.952285,40.555077],[-73.95209,40.555201],[-73.951153,40.55659],[-73.949429,40.55841],[-73.949054,40.558657],[-73.949094,40.558781],[-73.948605,40.558657],[-73.948407,40.557948],[-73.948448,40.557731],[-73.949687,40.556312],[-73.950365,40.555972],[-73.95062,40.555664],[-73.950667,40.55554],[-73.950563,40.555417],[-73.95067,40.555201],[-73.950516,40.555015],[-73.950684,40.55483],[-73.950828,40.55412],[-73.951175,40.553657],[-73.951359,40.553194],[-73.951775,40.55308],[-73.951867,40.553316],[-73.952022,40.553361],[-73.952536,40.55304]],[[-73.908992,40.552022],[-73.909306,40.552181],[-73.904367,40.554252],[-73.902372,40.554954],[-73.899985,40.555529],[-73.89591,40.556138],[-73.894028,40.556671],[-73.891528,40.557183],[-73.890784,40.557454],[-73.890942,40.557176],[-73.891281,40.557007],[-73.892886,40.556512],[-73.900787,40.554897],[-73.903071,40.554321],[-73.905046,40.553639],[-73.908992,40.552022]],[[-73.913262,40.550787],[-73.913413,40.550787],[-73.913105,40.55091],[-73.913133,40.550828],[-73.913262,40.550787]],[[-73.917762,40.550257],[-73.917575,40.550324],[-73.917496,40.550386],[-73.917866,40.550262],[-73.917762,40.550257]],[[-73.918472,40.549979],[-73.918376,40.550015],[-73.918341,40.550046],[-73.918588,40.549985],[-73.918472,40.549979]],[[-73.919213,40.549665],[-73.919028,40.54972],[-73.918847,40.549861],[-73.919379,40.549676],[-73.919213,40.549665]],[[-73.922546,40.548471],[-73.922269,40.548533],[-73.922042,40.548688],[-73.922667,40.548472],[-73.922546,40.548471]],[[-73.922978,40.548313],[-73.922731,40.548378],[-73.922645,40.548441],[-73.923066,40.548318],[-73.922978,40.548313]],[[-73.923657,40.548033],[-73.92338,40.548125],[-73.923145,40.548287],[-73.923753,40.54804],[-73.923657,40.548033]],[[-73.924707,40.54757],[-73.924555,40.547639],[-73.924491,40.547749],[-73.924912,40.547577],[-73.924707,40.54757]],[[-73.925571,40.547237],[-73.925478,40.547269],[-73.925355,40.547392],[-73.925728,40.547238],[-73.925571,40.547237]],[[-73.948781,40.545602],[-73.949028,40.545631],[-73.949153,40.545725],[-73.948935,40.545672],[-73.948812,40.545804],[-73.948781,40.545602]],[[-73.948455,40.545571],[-73.948637,40.545602],[-73.948719,40.545834],[-73.949151,40.545823],[-73.949655,40.546034],[-73.949708,40.54662],[-73.949968,40.547423],[-73.950609,40.547978],[-73.95088,40.548438],[-73.951369,40.548781],[-73.950492,40.549151],[-73.950816,40.549244],[-73.950266,40.549491],[-73.950039,40.549707],[-73.950042,40.549892],[-73.950201,40.550042],[-73.95095,40.550077],[-73.951533,40.55088],[-73.952269,40.551373],[-73.95267,40.551948],[-73.95266,40.552114],[-73.95091,40.552111],[-73.950201,40.552325],[-73.949676,40.552003],[-73.948781,40.551196],[-73.948592,40.549799],[-73.948783,40.549614],[-73.94861,40.549491],[-73.948073,40.547145],[-73.948293,40.546744],[-73.948396,40.546065],[-73.948325,40.545756],[-73.948482,40.545694],[-73.948455,40.545571]],[[-73.94623,40.542546],[-73.946373,40.542573],[-73.946738,40.543164],[-73.947052,40.543447],[-73.947392,40.544172],[-73.947762,40.543857],[-73.948039,40.544275],[-73.948256,40.544403],[-73.948049,40.544738],[-73.948066,40.544954],[-73.947515,40.545015],[-73.947485,40.545855],[-73.946929,40.545249],[-73.946003,40.543802],[-73.945958,40.543472],[-73.94623,40.542546]],[[-73.76,40.590118],[-73.763503,40.590519],[-73.766775,40.590447],[-73.767639,40.590311],[-73.767855,40.590172],[-73.768194,40.590243],[-73.769244,40.590162],[-73.777515,40.588839],[-73.778534,40.588736],[-73.778719,40.589114],[-73.778843,40.589159],[-73.778962,40.589028],[-73.778811,40.588657],[-73.779603,40.58841],[-73.782392,40.588062],[-73.787485,40.587187],[-73.788534,40.586867],[-73.789244,40.587098],[-73.789954,40.586898],[-73.789903,40.587052],[-73.789985,40.587079],[-73.790448,40.586909],[-73.79054,40.586687],[-73.79088,40.586575],[-73.791559,40.586668],[-73.792145,40.58661],[-73.79304,40.586171],[-73.793318,40.586399],[-73.793428,40.586157],[-73.793279,40.586065],[-73.79338,40.586015],[-73.794522,40.58598],[-73.79588,40.585514],[-73.797207,40.585488],[-73.798349,40.585124],[-73.799213,40.585074],[-73.801065,40.584466],[-73.802176,40.584466],[-73.80304,40.584289],[-73.803013,40.584429],[-73.803133,40.584519],[-73.80311,40.584336],[-73.803287,40.584234],[-73.80409,40.584177],[-73.805108,40.583851],[-73.805386,40.583938],[-73.805664,40.583666],[-73.806898,40.583618],[-73.807917,40.583179],[-73.808966,40.583129],[-73.810355,40.582675],[-73.811404,40.582771],[-73.813071,40.582433],[-73.813128,40.582577],[-73.812678,40.582886],[-73.812886,40.582941],[-73.813344,40.58267],[-73.813534,40.58228],[-73.814028,40.582143],[-73.81409,40.582408],[-73.815046,40.582548],[-73.815139,40.581993],[-73.814738,40.582159],[-73.81446,40.58204],[-73.815231,40.581724],[-73.81517,40.581964],[-73.816281,40.581747],[-73.817207,40.581736],[-73.817294,40.581651],[-73.816559,40.581481],[-73.816343,40.581468],[-73.816188,40.58166],[-73.81596,40.581651],[-73.816096,40.581482],[-73.817764,40.581003],[-73.818194,40.581106],[-73.818503,40.58088],[-73.819614,40.58052],[-73.819799,40.580976],[-73.820571,40.580782],[-73.820755,40.580633],[-73.82075,40.580417],[-73.820941,40.580184],[-73.82162,40.580107],[-73.822022,40.579809],[-73.822978,40.579742],[-73.824038,40.579151],[-73.824954,40.57898],[-73.826111,40.578441],[-73.826904,40.578287],[-73.827423,40.577947],[-73.828287,40.577793],[-73.832052,40.57648],[-73.832176,40.576848],[-73.83267,40.576536],[-73.832745,40.57625],[-73.834005,40.575941],[-73.836533,40.57483],[-73.837811,40.574522],[-73.841466,40.573233],[-73.841682,40.57306],[-73.841787,40.573071],[-73.84169,40.573256],[-73.841025,40.573688],[-73.841065,40.573817],[-73.841929,40.573537],[-73.842052,40.57333],[-73.842515,40.57314],[-73.842639,40.57292],[-73.843904,40.572713],[-73.845108,40.572328],[-73.845633,40.572044],[-73.845616,40.572454],[-73.845409,40.572577],[-73.845633,40.572573],[-73.845694,40.572711],[-73.846224,40.57196],[-73.847886,40.571546],[-73.848966,40.571113],[-73.848997,40.571317],[-73.849429,40.571166],[-73.849583,40.571247],[-73.849748,40.571157],[-73.849789,40.570694],[-73.850525,40.570602],[-73.851713,40.570161],[-73.852392,40.570075],[-73.853102,40.569783],[-73.853688,40.569692],[-73.853826,40.569583],[-73.853631,40.569491],[-73.853688,40.5694],[-73.855787,40.568718],[-73.855851,40.568966],[-73.855756,40.569101],[-73.853996,40.569522],[-73.854522,40.569601],[-73.855443,40.569398],[-73.856414,40.569028],[-73.856601,40.568627],[-73.856836,40.568676],[-73.857176,40.568524],[-73.858534,40.568327],[-73.859861,40.567807],[-73.860478,40.567305],[-73.861435,40.567136],[-73.862639,40.566447],[-73.863287,40.566706],[-73.863627,40.566607],[-73.864059,40.566651],[-73.864171,40.56662],[-73.864138,40.566343],[-73.864367,40.566198],[-73.86662,40.565768],[-73.86675,40.565417],[-73.866528,40.565406],[-73.864769,40.56604],[-73.863071,40.566319],[-73.862998,40.566188],[-73.863225,40.56577],[-73.864275,40.565721],[-73.866003,40.565352],[-73.870386,40.563717],[-73.874059,40.562602],[-73.875355,40.56207],[-73.875594,40.562022],[-73.875293,40.562627],[-73.875011,40.562731],[-73.875478,40.562768],[-73.875551,40.562917],[-73.874583,40.563233],[-73.874336,40.563128],[-73.874244,40.563437],[-73.87375,40.563546],[-73.873719,40.56341],[-73.874124,40.563071],[-73.873627,40.563048],[-73.873147,40.563287],[-73.87348,40.563441],[-73.873256,40.56364],[-73.872762,40.563596],[-73.87267,40.563796],[-73.872299,40.563759],[-73.87214,40.563966],[-73.873164,40.563874],[-73.876651,40.562725],[-73.877106,40.562454],[-73.876747,40.562083],[-73.877454,40.562316],[-73.877762,40.561946],[-73.878164,40.561887],[-73.878341,40.561682],[-73.878283,40.561497],[-73.878366,40.561373],[-73.878843,40.561136],[-73.879109,40.561219],[-73.878843,40.561698],[-73.879769,40.5613],[-73.881162,40.561034],[-73.882392,40.560552],[-73.883287,40.560457],[-73.884799,40.559917],[-73.885355,40.559876],[-73.886343,40.559278],[-73.886651,40.55933],[-73.886867,40.559186],[-73.887392,40.559262],[-73.887917,40.559143],[-73.889224,40.558688],[-73.889552,40.558366],[-73.890046,40.558518],[-73.890303,40.558349],[-73.890664,40.558375],[-73.892022,40.557761],[-73.892546,40.557845],[-73.89303,40.557639],[-73.893225,40.557677],[-73.894892,40.556982],[-73.895355,40.557181],[-73.895342,40.557022],[-73.895543,40.556867],[-73.896466,40.556835],[-73.897238,40.55651],[-73.898781,40.556382],[-73.89946,40.556207],[-73.899707,40.556381],[-73.900139,40.5564],[-73.900543,40.556157],[-73.901127,40.55611],[-73.901682,40.55585],[-73.902786,40.55588],[-73.902573,40.556034],[-73.902608,40.556121],[-73.904019,40.555756],[-73.903884,40.555694],[-73.903904,40.555583],[-73.905293,40.555104],[-73.905509,40.555136],[-73.906003,40.554628],[-73.906929,40.554369],[-73.913318,40.55184],[-73.913483,40.551836],[-73.91338,40.552048],[-73.914031,40.551867],[-73.915139,40.551405],[-73.915293,40.551222],[-73.913812,40.551819],[-73.913683,40.551744],[-73.915941,40.550831],[-73.91608,40.550818],[-73.916065,40.551013],[-73.916865,40.550756],[-73.917381,40.550448],[-73.917022,40.55049],[-73.916404,40.5508],[-73.916226,40.550756],[-73.918009,40.549921],[-73.925571,40.547112],[-73.926003,40.546962],[-73.926015,40.547083],[-73.926119,40.547083],[-73.926239,40.547022],[-73.926039,40.54696],[-73.92614,40.546898],[-73.92662,40.546861],[-73.926836,40.54664],[-73.927855,40.546294],[-73.932207,40.544349],[-73.934583,40.543778],[-73.936312,40.54317],[-73.940201,40.540968],[-73.940363,40.541127],[-73.939985,40.54182],[-73.94017,40.54162],[-73.940324,40.541671],[-73.940478,40.541571],[-73.940642,40.540231],[-73.940787,40.540158],[-73.940951,40.540231],[-73.940825,40.541312],[-73.941015,40.542855],[-73.940811,40.545293],[-73.941057,40.547238],[-73.941081,40.549244],[-73.941312,40.54989],[-73.942181,40.55088],[-73.942067,40.551096],[-73.942039,40.552485],[-73.941404,40.553804],[-73.940146,40.555324],[-73.937949,40.557145],[-73.936448,40.558009],[-73.933812,40.558977],[-73.931265,40.560139],[-73.92909,40.560736],[-73.925971,40.562052],[-73.92459,40.56233],[-73.921836,40.562561],[-73.919059,40.563027],[-73.915983,40.564244],[-73.911836,40.565531],[-73.910225,40.565417],[-73.90912,40.565053],[-73.907454,40.564717],[-73.90662,40.565005],[-73.906461,40.564954],[-73.906435,40.564717],[-73.906041,40.564985],[-73.905108,40.565134],[-73.904769,40.565057],[-73.904676,40.564664],[-73.90412,40.56499],[-73.903997,40.564786],[-73.903781,40.564722],[-73.903009,40.56547],[-73.901466,40.565739],[-73.901065,40.56571],[-73.900571,40.56593],[-73.89912,40.566177],[-73.896534,40.567269],[-73.896373,40.56729],[-73.896339,40.567176],[-73.895262,40.567475],[-73.89412,40.568082],[-73.893358,40.568688],[-73.892656,40.568904],[-73.889738,40.568967],[-73.888194,40.568828],[-73.886127,40.568813],[-73.885725,40.568897],[-73.884892,40.568664],[-73.884244,40.568774],[-73.884228,40.568688],[-73.884684,40.56841],[-73.884367,40.567997],[-73.883915,40.568164],[-73.883627,40.568497],[-73.882731,40.568486],[-73.881929,40.568781],[-73.878472,40.568808],[-73.877604,40.568935],[-73.87622,40.569491],[-73.865386,40.574758],[-73.856157,40.579673],[-73.85466,40.58054],[-73.854859,40.58054],[-73.854769,40.580602],[-73.854434,40.580602],[-73.853164,40.581257],[-73.851528,40.581863],[-73.850478,40.582155],[-73.849429,40.582194],[-73.848534,40.582196],[-73.845108,40.581698],[-73.841775,40.58186],[-73.840293,40.582044],[-73.839398,40.58227],[-73.838657,40.582835],[-73.837392,40.58285],[-73.835509,40.583054],[-73.832176,40.583909],[-73.831745,40.58409],[-73.831776,40.584213],[-73.83159,40.584296],[-73.831343,40.584186],[-73.830972,40.584217],[-73.828719,40.584843],[-73.828566,40.584985],[-73.828284,40.585849],[-73.827921,40.586188],[-73.82341,40.587526],[-73.822793,40.587548],[-73.821312,40.586922],[-73.81946,40.58789],[-73.819411,40.588812],[-73.818997,40.588697],[-73.81896,40.588472],[-73.818812,40.588377],[-73.818071,40.588806],[-73.817771,40.588843],[-73.817546,40.58933],[-73.816806,40.589499],[-73.815694,40.589954],[-73.814985,40.590744],[-73.814059,40.591167],[-73.813737,40.591559],[-73.811775,40.592452],[-73.811528,40.592957],[-73.811117,40.59304],[-73.811351,40.592824],[-73.811373,40.592617],[-73.810972,40.592492],[-73.810847,40.592269],[-73.810386,40.592331],[-73.810198,40.59267],[-73.810242,40.592917],[-73.810098,40.59341],[-73.809707,40.593677],[-73.809182,40.593599],[-73.807176,40.592525],[-73.805548,40.591867],[-73.804985,40.591819],[-73.804799,40.591561],[-73.804543,40.591528],[-73.804391,40.591713],[-73.8045,40.591836],[-73.806312,40.592645],[-73.807639,40.593064],[-73.80832,40.593534],[-73.808641,40.593966],[-73.80767,40.595327],[-73.806946,40.596003],[-73.806637,40.596065],[-73.804548,40.595139],[-73.804028,40.594438],[-73.803774,40.593812],[-73.803781,40.593116],[-73.803318,40.592844],[-73.803009,40.592916],[-73.802917,40.592705],[-73.802608,40.592772],[-73.80255,40.593441],[-73.802739,40.594336],[-73.803225,40.594525],[-73.803441,40.594498],[-73.803486,40.594799],[-73.803349,40.595046],[-73.803843,40.595079],[-73.804367,40.595732],[-73.804594,40.595787],[-73.804474,40.595941],[-73.804831,40.596373],[-73.805241,40.597238],[-73.804707,40.598192],[-73.804491,40.59806],[-73.803566,40.598843],[-73.803104,40.599059],[-73.803487,40.59946],[-73.802948,40.5994],[-73.802886,40.599194],[-73.802207,40.599409],[-73.799985,40.599439],[-73.798565,40.599699],[-73.794769,40.600081],[-73.794151,40.600455],[-73.793194,40.600528],[-73.792269,40.600862],[-73.791215,40.601559],[-73.791034,40.601583],[-73.790696,40.60196],[-73.789024,40.603102],[-73.78838,40.603395],[-73.787582,40.604059],[-73.787299,40.604164],[-73.786829,40.60409],[-73.786188,40.603657],[-73.785787,40.602966],[-73.785769,40.602762],[-73.786187,40.60267],[-73.786898,40.602288],[-73.787814,40.60091],[-73.789707,40.599632],[-73.790141,40.59912],[-73.790977,40.597145],[-73.790839,40.596157],[-73.790952,40.595509],[-73.790855,40.595231],[-73.79054,40.594889],[-73.78983,40.594854],[-73.789389,40.595417],[-73.789457,40.59696],[-73.789244,40.598226],[-73.78838,40.598714],[-73.78733,40.599499],[-73.786895,40.600015],[-73.786188,40.600408],[-73.785787,40.600964],[-73.785756,40.601343],[-73.785417,40.601802],[-73.784923,40.601923],[-73.784544,40.602238],[-73.784924,40.602577],[-73.784707,40.602953],[-73.784472,40.60304],[-73.784349,40.603349],[-73.784161,40.603503],[-73.784148,40.604059],[-73.784398,40.604482],[-73.784496,40.604954],[-73.784495,40.605]]]}},
{"type":"Feature","properties":{"depthFt":6},"geometry":{"type":"MultiLineString","coordinates":[[[-73.899587,40.605],[-73.899799,40.604959],[-73.900159,40.605]],[[-73.840086,40.605],[-73.840111,40.604954],[-73.840108,40.604801],[-73.839583,40.604758],[-73.839479,40.605]],[[-73.824206,40.605],[-73.824099,40.604552],[-73.824244,40.604577],[-73.824301,40.604738],[-73.824289,40.605]],[[-73.876162,40.604429],[-73.876281,40.604419],[-73.876317,40.604491],[-73.876188,40.604573],[-73.876162,40.604429]],[[-73.875293,40.604429],[-73.875324,40.604611],[-73.875511,40.604676],[-73.875502,40.604552],[-73.875293,40.604429]],[[-73.834707,40.604429],[-73.834491,40.604481],[-73.834465,40.604583],[-73.834954,40.604566],[-73.834707,40.604429]],[[-73.83517,40.604114],[-73.835007,40.604336],[-73.835324,40.604177],[-73.835647,40.604367],[-73.835385,40.60412],[-73.83517,40.604114]],[[-73.909583,40.604026],[-73.909529,40.604275],[-73.909583,40.604557],[-73.909729,40.604429],[-73.909774,40.604182],[-73.909742,40.604059],[-73.909583,40.604026]],[[-73.875218,40.605],[-73.875215,40.604954],[-73.874729,40.604213],[-73.874769,40.604146],[-73.874954,40.60432],[-73.875077,40.60428],[-73.875146,40.604429],[-73.875347,40.60375],[-73.875448,40.603953],[-73.875602,40.603938],[-73.875668,40.604244],[-73.876068,40.60483],[-73.876449,40.604923],[-73.876558,40.605]],[[-73.875076,40.603565],[-73.875237,40.603657],[-73.875015,40.603941],[-73.875006,40.603719],[-73.875076,40.603565]],[[-73.825448,40.603429],[-73.825446,40.603503],[-73.825528,40.603441],[-73.825509,40.603413],[-73.825448,40.603429]],[[-73.904162,40.605],[-73.904614,40.604818],[-73.905201,40.604817],[-73.905381,40.604892],[-73.905466,40.605]],[[-73.90834,40.605],[-73.908384,40.604892],[-73.908367,40.604059],[-73.908843,40.603846],[-73.91091,40.6034],[-73.912978,40.603641],[-73.913719,40.603877],[-73.914919,40.605]],[[-73.870231,40.603346],[-73.869995,40.603534],[-73.870138,40.603781],[-73.87054,40.604031],[-73.870983,40.604028],[-73.871057,40.603534],[-73.870231,40.603346]],[[-73.874944,40.603225],[-73.875015,40.603212],[-73.875073,40.603287],[-73.874898,40.603349],[-73.874944,40.603225]],[[-73.930077,40.602782],[-73.930077,40.602923],[-73.930386,40.603169],[-73.930435,40.603071],[-73.930232,40.602948],[-73.930217,40.602793],[-73.930077,40.602782]],[[-73.794712,40.605],[-73.794985,40.604845],[-73.795448,40.604697],[-73.796273,40.603935],[-73.79696,40.603481],[-73.798349,40.603326],[-73.79946,40.602943],[-73.803225,40.60246],[-73.803843,40.602679],[-73.803873,40.602948],[-73.804104,40.60304],[-73.804182,40.603201],[-73.804634,40.605]],[[-73.815539,40.600787],[-73.81559,40.600849],[-73.815571,40.600991],[-73.815505,40.600941],[-73.815539,40.600787]],[[-73.826667,40.600725],[-73.826668,40.600787],[-73.826506,40.600787],[-73.826566,40.600756],[-73.826667,40.600725]],[[-73.848922,40.600602],[-73.849028,40.600577],[-73.849158,40.600664],[-73.849028,40.600732],[-73.848922,40.600602]],[[-73.84865,40.600602],[-73.84876,40.600602],[-73.848657,40.600922],[-73.84841,40.600946],[-73.84865,40.600602]],[[-73.824954,40.600318],[-73.824866,40.600448],[-73.824985,40.600567],[-73.825293,40.600527],[-73.825234,40.600386],[-73.824954,40.600318]],[[-73.800047,40.600046],[-73.800238,40.60017],[-73.799823,40.60017],[-73.799816,40.600139],[-73.800047,40.600046]],[[-73.821991,40.599945],[-73.821991,40.600057],[-73.822173,40.600015],[-73.822114,40.59995],[-73.821991,40.599945]],[[-73.801052,40.599923],[-73.80125,40.599899],[-73.80155,40.599985],[-73.801065,40.600102],[-73.800837,40.600015],[-73.801052,40.599923]],[[-73.824213,40.599792],[-73.824129,40.599923],[-73.824196,40.600046],[-73.824645,40.600154],[-73.824583,40.599909],[-73.824213,40.599792]],[[-73.815435,40.599707],[-73.815501,40.599769],[-73.815448,40.599915],[-73.815368,40.599799],[-73.815435,40.599707]],[[-73.803595,40.599583],[-73.803688,40.599569],[-73.803694,40.599645],[-73.803627,40.599665],[-73.803595,40.599583]],[[-73.815588,40.599151],[-73.815618,40.599367],[-73.815478,40.599467],[-73.815431,40.599398],[-73.815588,40.599151]],[[-73.824707,40.598401],[-73.824269,40.598873],[-73.824259,40.599367],[-73.824367,40.599445],[-73.825293,40.599394],[-73.825448,40.599151],[-73.825335,40.598843],[-73.824981,40.598441],[-73.824707,40.598401]],[[-73.922855,40.597963],[-73.922729,40.59841],[-73.92276,40.598441],[-73.923118,40.598225],[-73.922855,40.597963]],[[-73.773696,40.605],[-73.773766,40.604738],[-73.774031,40.604367],[-73.774304,40.603565],[-73.774087,40.602886],[-73.774351,40.602701],[-73.775694,40.602495],[-73.777052,40.601409],[-73.777919,40.600324],[-73.778194,40.600161],[-73.778596,40.600145],[-73.778904,40.600358],[-73.78,40.600478],[-73.780078,40.600201],[-73.78033,40.600077],[-73.780472,40.59983],[-73.781034,40.599557],[-73.781217,40.599244],[-73.78162,40.599074],[-73.781805,40.598873],[-73.781665,40.59838],[-73.780818,40.59766],[-73.780417,40.597543],[-73.77983,40.597555],[-73.778503,40.598266],[-73.777819,40.598843],[-73.77696,40.600405],[-73.776168,40.601373],[-73.775694,40.601694],[-73.774676,40.601999],[-73.774441,40.601435],[-73.77448,40.60091],[-73.773935,40.600172],[-73.773812,40.599805],[-73.773914,40.599059],[-73.773472,40.598602],[-73.772793,40.598426],[-73.772485,40.598096],[-73.771096,40.598424],[-73.770448,40.59832],[-73.769976,40.598441],[-73.770262,40.598791],[-73.771127,40.598722],[-73.771388,40.598873],[-73.771497,40.599099],[-73.77152,40.599769],[-73.771294,40.601404],[-73.771181,40.602052],[-73.770939,40.602639],[-73.771115,40.603843],[-73.771312,40.603916],[-73.771497,40.60378],[-73.771457,40.603256],[-73.771895,40.603071],[-73.771991,40.602413],[-73.772417,40.602577],[-73.772615,40.602855],[-73.772369,40.603287],[-73.771558,40.603843],[-73.771479,40.604583],[-73.771536,40.605]],[[-73.92341,40.597495],[-73.923653,40.598009],[-73.922978,40.598432],[-73.92254,40.599151],[-73.921528,40.599737],[-73.920787,40.599948],[-73.919244,40.599909],[-73.918503,40.599673],[-73.918256,40.599799],[-73.917757,40.599336],[-73.916281,40.5985],[-73.915849,40.59872],[-73.915801,40.598873],[-73.916567,40.599306],[-73.918225,40.599958],[-73.918565,40.600294],[-73.918873,40.600238],[-73.919491,40.600466],[-73.920049,40.600386],[-73.920231,40.600875],[-73.920633,40.600882],[-73.921065,40.601217],[-73.921435,40.601282],[-73.921713,40.601488],[-73.922919,40.600941],[-73.923662,40.599769],[-73.923471,40.598997],[-73.923534,40.598918],[-73.924398,40.599024],[-73.925998,40.600046],[-73.926528,40.600266],[-73.927,40.600324],[-73.926682,40.59983],[-73.925818,40.599378],[-73.925664,40.599075],[-73.924806,40.598349],[-73.92341,40.597495]],[[-73.812608,40.597452],[-73.812534,40.597515],[-73.812454,40.597701],[-73.812808,40.597577],[-73.812768,40.597454],[-73.812608,40.597452]],[[-73.92267,40.596935],[-73.922704,40.597022],[-73.922858,40.597083],[-73.92282,40.597022],[-73.92267,40.596935]],[[-73.922052,40.596864],[-73.922071,40.597114],[-73.922515,40.597644],[-73.922225,40.59696],[-73.922052,40.596864]],[[-73.865284,40.605],[-73.86679,40.60304],[-73.867684,40.600941],[-73.868164,40.599301],[-73.868632,40.598256],[-73.868667,40.597114],[-73.86875,40.596816],[-73.868873,40.596776],[-73.86909,40.597047],[-73.869242,40.597608],[-73.869841,40.59804],[-73.869971,40.59838],[-73.871003,40.598865],[-73.871623,40.599367],[-73.871939,40.601034],[-73.871668,40.602114],[-73.871908,40.603256],[-73.871869,40.60412],[-73.872088,40.605]],[[-73.914306,40.59662],[-73.914221,40.596713],[-73.914341,40.597145],[-73.914806,40.597269],[-73.914861,40.597529],[-73.915439,40.598287],[-73.915664,40.598529],[-73.91588,40.598527],[-73.915818,40.597929],[-73.915386,40.597447],[-73.914954,40.597195],[-73.914564,40.596651],[-73.914306,40.59662]],[[-73.91338,40.595412],[-73.913359,40.595478],[-73.913565,40.595634],[-73.913565,40.595494],[-73.91338,40.595412]],[[-73.806131,40.605],[-73.806058,40.60483],[-73.805768,40.603287],[-73.806003,40.602367],[-73.80659,40.602395],[-73.806703,40.602546],[-73.807366,40.602855],[-73.807855,40.602912],[-73.808106,40.602824],[-73.807454,40.602435],[-73.806174,40.601991],[-73.806019,40.60162],[-73.806572,40.601096],[-73.806764,40.601065],[-73.806651,40.60133],[-73.80705,40.601157],[-73.807069,40.601065],[-73.806871,40.600972],[-73.806927,40.60088],[-73.807991,40.600324],[-73.809676,40.598498],[-73.811096,40.59798],[-73.812325,40.597793],[-73.81185,40.597546],[-73.814028,40.595887],[-73.814306,40.595967],[-73.814712,40.59591],[-73.814661,40.59554],[-73.814738,40.595451],[-73.814985,40.59566],[-73.815448,40.59542],[-73.815756,40.595475],[-73.815972,40.595379],[-73.816071,40.59554],[-73.815876,40.596034],[-73.815639,40.598225],[-73.815695,40.598657],[-73.81544,40.598935],[-73.815333,40.599522],[-73.815028,40.599923],[-73.814934,40.600787],[-73.815431,40.601528],[-73.815504,40.603812],[-73.815417,40.604406],[-73.814367,40.604608],[-73.814259,40.604892],[-73.814148,40.605]],[[-73.815783,40.595293],[-73.815857,40.595293],[-73.815818,40.59539],[-73.815748,40.595355],[-73.815783,40.595293]],[[-73.815827,40.595046],[-73.815972,40.595046],[-73.816028,40.595108],[-73.815849,40.595193],[-73.815827,40.595046]],[[-73.816119,40.594861],[-73.816238,40.594923],[-73.816188,40.595004],[-73.816071,40.594985],[-73.816119,40.594861]],[[-73.815287,40.594799],[-73.815417,40.595088],[-73.815077,40.595411],[-73.814985,40.59526],[-73.815287,40.594799]],[[-73.912515,40.594558],[-73.912515,40.594735],[-73.912855,40.595204],[-73.912665,40.594707],[-73.912515,40.594558]],[[-73.816224,40.594244],[-73.816346,40.594676],[-73.816003,40.594727],[-73.81591,40.594837],[-73.815725,40.594755],[-73.81554,40.594943],[-73.81562,40.594799],[-73.815386,40.594503],[-73.816224,40.594244]],[[-73.91767,40.593582],[-73.917916,40.593904],[-73.91791,40.59412],[-73.91841,40.594438],[-73.918663,40.594769],[-73.919182,40.594995],[-73.919738,40.595416],[-73.92047,40.595417],[-73.920441,40.595262],[-73.919985,40.594994],[-73.919091,40.59412],[-73.918195,40.593657],[-73.91767,40.593582]],[[-73.924738,40.590782],[-73.924498,40.59088],[-73.924293,40.591127],[-73.924676,40.590983],[-73.924829,40.590818],[-73.924738,40.590782]],[[-73.824713,40.605],[-73.824959,40.604244],[-73.825189,40.603966],[-73.824906,40.603873],[-73.825061,40.603657],[-73.824992,40.603472],[-73.825501,40.602701],[-73.825798,40.602546],[-73.825864,40.602176],[-73.826318,40.601991],[-73.827398,40.600818],[-73.829097,40.599954],[-73.830355,40.599595],[-73.830664,40.599719],[-73.831336,40.599645],[-73.831219,40.599535],[-73.832108,40.599676],[-73.83182,40.599738],[-73.833071,40.600123],[-73.833423,40.600386],[-73.833422,40.600633],[-73.833565,40.600776],[-73.833997,40.600837],[-73.835651,40.601836],[-73.83736,40.602485],[-73.838762,40.603256],[-73.83836,40.603534],[-73.836373,40.604026],[-73.8359,40.604336],[-73.837052,40.604464],[-73.837454,40.604678],[-73.838071,40.6046],[-73.839697,40.604059],[-73.840725,40.604016],[-73.844275,40.603181],[-73.847515,40.601585],[-73.848318,40.601048],[-73.848781,40.601193],[-73.848808,40.600972],[-73.849059,40.600973],[-73.850417,40.601548],[-73.849627,40.600386],[-73.849556,40.599398],[-73.849393,40.598781],[-73.849894,40.597639],[-73.849923,40.597032],[-73.850583,40.59483],[-73.850993,40.592145],[-73.851306,40.591281],[-73.85159,40.591432],[-73.851741,40.591281],[-73.85159,40.591122],[-73.851324,40.591096],[-73.851343,40.590804],[-73.851468,40.590571],[-73.851806,40.590492],[-73.852074,40.590509],[-73.851853,40.590694],[-73.851898,40.59081],[-73.853009,40.590609],[-73.861898,40.593149],[-73.863071,40.593702],[-73.865088,40.59412],[-73.865941,40.59457],[-73.866353,40.594954],[-73.866381,40.596127],[-73.8667,40.596806],[-73.866797,40.597485],[-73.866152,40.599552],[-73.865972,40.599905],[-73.865734,40.600077],[-73.865758,40.600448],[-73.865455,40.601034],[-73.864491,40.602229],[-73.863743,40.602917],[-73.861881,40.603843],[-73.86233,40.603887],[-73.862978,40.603699],[-73.86338,40.603829],[-73.863574,40.604151],[-73.863141,40.605]],[[-73.865355,40.589921],[-73.865319,40.590015],[-73.865386,40.590106],[-73.86549,40.589985],[-73.865355,40.589921]],[[-73.907238,40.588778],[-73.907491,40.589182],[-73.907868,40.589244],[-73.907855,40.58904],[-73.907577,40.589013],[-73.907519,40.588873],[-73.907238,40.588778]],[[-73.861281,40.588126],[-73.861246,40.588194],[-73.861343,40.588261],[-73.861343,40.588183],[-73.861281,40.588126]],[[-73.853156,40.587515],[-73.853194,40.58752],[-73.853283,40.587701],[-73.853194,40.587675],[-73.853156,40.587515]],[[-73.766703,40.587238],[-73.768503,40.587506],[-73.768799,40.587608],[-73.768009,40.587638],[-73.766898,40.5874],[-73.766703,40.587238]],[[-73.765875,40.587176],[-73.766065,40.587158],[-73.766165,40.587207],[-73.766034,40.587246],[-73.765875,40.587176]],[[-73.76,40.586954],[-73.760108,40.586947],[-73.760212,40.587052],[-73.760226,40.587423],[-73.760087,40.587639],[-73.76,40.587676]],[[-73.931806,40.58696],[-73.931767,40.586991],[-73.931775,40.587058],[-73.931881,40.586991],[-73.931806,40.58696]],[[-73.816897,40.605],[-73.817471,40.604522],[-73.818526,40.601281],[-73.818485,40.600756],[-73.81879,40.599707],[-73.818806,40.59909],[-73.819406,40.597238],[-73.819652,40.596867],[-73.819808,40.596806],[-73.819892,40.596318],[-73.820262,40.595933],[-73.820568,40.595201],[-73.821096,40.594581],[-73.821767,40.594306],[-73.821911,40.593966],[-73.822704,40.592948],[-73.822908,40.592515],[-73.822948,40.592137],[-73.823534,40.592024],[-73.825118,40.591404],[-73.825433,40.590818],[-73.825756,40.590872],[-73.826157,40.590706],[-73.826234,40.590571],[-73.826117,40.590478],[-73.826377,40.590201],[-73.826806,40.589849],[-73.827454,40.589562],[-73.82816,40.58875],[-73.829583,40.588069],[-73.829922,40.588071],[-73.830022,40.588287],[-73.830201,40.588364],[-73.830849,40.588303],[-73.832967,40.587145],[-73.833935,40.586432],[-73.834398,40.586258],[-73.836003,40.586131],[-73.837855,40.586195],[-73.83841,40.586225],[-73.839799,40.586686],[-73.840602,40.586789],[-73.841313,40.587114],[-73.841898,40.587204],[-73.844416,40.587978],[-73.848563,40.58946],[-73.848806,40.591435],[-73.848622,40.591775],[-73.848565,40.592202],[-73.847894,40.592454],[-73.848068,40.592701],[-73.848412,40.592793],[-73.847781,40.593935],[-73.847793,40.594162],[-73.846898,40.596115],[-73.846404,40.596933],[-73.845941,40.597366],[-73.845448,40.598133],[-73.845644,40.598997],[-73.845441,40.599676],[-73.84554,40.600124],[-73.846647,40.599336],[-73.848194,40.597867],[-73.848271,40.598287],[-73.847762,40.599109],[-73.847052,40.599622],[-73.846874,40.599923],[-73.845787,40.600944],[-73.844533,40.601744],[-73.843559,40.602052],[-73.842052,40.6023],[-73.841157,40.602197],[-73.840664,40.602355],[-73.840015,40.602325],[-73.839306,40.602151],[-73.838713,40.601867],[-73.838344,40.601466],[-73.838256,40.60105],[-73.836497,40.600575],[-73.834871,40.599645],[-73.833688,40.599215],[-73.831096,40.598854],[-73.829028,40.599173],[-73.827917,40.599548],[-73.827524,40.599769],[-73.827577,40.599917],[-73.826769,40.600262],[-73.825974,40.600355],[-73.824971,40.601096],[-73.824306,40.602139],[-73.82347,40.603133],[-73.822918,40.604336],[-73.823017,40.604707],[-73.822994,40.605]],[[-73.868688,40.585837],[-73.867269,40.586635],[-73.866528,40.587467],[-73.865809,40.587855],[-73.865632,40.588194],[-73.865355,40.589619],[-73.865537,40.589552],[-73.865712,40.589028],[-73.866366,40.588071],[-73.868347,40.586312],[-73.868688,40.585837]],[[-73.760802,40.585448],[-73.760883,40.585478],[-73.760725,40.585687],[-73.760678,40.585571],[-73.760802,40.585448]],[[-73.902891,40.585015],[-73.903322,40.585355],[-73.903696,40.585756],[-73.903596,40.585794],[-73.902891,40.585015]],[[-73.948088,40.582608],[-73.948503,40.582743],[-73.948625,40.58304],[-73.948441,40.583242],[-73.948225,40.58325],[-73.947962,40.582978],[-73.948088,40.582608]],[[-73.952767,40.582454],[-73.952964,40.582515],[-73.953026,40.582577],[-73.952824,40.582586],[-73.952767,40.582454]],[[-73.814614,40.582258],[-73.814645,40.582337],[-73.814737,40.582299],[-73.814707,40.582264],[-73.814614,40.582258]],[[-73.814028,40.581861],[-73.813688,40.581887],[-73.813373,40.582114],[-73.814118,40.581929],[-73.814028,40.581861]],[[-73.868953,40.581775],[-73.869151,40.581811],[-73.869707,40.58227],[-73.86992,40.583164],[-73.870405,40.583503],[-73.870681,40.584244],[-73.871222,40.586991],[-73.871165,40.58733],[-73.870664,40.588411],[-73.869738,40.589418],[-73.867952,40.590293],[-73.867766,40.590694],[-73.866528,40.59144],[-73.866281,40.59143],[-73.865628,40.591096],[-73.865355,40.590714],[-73.865293,40.590905],[-73.864985,40.590916],[-73.863812,40.590631],[-73.86332,40.590417],[-73.862824,40.590032],[-73.862207,40.589162],[-73.861739,40.587701],[-73.861598,40.586867],[-73.861682,40.586458],[-73.861472,40.586682],[-73.861305,40.587485],[-73.861481,40.588781],[-73.861761,40.589306],[-73.861757,40.589954],[-73.86109,40.589861],[-73.861195,40.589645],[-73.85838,40.588781],[-73.85838,40.589156],[-73.859393,40.589552],[-73.857886,40.589503],[-73.857556,40.589398],[-73.858102,40.588534],[-73.858657,40.588099],[-73.85912,40.587309],[-73.859923,40.586533],[-73.860849,40.586284],[-73.862639,40.58477],[-73.86341,40.583865],[-73.865046,40.583363],[-73.865849,40.582934],[-73.866521,40.582361],[-73.867114,40.582113],[-73.868953,40.581775]],[[-73.817577,40.580817],[-73.817524,40.58088],[-73.817577,40.580924],[-73.817667,40.580849],[-73.817577,40.580817]],[[-73.819939,40.580015],[-73.820046,40.580005],[-73.82008,40.580015],[-73.819985,40.580073],[-73.819939,40.580015]],[[-73.915972,40.577102],[-73.915941,40.577196],[-73.916065,40.577176],[-73.916074,40.577145],[-73.915972,40.577102]],[[-73.91767,40.57696],[-73.917454,40.576996],[-73.917306,40.577176],[-73.91767,40.577115],[-73.91767,40.57696]],[[-73.918657,40.576898],[-73.91859,40.576929],[-73.918596,40.577012],[-73.918688,40.576977],[-73.918657,40.576898]],[[-73.923595,40.576806],[-73.923662,40.576898],[-73.923565,40.577002],[-73.923132,40.576991],[-73.923595,40.576806]],[[-73.91804,40.576673],[-73.917911,40.576929],[-73.918102,40.576899],[-73.918349,40.577047],[-73.91838,40.576955],[-73.91804,40.576673]],[[-73.917114,40.576681],[-73.917207,40.57683],[-73.917345,40.576775],[-73.917207,40.57669],[-73.917114,40.576681]],[[-73.91767,40.576581],[-73.917504,40.57662],[-73.917515,40.576806],[-73.917867,40.576651],[-73.91767,40.576581]],[[-73.918781,40.576551],[-73.918732,40.576836],[-73.918843,40.576945],[-73.918985,40.576867],[-73.918781,40.576551]],[[-73.928009,40.576432],[-73.927891,40.576559],[-73.927917,40.576658],[-73.928117,40.576497],[-73.928009,40.576432]],[[-73.931528,40.575097],[-73.929614,40.575742],[-73.928812,40.576409],[-73.928596,40.576458],[-73.928136,40.576312],[-73.928374,40.576497],[-73.928547,40.576867],[-73.928532,40.577824],[-73.929008,40.578287],[-73.930079,40.580633],[-73.930049,40.580941],[-73.929892,40.581081],[-73.929707,40.581066],[-73.929557,40.58088],[-73.929491,40.580348],[-73.928318,40.579912],[-73.927022,40.580148],[-73.926671,40.580324],[-73.926528,40.580816],[-73.926096,40.580826],[-73.925956,40.580941],[-73.925903,40.581404],[-73.926204,40.581806],[-73.928102,40.582152],[-73.929954,40.58164],[-73.930262,40.581648],[-73.930355,40.58181],[-73.929991,40.581929],[-73.929981,40.582083],[-73.930417,40.582193],[-73.93117,40.582701],[-73.932114,40.582955],[-73.933194,40.582656],[-73.934583,40.582885],[-73.936559,40.582932],[-73.937299,40.583104],[-73.938997,40.582943],[-73.940046,40.583034],[-73.940941,40.582936],[-73.941088,40.582731],[-73.94125,40.582694],[-73.941469,40.582886],[-73.94159,40.583348],[-73.941744,40.583419],[-73.942107,40.58338],[-73.941968,40.583164],[-73.942145,40.583064],[-73.942546,40.583228],[-73.942701,40.583073],[-73.943071,40.583303],[-73.943133,40.583109],[-73.94375,40.583099],[-73.94409,40.58327],[-73.944213,40.583127],[-73.944676,40.583237],[-73.94483,40.583123],[-73.945108,40.583258],[-73.945324,40.583132],[-73.945694,40.583258],[-73.945849,40.583144],[-73.946836,40.583249],[-73.947083,40.583158],[-73.947454,40.583376],[-73.948194,40.583382],[-73.948843,40.583284],[-73.948997,40.583094],[-73.94912,40.583272],[-73.950046,40.583252],[-73.953067,40.582917],[-73.953305,40.582731],[-73.953194,40.582115],[-73.950077,40.582375],[-73.949429,40.582337],[-73.944583,40.5814],[-73.942299,40.581082],[-73.934398,40.581162],[-73.93338,40.581231],[-73.932918,40.581559],[-73.932608,40.581567],[-73.932298,40.581343],[-73.932087,40.581003],[-73.931515,40.579213],[-73.930509,40.576918],[-73.930633,40.576353],[-73.931681,40.575262],[-73.931528,40.575097]],[[-73.910345,40.573812],[-73.910324,40.573962],[-73.91017,40.573976],[-73.909892,40.574303],[-73.909769,40.57425],[-73.909583,40.574675],[-73.909431,40.574707],[-73.909429,40.574968],[-73.908949,40.575602],[-73.908071,40.576195],[-73.908164,40.575933],[-73.908843,40.575304],[-73.908935,40.575015],[-73.90944,40.574336],[-73.910345,40.573812]],[[-73.916415,40.605],[-73.916281,40.604774],[-73.915507,40.604059],[-73.914861,40.603615],[-73.914429,40.603092],[-73.913256,40.602696],[-73.911867,40.60241],[-73.910293,40.602243],[-73.909491,40.602282],[-73.909028,40.602467],[-73.907577,40.602483],[-73.906775,40.602771],[-73.904552,40.602904],[-73.902976,40.60338],[-73.900972,40.603683],[-73.899799,40.603712],[-73.898966,40.604164],[-73.89841,40.603947],[-73.896836,40.604067],[-73.896373,40.603924],[-73.894954,40.603896],[-73.894059,40.603693],[-73.892207,40.603689],[-73.889078,40.605]],[[-73.883124,40.605],[-73.883037,40.604892],[-73.882515,40.604553],[-73.881941,40.602701],[-73.880431,40.600324],[-73.880582,40.599275],[-73.880059,40.596744],[-73.880301,40.595201],[-73.88017,40.594336],[-73.879734,40.593318],[-73.879393,40.591898],[-73.878948,40.591497],[-73.878892,40.591065],[-73.878627,40.590787],[-73.878688,40.590509],[-73.878399,40.589707],[-73.878415,40.588225],[-73.878287,40.588123],[-73.877515,40.588234],[-73.878334,40.58804],[-73.878237,40.587546],[-73.877845,40.586867],[-73.877411,40.58662],[-73.877408,40.586219],[-73.87663,40.585386],[-73.87659,40.585222],[-73.876597,40.584861],[-73.879567,40.580262],[-73.879892,40.579995],[-73.880559,40.579738],[-73.88162,40.579118],[-73.881713,40.578862],[-73.882299,40.57896],[-73.882762,40.578902],[-73.884151,40.578464],[-73.887099,40.577793],[-73.891096,40.57714],[-73.894406,40.576312],[-73.895201,40.575931],[-73.896003,40.576317],[-73.896219,40.576164],[-73.896466,40.576177],[-73.896651,40.576501],[-73.896915,40.576404],[-73.897052,40.576174],[-73.898691,40.576435],[-73.90016,40.57696],[-73.900393,40.577269],[-73.900396,40.577454],[-73.90125,40.57814],[-73.901916,40.578997],[-73.902755,40.579552],[-73.902978,40.579611],[-73.903781,40.579289],[-73.903971,40.579336],[-73.904793,40.580015],[-73.90487,40.580602],[-73.905728,40.581559],[-73.905353,40.582114],[-73.903534,40.583625],[-73.903009,40.583566],[-73.902573,40.583349],[-73.900195,40.581157],[-73.899244,40.580623],[-73.898935,40.580567],[-73.898287,40.580717],[-73.897582,40.581188],[-73.896923,40.582207],[-73.89686,40.582824],[-73.897586,40.583688],[-73.898287,40.58423],[-73.89875,40.584866],[-73.899063,40.585571],[-73.898894,40.586404],[-73.898747,40.586528],[-73.898811,40.58696],[-73.899501,40.587515],[-73.899645,40.587752],[-73.90017,40.587739],[-73.902296,40.586867],[-73.904552,40.586138],[-73.905262,40.586229],[-73.905818,40.585994],[-73.906404,40.586182],[-73.906559,40.58652],[-73.906898,40.586511],[-73.907322,40.586157],[-73.907511,40.585262],[-73.907608,40.585182],[-73.907886,40.585136],[-73.90841,40.585401],[-73.908843,40.585396],[-73.909036,40.585293],[-73.909552,40.584479],[-73.910137,40.584645],[-73.910948,40.585478],[-73.911867,40.586066],[-73.912233,40.586497],[-73.912189,40.586682],[-73.912323,40.586898],[-73.912456,40.587762],[-73.912304,40.588719],[-73.912093,40.589182],[-73.911826,40.590355],[-73.911801,40.59088],[-73.912072,40.591435],[-73.912019,40.592022],[-73.912164,40.592485],[-73.912119,40.592886],[-73.912485,40.593497],[-73.912831,40.592948],[-73.912731,40.592646],[-73.912286,40.592238],[-73.912419,40.591898],[-73.913009,40.591521],[-73.914975,40.590849],[-73.914892,40.590639],[-73.914102,40.589923],[-73.913904,40.589367],[-73.913913,40.588719],[-73.914661,40.58804],[-73.917114,40.587241],[-73.91788,40.586312],[-73.918904,40.585895],[-73.919769,40.586007],[-73.920355,40.585891],[-73.920941,40.585575],[-73.923441,40.585759],[-73.924336,40.585518],[-73.92483,40.585543],[-73.925611,40.58591],[-73.927194,40.587515],[-73.927855,40.58847],[-73.92786,40.588688],[-73.927616,40.588997],[-73.928102,40.588802],[-73.928349,40.588831],[-73.92909,40.589184],[-73.929954,40.589376],[-73.930602,40.589812],[-73.930632,40.591466],[-73.930399,40.592454],[-73.929997,40.593164],[-73.930089,40.59375],[-73.93054,40.594244],[-73.93088,40.594402],[-73.931898,40.594525],[-73.932454,40.594737],[-73.932577,40.594645],[-73.932491,40.594182],[-73.932299,40.594099],[-73.93196,40.59365],[-73.931397,40.592361],[-73.931014,40.591991],[-73.931302,40.590787],[-73.931065,40.58962],[-73.93078,40.589429],[-73.930449,40.588657],[-73.929646,40.587855],[-73.929537,40.587515],[-73.930355,40.587267],[-73.931034,40.587208],[-73.931116,40.587114],[-73.931034,40.586975],[-73.929398,40.587168],[-73.92838,40.587068],[-73.927731,40.586751],[-73.927392,40.586734],[-73.927347,40.586343],[-73.92693,40.586373],[-73.926991,40.586114],[-73.926713,40.586253],[-73.926549,40.586157],[-73.926559,40.585954],[-73.926281,40.585996],[-73.926366,40.585633],[-73.925941,40.585687],[-73.926003,40.585338],[-73.925694,40.585471],[-73.925633,40.585144],[-73.925293,40.585268],[-73.925074,40.58517],[-73.925046,40.584975],[-73.924306,40.584897],[-73.92338,40.585003],[-73.922361,40.58485],[-73.920478,40.584874],[-73.91804,40.585771],[-73.917238,40.58622],[-73.91659,40.586202],[-73.915139,40.586649],[-73.91409,40.586571],[-73.91338,40.586243],[-73.912886,40.586224],[-73.912515,40.585945],[-73.91233,40.5854],[-73.911335,40.583812],[-73.910923,40.583225],[-73.910262,40.582596],[-73.909685,40.58162],[-73.909799,40.581147],[-73.91017,40.580788],[-73.911281,40.580326],[-73.912588,40.579182],[-73.912392,40.578663],[-73.911972,40.578318],[-73.911985,40.577824],[-73.911841,40.577423],[-73.911359,40.577299],[-73.915231,40.576853],[-73.915403,40.576991],[-73.915293,40.577119],[-73.915571,40.577184],[-73.915673,40.57696],[-73.916065,40.576697],[-73.917639,40.57638],[-73.91841,40.576332],[-73.918997,40.576478],[-73.91912,40.576626],[-73.919275,40.576558],[-73.919388,40.576713],[-73.919552,40.57662],[-73.919645,40.576733],[-73.91966,40.57662],[-73.919799,40.576608],[-73.921559,40.57696],[-73.922392,40.577021],[-73.922608,40.577196],[-73.922824,40.577086],[-73.922996,40.577269],[-73.923318,40.577271],[-73.923596,40.577034],[-73.923931,40.576991],[-73.923997,40.576742],[-73.924645,40.576759],[-73.926188,40.576337],[-73.926867,40.575973],[-73.927052,40.575692],[-73.927609,40.575725],[-73.927798,40.57591],[-73.927736,40.576127],[-73.928071,40.576302],[-73.92833,40.575787],[-73.929109,40.575108],[-73.929228,40.57483],[-73.929707,40.574622],[-73.93159,40.574786],[-73.932269,40.574992],[-73.93234,40.574861],[-73.932731,40.574852],[-73.934583,40.57512],[-73.935417,40.575033],[-73.936312,40.575162],[-73.937855,40.574923],[-73.938688,40.575053],[-73.939306,40.574978],[-73.942361,40.575054],[-73.950077,40.57423],[-73.952207,40.573909],[-73.955201,40.57374],[-73.956003,40.573484],[-73.957145,40.573435],[-73.958596,40.573107],[-73.959892,40.573365],[-73.96054,40.573367],[-73.962392,40.573204],[-73.962701,40.573066],[-73.963873,40.573161],[-73.96554,40.573035],[-73.968627,40.572609],[-73.969028,40.572474],[-73.969244,40.572218],[-73.969645,40.572398],[-73.969527,40.572269],[-73.97,40.572254]],[[-73.849151,40.571085],[-73.849182,40.571136],[-73.849303,40.571096],[-73.849275,40.57108],[-73.849151,40.571085]],[[-73.853287,40.569363],[-73.852948,40.56957],[-73.852962,40.569738],[-73.85335,40.569738],[-73.853596,40.569587],[-73.853287,40.569363]],[[-73.855448,40.569177],[-73.854923,40.569416],[-73.854403,40.569522],[-73.855262,40.569416],[-73.855748,40.569213],[-73.855448,40.569177]],[[-73.857083,40.568253],[-73.856859,40.568349],[-73.856861,40.56841],[-73.857022,40.568435],[-73.857153,40.568287],[-73.857083,40.568253]],[[-73.857515,40.568039],[-73.857485,40.568179],[-73.857743,40.568133],[-73.857577,40.568032],[-73.857515,40.568039]],[[-73.863503,40.56634],[-73.863225,40.566525],[-73.863232,40.56659],[-73.863729,40.566404],[-73.863503,40.56634]],[[-73.863843,40.566207],[-73.863781,40.566343],[-73.863873,40.566445],[-73.864086,40.566219],[-73.863843,40.566207]],[[-73.873627,40.563102],[-73.873488,40.563194],[-73.873791,40.563133],[-73.873719,40.563094],[-73.873627,40.563102]],[[-73.875509,40.562484],[-73.875417,40.562546],[-73.875386,40.562639],[-73.875561,40.562608],[-73.875509,40.562484]],[[-73.877484,40.561312],[-73.877573,40.561312],[-73.87758,40.561373],[-73.877476,40.561373],[-73.877484,40.561312]],[[-73.88017,40.560752],[-73.880037,40.560818],[-73.880445,40.560756],[-73.880417,40.560744],[-73.88017,40.560752]],[[-73.88088,40.560565],[-73.880772,40.560633],[-73.88088,40.560694],[-73.880981,40.560602],[-73.88088,40.560565]],[[-73.883009,40.559551],[-73.882948,40.559616],[-73.883145,40.559552],[-73.883102,40.559541],[-73.883009,40.559551]],[[-73.883843,40.559305],[-73.883843,40.559414],[-73.883978,40.559336],[-73.883935,40.559281],[-73.883843,40.559305]],[[-73.887855,40.5589],[-73.887618,40.559028],[-73.888133,40.558935],[-73.88804,40.558891],[-73.887855,40.5589]],[[-73.885602,40.558779],[-73.884861,40.559004],[-73.884028,40.559728],[-73.883194,40.559996],[-73.883118,40.56017],[-73.883491,40.560108],[-73.884306,40.559701],[-73.885326,40.559799],[-73.885586,40.559182],[-73.886107,40.558843],[-73.885972,40.55875],[-73.885602,40.558779]],[[-73.890509,40.55807],[-73.890478,40.558184],[-73.890614,40.558164],[-73.890571,40.558054],[-73.890509,40.55807]],[[-73.890756,40.558066],[-73.890667,40.558133],[-73.890655,40.558164],[-73.890833,40.558164],[-73.890756,40.558066]],[[-73.889676,40.557946],[-73.889294,40.55804],[-73.889147,40.558225],[-73.888812,40.558214],[-73.888341,40.558565],[-73.888719,40.558741],[-73.88912,40.558666],[-73.889293,40.558534],[-73.889361,40.558133],[-73.889614,40.558097],[-73.889676,40.557946]],[[-73.895448,40.556433],[-73.893843,40.556873],[-73.893577,40.556806],[-73.893318,40.557039],[-73.892731,40.557162],[-73.891528,40.557238],[-73.890972,40.55751],[-73.890756,40.557509],[-73.890633,40.557319],[-73.890355,40.557336],[-73.890246,40.557454],[-73.890262,40.557682],[-73.889878,40.557917],[-73.890478,40.557976],[-73.891497,40.557609],[-73.891836,40.557776],[-73.89233,40.557655],[-73.892334,40.557485],[-73.892485,40.557427],[-73.893164,40.557519],[-73.893179,40.557392],[-73.893032,40.55733],[-73.893102,40.557238],[-73.894244,40.557091],[-73.894923,40.5568],[-73.895324,40.556861],[-73.895818,40.556713],[-73.895935,40.556559],[-73.895448,40.556433]],[[-73.948777,40.55267],[-73.949018,40.553287],[-73.948997,40.553555],[-73.948786,40.553133],[-73.948777,40.55267]],[[-73.953163,40.552546],[-73.953228,40.553009],[-73.952917,40.554042],[-73.952918,40.553503],[-73.953163,40.552546]],[[-73.909398,40.551923],[-73.909429,40.552063],[-73.909534,40.552052],[-73.909491,40.551918],[-73.909398,40.551923]],[[-73.912631,40.551127],[-73.912701,40.551117],[-73.912968,40.551281],[-73.912546,40.551359],[-73.912631,40.551127]],[[-73.914614,40.550293],[-73.914901,40.550478],[-73.914583,40.550635],[-73.91467,40.550509],[-73.914614,40.550293]],[[-73.951312,40.549207],[-73.951136,40.549306],[-73.951131,40.549429],[-73.951466,40.549676],[-73.951312,40.549207]],[[-73.951281,40.548965],[-73.951175,40.549059],[-73.951417,40.549028],[-73.951373,40.548972],[-73.951281,40.548965]],[[-73.926783,40.54588],[-73.926869,40.54588],[-73.926657,40.545941],[-73.926703,40.54591],[-73.926783,40.54588]],[[-73.949244,40.545196],[-73.949237,40.545262],[-73.949367,40.545449],[-73.949391,40.545355],[-73.949244,40.545196]],[[-73.94599,40.541867],[-73.946315,40.54196],[-73.946836,40.542478],[-73.947348,40.543164],[-73.947392,40.543516],[-73.947515,40.542574],[-73.947763,40.54267],[-73.947917,40.543029],[-73.948713,40.543935],[-73.948851,40.54446],[-73.949108,40.544769],[-73.949031,40.544892],[-73.949182,40.544906],[-73.949552,40.545344],[-73.949861,40.545227],[-73.950015,40.545355],[-73.950034,40.546065],[-73.950194,40.546466],[-73.950616,40.546806],[-73.951034,40.546928],[-73.951497,40.547443],[-73.951967,40.54838],[-73.951955,40.548688],[-73.951448,40.548997],[-73.951538,40.549583],[-73.952815,40.551806],[-73.952892,40.552454],[-73.952772,40.553349],[-73.952387,40.554799],[-73.952423,40.554901],[-73.952639,40.55479],[-73.952644,40.554861],[-73.952454,40.555278],[-73.952361,40.555352],[-73.952361,40.555192],[-73.952247,40.555201],[-73.952022,40.555683],[-73.951371,40.556497],[-73.951416,40.556651],[-73.950972,40.556926],[-73.949707,40.558486],[-73.949583,40.558466],[-73.949298,40.558719],[-73.94931,40.558935],[-73.948627,40.559337],[-73.94848,40.559306],[-73.949175,40.558935],[-73.948001,40.558966],[-73.94765,40.558812],[-73.947356,40.55838],[-73.947855,40.557517],[-73.94857,40.556929],[-73.94912,40.556339],[-73.949147,40.556188],[-73.949564,40.555849],[-73.949782,40.55517],[-73.949612,40.555046],[-73.949786,40.554799],[-73.949778,40.553935],[-73.949645,40.553881],[-73.949652,40.553719],[-73.949219,40.553472],[-73.949018,40.55304],[-73.948864,40.551929],[-73.948674,40.551898],[-73.948548,40.549645],[-73.94793,40.547022],[-73.947655,40.546651],[-73.947608,40.5463],[-73.947228,40.545972],[-73.945818,40.543562],[-73.94597,40.542886],[-73.945883,40.542269],[-73.94599,40.541867]],[[-73.940448,40.541138],[-73.940337,40.541312],[-73.940417,40.541383],[-73.940515,40.541281],[-73.940448,40.541138]],[[-73.76,40.589704],[-73.760201,40.589714],[-73.762361,40.58952],[-73.762632,40.589645],[-73.762097,40.590201],[-73.763534,40.590403],[-73.767083,40.590293],[-73.767578,40.590201],[-73.767948,40.589888],[-73.768115,40.589985],[-73.767824,40.590046],[-73.768009,40.590177],[-73.768225,40.590056],[-73.769151,40.59004],[-73.777546,40.588711],[-73.777978,40.588742],[-73.779707,40.588314],[-73.787454,40.587078],[-73.788503,40.586799],[-73.789367,40.586955],[-73.790756,40.586482],[-73.791898,40.586469],[-73.79338,40.585924],[-73.794707,40.585827],[-73.795849,40.585394],[-73.79767,40.585289],[-73.79838,40.585017],[-73.799336,40.58489],[-73.80088,40.584329],[-73.802238,40.584337],[-73.804059,40.584038],[-73.804858,40.583843],[-73.805417,40.583577],[-73.806991,40.583483],[-73.807948,40.583071],[-73.808935,40.583026],[-73.810324,40.582553],[-73.811373,40.582619],[-73.812485,40.582457],[-73.813133,40.582189],[-73.812095,40.582269],[-73.813009,40.581898],[-73.814799,40.581402],[-73.814888,40.581404],[-73.814892,40.581659],[-73.815664,40.581477],[-73.815725,40.581608],[-73.81554,40.581587],[-73.815496,40.581744],[-73.815756,40.581743],[-73.815898,40.58159],[-73.815895,40.581404],[-73.817207,40.581057],[-73.817411,40.58091],[-73.817238,40.58087],[-73.816991,40.581018],[-73.814927,40.581404],[-73.817454,40.580567],[-73.818485,40.580417],[-73.818256,40.58066],[-73.817818,40.580787],[-73.818162,40.580787],[-73.818023,40.58091],[-73.818225,40.580985],[-73.818287,40.580749],[-73.819451,40.580417],[-73.819485,40.580355],[-73.819229,40.580262],[-73.819362,40.58017],[-73.819707,40.580102],[-73.819645,40.580276],[-73.820386,40.580155],[-73.820573,40.579861],[-73.820756,40.579791],[-73.82091,40.579813],[-73.821034,40.580055],[-73.822156,40.579645],[-73.821661,40.579552],[-73.821806,40.579366],[-73.822454,40.57929],[-73.822485,40.579419],[-73.82233,40.579642],[-73.823009,40.579471],[-73.823812,40.579075],[-73.824799,40.578862],[-73.826065,40.578321],[-73.826744,40.578206],[-73.827454,40.577808],[-73.828472,40.577591],[-73.829583,40.577142],[-73.830849,40.576834],[-73.832639,40.576115],[-73.833194,40.576023],[-73.834327,40.575602],[-73.834583,40.575616],[-73.836096,40.574886],[-73.839867,40.573565],[-73.84125,40.573203],[-73.842018,40.572793],[-73.843225,40.57271],[-73.844645,40.572189],[-73.845046,40.572146],[-73.845787,40.571803],[-73.846744,40.571666],[-73.848071,40.571269],[-73.848795,40.570972],[-73.84909,40.570738],[-73.850324,40.570452],[-73.851552,40.569985],[-73.85164,40.569707],[-73.852361,40.569461],[-73.852731,40.569208],[-73.85338,40.569121],[-73.853596,40.569287],[-73.855015,40.568791],[-73.855262,40.568805],[-73.855756,40.568556],[-73.856034,40.568841],[-73.856501,40.568441],[-73.856127,40.568524],[-73.856081,40.568318],[-73.856497,40.568083],[-73.857855,40.567706],[-73.860448,40.566638],[-73.86091,40.566657],[-73.861096,40.566456],[-73.862425,40.565941],[-73.862518,40.566343],[-73.862238,40.566512],[-73.861466,40.5668],[-73.861096,40.566751],[-73.861034,40.566908],[-73.860787,40.566976],[-73.860509,40.566804],[-73.860015,40.567199],[-73.858652,40.567577],[-73.858652,40.567855],[-73.858457,40.568071],[-73.858974,40.568071],[-73.859314,40.567886],[-73.859522,40.567513],[-73.859892,40.56757],[-73.860355,40.567164],[-73.861713,40.566948],[-73.862762,40.566395],[-73.862971,40.566003],[-73.862886,40.565883],[-73.862639,40.565913],[-73.862793,40.565763],[-73.865972,40.565235],[-73.867299,40.564728],[-73.867515,40.564746],[-73.868904,40.56409],[-73.875694,40.561831],[-73.876898,40.561796],[-73.877361,40.56137],[-73.877515,40.561556],[-73.877917,40.561669],[-73.878209,40.561065],[-73.883799,40.558966],[-73.886127,40.558361],[-73.893966,40.556004],[-73.897886,40.555118],[-73.898565,40.555115],[-73.900417,40.554761],[-73.903405,40.553997],[-73.908726,40.551929],[-73.908935,40.55165],[-73.915135,40.54946],[-73.916651,40.548792],[-73.921906,40.547207],[-73.926503,40.546003],[-73.925406,40.546466],[-73.921528,40.547703],[-73.919059,40.548612],[-73.917577,40.548974],[-73.915571,40.549778],[-73.915077,40.549875],[-73.914491,40.550253],[-73.913688,40.550542],[-73.913966,40.550943],[-73.913719,40.55082],[-73.913164,40.550991],[-73.912793,40.550908],[-73.912075,40.551219],[-73.911963,40.551312],[-73.912269,40.551335],[-73.912352,40.551435],[-73.911806,40.551633],[-73.91162,40.551614],[-73.911503,40.551404],[-73.91162,40.551437],[-73.911952,40.551312],[-73.911497,40.551313],[-73.911343,40.551477],[-73.911096,40.551426],[-73.910602,40.551787],[-73.910231,40.551794],[-73.910015,40.551951],[-73.910108,40.552114],[-73.910231,40.552121],[-73.908071,40.55283],[-73.903194,40.554851],[-73.899985,40.555735],[-73.897207,40.556059],[-73.896528,40.556237],[-73.89607,40.556497],[-73.89662,40.556593],[-73.897762,40.556246],[-73.898063,40.556343],[-73.89875,40.556331],[-73.899522,40.556112],[-73.899738,40.556247],[-73.901188,40.555973],[-73.901744,40.555695],[-73.902206,40.555633],[-73.90341,40.555738],[-73.903866,40.555448],[-73.904738,40.555178],[-73.904799,40.555063],[-73.905015,40.555127],[-73.905488,40.555015],[-73.905725,40.554569],[-73.90591,40.554466],[-73.906867,40.554263],[-73.909059,40.553294],[-73.911971,40.552299],[-73.912886,40.551741],[-73.91375,40.551598],[-73.914367,40.551192],[-73.916034,40.550683],[-73.918966,40.549393],[-73.920014,40.54912],[-73.926034,40.546801],[-73.926559,40.546766],[-73.926806,40.54656],[-73.929744,40.545262],[-73.930471,40.544769],[-73.932114,40.544216],[-73.934244,40.543737],[-73.935787,40.543238],[-73.93841,40.541951],[-73.940262,40.540711],[-73.940462,40.540756],[-73.940478,40.541064],[-73.940633,40.540215],[-73.940787,40.540143],[-73.940981,40.540231],[-73.940854,40.541312],[-73.9411,40.542855],[-73.940902,40.545324],[-73.94116,40.54696],[-73.941338,40.549151],[-73.941466,40.549293],[-73.94196,40.549143],[-73.942174,40.549676],[-73.9423,40.550849],[-73.942133,40.552423],[-73.941528,40.553726],[-73.940179,40.555355],[-73.93827,40.55696],[-73.937176,40.557705],[-73.936427,40.558071],[-73.933812,40.559056],[-73.931127,40.56028],[-73.929151,40.560875],[-73.926682,40.561898],[-73.924996,40.562299],[-73.922855,40.562578],[-73.921836,40.562594],[-73.91909,40.563057],[-73.916637,40.56409],[-73.912515,40.565524],[-73.911528,40.565615],[-73.910756,40.565544],[-73.908873,40.56503],[-73.907978,40.564955],[-73.906003,40.565078],[-73.903463,40.565571],[-73.902392,40.565633],[-73.899583,40.566185],[-73.897361,40.566981],[-73.896427,40.567423],[-73.895262,40.567672],[-73.893634,40.568657],[-73.892577,40.568971],[-73.889306,40.569005],[-73.886096,40.568835],[-73.885694,40.56892],[-73.884892,40.568691],[-73.884244,40.568807],[-73.884153,40.568688],[-73.884642,40.56841],[-73.884336,40.568026],[-73.883966,40.568164],[-73.883812,40.568484],[-73.882608,40.568582],[-73.881991,40.568807],[-73.87841,40.569072],[-73.877632,40.568966],[-73.875785,40.569738],[-73.865387,40.574769],[-73.858565,40.578513],[-73.857513,40.578997],[-73.856929,40.579428],[-73.856821,40.579367],[-73.856157,40.579703],[-73.855948,40.579861],[-73.856641,40.579614],[-73.856127,40.579972],[-73.855784,40.579923],[-73.855664,40.580134],[-73.85469,40.580849],[-73.853935,40.581128],[-73.853688,40.581032],[-73.851806,40.581867],[-73.850571,40.582169],[-73.849429,40.582216],[-73.848565,40.582214],[-73.845694,40.581827],[-73.842546,40.58192],[-73.840509,40.58212],[-73.839614,40.582279],[-73.838688,40.582865],[-73.835941,40.582997],[-73.832176,40.583919],[-73.831789,40.58409],[-73.831775,40.584228],[-73.83159,40.584304],[-73.830972,40.584225],[-73.829738,40.584566],[-73.828648,40.584892],[-73.828298,40.585849],[-73.827944,40.586188],[-73.823472,40.587521],[-73.822855,40.587575],[-73.821528,40.58696],[-73.821157,40.586992],[-73.81946,40.587909],[-73.819429,40.588813],[-73.818997,40.588713],[-73.818949,40.588472],[-73.818812,40.58839],[-73.81866,40.588503],[-73.818688,40.588762],[-73.818472,40.588593],[-73.818071,40.588825],[-73.817793,40.588851],[-73.817546,40.589368],[-73.815779,40.590015],[-73.815784,40.590448],[-73.815417,40.590505],[-73.814835,40.591003],[-73.814838,40.591127],[-73.814593,40.591157],[-73.814461,40.591373],[-73.812701,40.592181],[-73.811833,40.592485],[-73.811528,40.592981],[-73.811043,40.593102],[-73.811312,40.592616],[-73.81091,40.592561],[-73.810725,40.592348],[-73.810386,40.592401],[-73.810285,40.592639],[-73.810396,40.593349],[-73.809738,40.593717],[-73.80909,40.593658],[-73.808677,40.593318],[-73.807207,40.592576],[-73.805564,40.591898],[-73.804985,40.591846],[-73.804799,40.591588],[-73.804589,40.591559],[-73.804456,40.591744],[-73.804861,40.592004],[-73.807855,40.59315],[-73.808708,40.593935],[-73.807803,40.595231],[-73.807192,40.595756],[-73.807022,40.596041],[-73.806713,40.596141],[-73.806003,40.595903],[-73.804522,40.595151],[-73.804014,40.59446],[-73.803761,40.593843],[-73.803761,40.593133],[-73.803318,40.592856],[-73.80304,40.592939],[-73.802898,40.592731],[-73.802628,40.592793],[-73.802582,40.593441],[-73.802783,40.594336],[-73.803441,40.594465],[-73.803569,40.594799],[-73.803394,40.595015],[-73.803843,40.595032],[-73.804367,40.595678],[-73.804614,40.595759],[-73.804514,40.595941],[-73.804867,40.596373],[-73.80533,40.597299],[-73.80483,40.598289],[-73.803551,40.599275],[-73.803534,40.599511],[-73.802299,40.599573],[-73.800509,40.599487],[-73.799954,40.599723],[-73.796929,40.599881],[-73.796003,40.600034],[-73.795293,40.600004],[-73.794799,40.600112],[-73.794244,40.600542],[-73.793287,40.600551],[-73.792361,40.600862],[-73.789059,40.603137],[-73.788565,40.603302],[-73.787485,40.604187],[-73.786814,40.60412],[-73.786188,40.603704],[-73.785743,40.602762],[-73.786744,40.602373],[-73.787094,40.602052],[-73.787793,40.600896],[-73.788287,40.600475],[-73.789692,40.599614],[-73.79012,40.59909],[-73.790952,40.597145],[-73.790806,40.596157],[-73.790935,40.59554],[-73.790851,40.595262],[-73.790509,40.594911],[-73.78983,40.594879],[-73.789416,40.595417],[-73.7895,40.595694],[-73.789407,40.596219],[-73.789491,40.596991],[-73.789273,40.598256],[-73.78804,40.598991],[-73.78733,40.599531],[-73.786937,40.600015],[-73.786188,40.600445],[-73.785811,40.600972],[-73.785795,40.601343],[-73.785448,40.60182],[-73.784975,40.60196],[-73.784603,40.602269],[-73.784892,40.602388],[-73.784954,40.602229],[-73.785108,40.602191],[-73.785157,40.602392],[-73.784376,40.603627],[-73.784396,40.604275],[-73.784686,40.605]]]}},
{"type":"Feature","properties":{"depthFt":8},"geometry":{"type":"MultiLineString","coordinates":[[[-73.899459,40.605],[-73.899799,40.604931],[-73.900324,40.604964],[-73.900399,40.605]],[[-73.909583,40.604137],[-73.90955,40.604275],[-73.909583,40.604403],[-73.909714,40.604275],[-73.909583,40.604137]],[[-73.870262,40.603584],[-73.870207,40.60375],[-73.870667,40.603904],[-73.870673,40.603657],[-73.870262,40.603584]],[[-73.771312,40.603531],[-73.77125,40.603627],[-73.771281,40.603714],[-73.771356,40.603657],[-73.771312,40.603531]],[[-73.904099,40.605],[-73.904614,40.604791],[-73.905262,40.604809],[-73.905442,40.605]],[[-73.908218,40.605],[-73.90838,40.60404],[-73.90912,40.603753],[-73.91091,40.603382],[-73.912978,40.603617],[-73.913719,40.603847],[-73.914945,40.605]],[[-73.930231,40.603017],[-73.930324,40.603141],[-73.930375,40.603133],[-73.930376,40.603071],[-73.930231,40.603017]],[[-73.874994,40.605],[-73.874959,40.604861],[-73.87416,40.603657],[-73.874367,40.603097],[-73.874692,40.603009],[-73.875077,40.603067],[-73.875663,40.603441],[-73.875921,40.604028],[-73.876466,40.604259],[-73.876789,40.604583],[-73.877361,40.604787],[-73.877723,40.604707],[-73.878273,40.605]],[[-73.930077,40.602821],[-73.930078,40.602886],[-73.93017,40.602972],[-73.930182,40.602824],[-73.930077,40.602821]],[[-73.803997,40.60279],[-73.803934,40.602855],[-73.803997,40.602937],[-73.804043,40.602886],[-73.803997,40.60279]],[[-73.794661,40.605],[-73.79496,40.60483],[-73.795448,40.60467],[-73.796233,40.603935],[-73.796929,40.603469],[-73.797299,40.60335],[-73.797701,40.603413],[-73.798349,40.603306],[-73.798688,40.603133],[-73.800355,40.602726],[-73.80228,40.602423],[-73.802762,40.602467],[-73.803256,40.602256],[-73.803873,40.602607],[-73.804085,40.602608],[-73.804182,40.602803],[-73.804222,40.603441],[-73.804663,40.605]],[[-73.835802,40.601281],[-73.835906,40.601312],[-73.835916,40.601373],[-73.835814,40.601373],[-73.835802,40.601281]],[[-73.836267,40.601188],[-73.836416,40.601188],[-73.836528,40.601367],[-73.836782,40.601373],[-73.836713,40.601486],[-73.836559,40.601466],[-73.836287,40.601343],[-73.836267,40.601188]],[[-73.849491,40.60057],[-73.849309,40.600725],[-73.849448,40.601003],[-73.850251,40.601343],[-73.849693,40.600664],[-73.849491,40.60057]],[[-73.824954,40.600352],[-73.824985,40.600529],[-73.825192,40.600478],[-73.825108,40.60035],[-73.824954,40.600352]],[[-73.849491,40.59999],[-73.849479,40.600077],[-73.849522,40.60014],[-73.849527,40.600046],[-73.849491,40.59999]],[[-73.822022,40.599971],[-73.822022,40.600038],[-73.822125,40.600015],[-73.822083,40.599972],[-73.822022,40.599971]],[[-73.824244,40.599844],[-73.824286,40.600046],[-73.824614,40.600121],[-73.824552,40.599918],[-73.824244,40.599844]],[[-73.800448,40.599551],[-73.800417,40.599624],[-73.801127,40.599802],[-73.802721,40.599707],[-73.800448,40.599551]],[[-73.815571,40.598893],[-73.815495,40.598966],[-73.81554,40.599082],[-73.815614,40.598935],[-73.815571,40.598893]],[[-73.916188,40.598559],[-73.91586,40.598781],[-73.91588,40.598913],[-73.918095,40.59983],[-73.917762,40.599441],[-73.916188,40.598559]],[[-73.824799,40.598409],[-73.824305,40.598873],[-73.824336,40.599395],[-73.82517,40.599398],[-73.825387,40.599244],[-73.824994,40.598503],[-73.824799,40.598409]],[[-73.924213,40.598102],[-73.923565,40.598546],[-73.922948,40.59856],[-73.922577,40.599182],[-73.921559,40.599814],[-73.920448,40.600071],[-73.919213,40.599924],[-73.918534,40.599704],[-73.918301,40.599923],[-73.91839,40.600139],[-73.918627,40.600294],[-73.918904,40.600048],[-73.919028,40.600305],[-73.919367,40.600135],[-73.919522,40.600287],[-73.920077,40.600337],[-73.920231,40.60085],[-73.920664,40.600841],[-73.921127,40.601153],[-73.921806,40.601388],[-73.922855,40.600947],[-73.923485,40.600015],[-73.923645,40.599707],[-73.923319,40.599182],[-73.923472,40.598825],[-73.92446,40.59895],[-73.925223,40.599336],[-73.925285,40.598997],[-73.92514,40.598812],[-73.924769,40.598377],[-73.924213,40.598102]],[[-73.922855,40.598011],[-73.922852,40.598287],[-73.922886,40.598315],[-73.923064,40.598194],[-73.922855,40.598011]],[[-73.773665,40.605],[-73.773744,40.604707],[-73.774004,40.604367],[-73.774276,40.603565],[-73.774045,40.602886],[-73.774336,40.602675],[-73.775664,40.602485],[-73.777022,40.601403],[-73.777916,40.600293],[-73.778194,40.600138],[-73.778657,40.60013],[-73.778904,40.600337],[-73.779892,40.600444],[-73.78047,40.599799],[-73.781034,40.599532],[-73.781179,40.599244],[-73.781782,40.598873],[-73.781642,40.59838],[-73.780818,40.59769],[-73.780417,40.597569],[-73.77983,40.597576],[-73.778966,40.597982],[-73.778843,40.598234],[-73.778514,40.598287],[-73.777857,40.598843],[-73.77698,40.600417],[-73.776188,40.601385],[-73.775695,40.601713],[-73.774614,40.602058],[-73.77461,40.601744],[-73.774408,40.601435],[-73.774506,40.601157],[-73.774453,40.60091],[-73.773918,40.600201],[-73.773793,40.59983],[-73.773886,40.599059],[-73.773472,40.598635],[-73.772743,40.598441],[-73.772485,40.59812],[-73.771096,40.598448],[-73.770448,40.598352],[-73.770036,40.598441],[-73.770293,40.59878],[-73.771127,40.5987],[-73.771395,40.598843],[-73.771515,40.599059],[-73.771535,40.59983],[-73.771235,40.602052],[-73.771059,40.602577],[-73.771157,40.603225],[-73.771844,40.603102],[-73.77196,40.602379],[-73.772423,40.60255],[-73.772656,40.602855],[-73.772392,40.603309],[-73.771631,40.603935],[-73.771557,40.604583],[-73.771606,40.605]],[[-73.914985,40.59733],[-73.914982,40.597485],[-73.915476,40.598287],[-73.915694,40.598489],[-73.915818,40.598455],[-73.915803,40.597978],[-73.915355,40.597527],[-73.914985,40.59733]],[[-73.922083,40.59692],[-73.922091,40.597083],[-73.922238,40.5972],[-73.922189,40.596991],[-73.922083,40.59692]],[[-73.914367,40.596649],[-73.914274,40.596713],[-73.914367,40.597139],[-73.91483,40.597205],[-73.914809,40.596929],[-73.914367,40.596649]],[[-73.865212,40.605],[-73.866668,40.60304],[-73.867212,40.601898],[-73.868459,40.598565],[-73.868634,40.596713],[-73.86875,40.596583],[-73.869087,40.596806],[-73.869264,40.597083],[-73.869335,40.597608],[-73.869913,40.598009],[-73.870046,40.598346],[-73.871034,40.598835],[-73.871656,40.599336],[-73.872036,40.601065],[-73.871896,40.602392],[-73.872057,40.60304],[-73.872071,40.60409],[-73.872201,40.605]],[[-73.814275,40.595709],[-73.814236,40.595818],[-73.814326,40.595818],[-73.814352,40.595725],[-73.814275,40.595709]],[[-73.790198,40.595694],[-73.790293,40.595692],[-73.790293,40.59583],[-73.790201,40.595805],[-73.790198,40.595694]],[[-73.789682,40.595602],[-73.789861,40.595643],[-73.789861,40.5958],[-73.789707,40.595773],[-73.789682,40.595602]],[[-73.815139,40.5947],[-73.814748,40.594954],[-73.814707,40.595031],[-73.815046,40.595039],[-73.815139,40.5947]],[[-73.918009,40.593766],[-73.917981,40.59412],[-73.918484,40.594398],[-73.918657,40.594704],[-73.919306,40.594941],[-73.919657,40.594923],[-73.918942,40.594306],[-73.918871,40.594059],[-73.918009,40.593766]],[[-73.806102,40.605],[-73.805806,40.604059],[-73.805725,40.603287],[-73.80588,40.602244],[-73.806017,40.602052],[-73.805959,40.60159],[-73.80645,40.601065],[-73.807458,40.600355],[-73.80967,40.598472],[-73.811003,40.59797],[-73.811887,40.597793],[-73.811836,40.597671],[-73.811578,40.597639],[-73.813688,40.595972],[-73.814725,40.594707],[-73.815561,40.594213],[-73.816003,40.594186],[-73.815985,40.593997],[-73.816091,40.593904],[-73.817022,40.593657],[-73.816915,40.594059],[-73.816415,40.594769],[-73.816007,40.596034],[-73.815638,40.599645],[-73.815786,40.60088],[-73.815664,40.601872],[-73.815615,40.601281],[-73.81544,40.60091],[-73.815534,40.600231],[-73.815293,40.599719],[-73.815091,40.599985],[-73.815043,40.600787],[-73.815459,40.601497],[-73.815478,40.602158],[-73.81554,40.602218],[-73.815664,40.602062],[-73.815703,40.602207],[-73.815566,40.602948],[-73.815595,40.603997],[-73.815478,40.604447],[-73.815077,40.604977],[-73.815017,40.604614],[-73.81446,40.604651],[-73.814249,40.605]],[[-73.848318,40.592475],[-73.848225,40.592548],[-73.848256,40.592671],[-73.848423,40.592639],[-73.848427,40.592485],[-73.848318,40.592475]],[[-73.912269,40.592372],[-73.912176,40.592936],[-73.912392,40.593058],[-73.912762,40.593017],[-73.912731,40.592691],[-73.912269,40.592372]],[[-73.851404,40.591155],[-73.85136,40.59125],[-73.851559,40.591382],[-73.851699,40.591281],[-73.851404,40.591155]],[[-73.924645,40.59084],[-73.924485,40.590941],[-73.924429,40.591065],[-73.924744,40.590849],[-73.924645,40.59084]],[[-73.767334,40.589954],[-73.767454,40.589944],[-73.767472,40.590046],[-73.767392,40.590068],[-73.767334,40.589954]],[[-73.907639,40.589118],[-73.90756,40.589182],[-73.907828,40.589213],[-73.907793,40.589107],[-73.907639,40.589118]],[[-73.854491,40.588005],[-73.854312,40.588102],[-73.854361,40.588194],[-73.854893,40.588225],[-73.854707,40.588033],[-73.854491,40.588005]],[[-73.855268,40.586898],[-73.855781,40.587114],[-73.855779,40.587392],[-73.855478,40.587445],[-73.855324,40.587311],[-73.854954,40.587283],[-73.854895,40.587114],[-73.855139,40.587057],[-73.855268,40.586898]],[[-73.765739,40.586559],[-73.768565,40.586925],[-73.769676,40.587204],[-73.769873,40.587485],[-73.769467,40.587701],[-73.768596,40.587825],[-73.766775,40.587462],[-73.766497,40.587179],[-73.766003,40.587311],[-73.765776,40.587207],[-73.766041,40.586991],[-73.765818,40.586822],[-73.765355,40.586933],[-73.765262,40.586851],[-73.765739,40.586559]],[[-73.86841,40.586061],[-73.867012,40.587083],[-73.866654,40.587639],[-73.868291,40.586312],[-73.868502,40.586065],[-73.86841,40.586061]],[[-73.816898,40.605],[-73.817454,40.604386],[-73.817616,40.604059],[-73.81804,40.602448],[-73.818464,40.601343],[-73.818494,40.60054],[-73.81872,40.59983],[-73.818781,40.59909],[-73.819385,40.597207],[-73.819751,40.596775],[-73.8197,40.596651],[-73.819995,40.596065],[-73.820478,40.595491],[-73.820516,40.595201],[-73.821065,40.594573],[-73.821678,40.594244],[-73.821893,40.593873],[-73.821811,40.593627],[-73.82162,40.593578],[-73.821312,40.5937],[-73.821033,40.594028],[-73.820694,40.594115],[-73.820842,40.593873],[-73.82066,40.593719],[-73.82079,40.593472],[-73.820822,40.59267],[-73.821126,40.593071],[-73.821073,40.593194],[-73.821343,40.593303],[-73.821559,40.593276],[-73.821505,40.593071],[-73.821991,40.592622],[-73.822361,40.592772],[-73.822407,40.592948],[-73.822309,40.593071],[-73.822392,40.593132],[-73.822608,40.59296],[-73.822472,40.592701],[-73.822773,40.592423],[-73.822948,40.591863],[-73.823225,40.591696],[-73.82341,40.59183],[-73.82409,40.591767],[-73.824985,40.591323],[-73.825043,40.591219],[-73.824917,40.590941],[-73.825385,40.590448],[-73.825633,40.590337],[-73.826219,40.590315],[-73.826674,40.589892],[-73.827371,40.589583],[-73.827751,40.588966],[-73.828164,40.588657],[-73.828979,40.588225],[-73.829738,40.587973],[-73.829985,40.58799],[-73.830036,40.588225],[-73.83017,40.588321],[-73.830818,40.588272],[-73.832445,40.587423],[-73.834244,40.586202],[-73.835386,40.586035],[-73.835602,40.5859],[-73.837886,40.586034],[-73.841188,40.586775],[-73.841823,40.587114],[-73.849056,40.589552],[-73.849083,40.591096],[-73.848688,40.592419],[-73.848489,40.59267],[-73.84681,40.596404],[-73.845842,40.598102],[-73.845971,40.598688],[-73.84584,40.599491],[-73.84591,40.599567],[-73.847222,40.598657],[-73.848349,40.597437],[-73.848425,40.597762],[-73.848356,40.598256],[-73.848037,40.598935],[-73.847485,40.599701],[-73.846842,40.600293],[-73.845015,40.60159],[-73.843318,40.602155],[-73.840201,40.60265],[-73.838256,40.602145],[-73.837238,40.601741],[-73.837176,40.601504],[-73.836867,40.601632],[-73.836813,40.601559],[-73.837116,40.601034],[-73.836775,40.600811],[-73.83638,40.600725],[-73.835074,40.599892],[-73.833677,40.599336],[-73.831065,40.5989],[-73.82946,40.599114],[-73.828071,40.599527],[-73.82763,40.599769],[-73.827619,40.599923],[-73.826806,40.600278],[-73.826003,40.600375],[-73.825056,40.601096],[-73.824561,40.601744],[-73.824294,40.602299],[-73.82409,40.602401],[-73.823534,40.603164],[-73.822986,40.604398],[-73.822999,40.605]],[[-73.823998,40.605],[-73.823716,40.604306],[-73.823953,40.603627],[-73.824429,40.602828],[-73.824892,40.602324],[-73.824953,40.602485],[-73.824749,40.602639],[-73.824383,40.603318],[-73.824091,40.604306],[-73.824368,40.604769],[-73.824343,40.605]],[[-73.824593,40.605],[-73.824837,40.604306],[-73.825079,40.603997],[-73.824803,40.603843],[-73.825322,40.602824],[-73.825299,40.602639],[-73.82561,40.602485],[-73.825545,40.602299],[-73.825694,40.602096],[-73.826083,40.601867],[-73.826123,40.601435],[-73.826373,40.601451],[-73.826528,40.601235],[-73.826898,40.601163],[-73.827269,40.600769],[-73.828441,40.600076],[-73.828009,40.600138],[-73.826682,40.600832],[-73.826343,40.600901],[-73.824947,40.602238],[-73.825096,40.601929],[-73.825664,40.601291],[-73.826356,40.600756],[-73.828741,40.599769],[-73.829117,40.599707],[-73.82854,40.600015],[-73.829441,40.599738],[-73.829549,40.599676],[-73.829258,40.599645],[-73.829676,40.599518],[-73.830694,40.599413],[-73.831651,40.599471],[-73.83341,40.599961],[-73.835293,40.600745],[-73.835633,40.601022],[-73.835881,40.600972],[-73.835694,40.601159],[-73.835481,40.601188],[-73.836197,40.601898],[-73.839148,40.603194],[-73.838997,40.603395],[-73.836999,40.60412],[-73.837082,40.604275],[-73.837701,40.60449],[-73.840015,40.603866],[-73.840633,40.603757],[-73.841188,40.603812],[-73.844244,40.603141],[-73.847885,40.60125],[-73.848657,40.600384],[-73.84909,40.600086],[-73.849203,40.600108],[-73.849385,40.598719],[-73.849657,40.598071],[-73.849886,40.596867],[-73.850513,40.59483],[-73.850903,40.592361],[-73.851156,40.591682],[-73.851301,40.590818],[-73.851466,40.590505],[-73.852114,40.590428],[-73.852207,40.590478],[-73.851909,40.590756],[-73.852238,40.59063],[-73.8526,40.590664],[-73.852423,40.590455],[-73.852793,40.590494],[-73.861651,40.593035],[-73.863102,40.593667],[-73.86517,40.594106],[-73.86662,40.59466],[-73.86676,40.594799],[-73.86675,40.596497],[-73.866859,40.597515],[-73.8664,40.599367],[-73.865574,40.601157],[-73.864396,40.602608],[-73.864289,40.603349],[-73.863318,40.604925],[-73.86328,40.605]],[[-73.761003,40.585046],[-73.761086,40.585046],[-73.761045,40.585231],[-73.760725,40.58585],[-73.760311,40.585787],[-73.760488,40.585664],[-73.760432,40.585417],[-73.760509,40.58529],[-73.761003,40.585046]],[[-73.760192,40.584985],[-73.760231,40.584974],[-73.760337,40.585139],[-73.760138,40.58517],[-73.760192,40.584985]],[[-73.902782,40.584861],[-73.90338,40.585352],[-73.903744,40.585756],[-73.903594,40.585849],[-73.902937,40.585201],[-73.902782,40.584861]],[[-73.806312,40.583277],[-73.806312,40.583374],[-73.806435,40.583349],[-73.806373,40.583278],[-73.806312,40.583277]],[[-73.949436,40.582855],[-73.949769,40.582884],[-73.949787,40.582917],[-73.949707,40.583046],[-73.949367,40.583107],[-73.949436,40.582855]],[[-73.952454,40.582142],[-73.950077,40.582399],[-73.94838,40.582156],[-73.9481,40.582269],[-73.948303,40.582454],[-73.94833,40.582639],[-73.948649,40.582701],[-73.948709,40.583071],[-73.94852,40.583164],[-73.948534,40.583271],[-73.948843,40.583213],[-73.949028,40.582915],[-73.949161,40.583009],[-73.949151,40.583232],[-73.949336,40.583149],[-73.950015,40.583237],[-73.952114,40.583031],[-73.953166,40.582793],[-73.953164,40.582681],[-73.952793,40.582681],[-73.952668,40.582515],[-73.952886,40.582325],[-73.953229,40.582485],[-73.953194,40.582167],[-73.952454,40.582142]],[[-73.869352,40.581528],[-73.869954,40.581836],[-73.870139,40.582863],[-73.870559,40.583225],[-73.87109,40.585694],[-73.871291,40.587361],[-73.870602,40.588627],[-73.870262,40.588858],[-73.869796,40.58946],[-73.869336,40.58959],[-73.868997,40.589901],[-73.868007,40.590293],[-73.867824,40.590751],[-73.867392,40.59109],[-73.86702,40.591219],[-73.866759,40.59159],[-73.866281,40.591489],[-73.865509,40.591102],[-73.863787,40.590694],[-73.862771,40.590201],[-73.862108,40.58909],[-73.86162,40.587669],[-73.861687,40.588719],[-73.862233,40.590046],[-73.862176,40.590136],[-73.860782,40.58983],[-73.861082,40.589707],[-73.85841,40.588865],[-73.858349,40.589076],[-73.858565,40.589248],[-73.860327,40.589738],[-73.858966,40.58955],[-73.857762,40.589522],[-73.857361,40.589278],[-73.857052,40.589316],[-73.856281,40.58903],[-73.85591,40.589141],[-73.855495,40.589059],[-73.854923,40.588903],[-73.85483,40.588685],[-73.853904,40.588293],[-73.853694,40.588009],[-73.853133,40.587757],[-73.853058,40.587269],[-73.853215,40.586898],[-73.853534,40.58664],[-73.853838,40.586559],[-73.853915,40.586713],[-73.853787,40.587114],[-73.854151,40.587137],[-73.854162,40.587423],[-73.854394,40.587546],[-73.854182,40.587698],[-73.854179,40.587824],[-73.85481,40.587639],[-73.854848,40.587454],[-73.854942,40.587454],[-73.855271,40.587917],[-73.855209,40.588133],[-73.855379,40.588256],[-73.855324,40.588597],[-73.855509,40.588606],[-73.855602,40.588496],[-73.855849,40.588659],[-73.856836,40.588571],[-73.857115,40.588812],[-73.857454,40.58873],[-73.857745,40.58838],[-73.85875,40.587834],[-73.85912,40.587246],[-73.859985,40.586378],[-73.860756,40.586153],[-73.862207,40.5851],[-73.863441,40.583787],[-73.864398,40.583216],[-73.865077,40.583255],[-73.865664,40.583017],[-73.866508,40.58233],[-73.867238,40.582022],[-73.869352,40.581528]],[[-73.852855,40.581461],[-73.852917,40.581546],[-73.852966,40.581528],[-73.852948,40.581457],[-73.852855,40.581461]],[[-73.853071,40.581366],[-73.853102,40.581504],[-73.853224,40.581435],[-73.853164,40.581348],[-73.853071,40.581366]],[[-73.821127,40.579756],[-73.821096,40.579849],[-73.82122,40.579799],[-73.821188,40.579748],[-73.821127,40.579756]],[[-73.822701,40.579237],[-73.822608,40.579279],[-73.822608,40.579344],[-73.822793,40.579306],[-73.822701,40.579237]],[[-73.823596,40.578923],[-73.823102,40.579123],[-73.823082,40.579182],[-73.823731,40.578966],[-73.823596,40.578923]],[[-73.903657,40.57804],[-73.904034,40.578133],[-73.904234,40.578534],[-73.903812,40.57867],[-73.903516,40.578503],[-73.903247,40.578164],[-73.903657,40.57804]],[[-73.931003,40.575412],[-73.929954,40.575671],[-73.929481,40.57591],[-73.928727,40.576713],[-73.928545,40.577515],[-73.928657,40.577821],[-73.929059,40.578117],[-73.929333,40.578935],[-73.930151,40.580633],[-73.930141,40.580941],[-73.929892,40.581154],[-73.929676,40.581122],[-73.929479,40.58091],[-73.929404,40.580386],[-73.928657,40.580209],[-73.928349,40.580024],[-73.926991,40.580222],[-73.926766,40.580355],[-73.926559,40.580868],[-73.926009,40.580941],[-73.925965,40.581435],[-73.92625,40.581796],[-73.927238,40.581853],[-73.927917,40.582091],[-73.929954,40.581571],[-73.930324,40.581573],[-73.93044,40.581713],[-73.930422,40.582022],[-73.93057,40.582207],[-73.931238,40.58267],[-73.932083,40.582906],[-73.933225,40.582613],[-73.934707,40.582845],[-73.93662,40.582872],[-73.93733,40.583058],[-73.939028,40.582897],[-73.940046,40.582987],[-73.940787,40.582909],[-73.941219,40.582632],[-73.941487,40.582731],[-73.941617,40.583318],[-73.941744,40.583382],[-73.942049,40.583349],[-73.941945,40.583164],[-73.942145,40.583041],[-73.942485,40.583197],[-73.942731,40.583051],[-73.94304,40.583258],[-73.943133,40.583083],[-73.943657,40.583065],[-73.94409,40.58325],[-73.944182,40.583113],[-73.944645,40.583214],[-73.94483,40.583104],[-73.945108,40.583245],[-73.945324,40.583111],[-73.945694,40.583238],[-73.945849,40.583127],[-73.946806,40.583228],[-73.947083,40.58315],[-73.947454,40.583361],[-73.948241,40.583318],[-73.94788,40.58304],[-73.948006,40.582176],[-73.947762,40.582039],[-73.944583,40.581412],[-73.942299,40.581098],[-73.938657,40.581125],[-73.938472,40.581284],[-73.938194,40.581122],[-73.936775,40.581126],[-73.936435,40.581244],[-73.935602,40.58113],[-73.933441,40.581244],[-73.932917,40.581581],[-73.932546,40.581564],[-73.932236,40.581312],[-73.931987,40.58088],[-73.931478,40.579213],[-73.930484,40.57696],[-73.930633,40.576118],[-73.931185,40.575602],[-73.931188,40.575427],[-73.931003,40.575412]],[[-73.936674,40.574707],[-73.936769,40.574769],[-73.936682,40.574856],[-73.936584,40.574769],[-73.936674,40.574707]],[[-73.910175,40.574398],[-73.910142,40.574676],[-73.910048,40.574676],[-73.910061,40.574583],[-73.910175,40.574398]],[[-73.946283,40.573935],[-73.946402,40.573997],[-73.945077,40.574315],[-73.944784,40.574275],[-73.945571,40.574009],[-73.946283,40.573935]],[[-73.946532,40.573904],[-73.94662,40.573882],[-73.94668,40.573904],[-73.94659,40.573983],[-73.946532,40.573904]],[[-73.947596,40.573657],[-73.947746,40.573719],[-73.947577,40.5738],[-73.947149,40.573781],[-73.947596,40.573657]],[[-73.947914,40.573627],[-73.94804,40.5736],[-73.948173,40.573627],[-73.947842,40.573688],[-73.947914,40.573627]],[[-73.948641,40.573534],[-73.948804,40.573565],[-73.948342,40.573627],[-73.94841,40.573572],[-73.948641,40.573534]],[[-73.949244,40.573441],[-73.949428,40.573472],[-73.949026,40.573503],[-73.949151,40.573461],[-73.949244,40.573441]],[[-73.911551,40.573009],[-73.911612,40.573071],[-73.911404,40.573294],[-73.911157,40.573383],[-73.911034,40.57362],[-73.910571,40.574005],[-73.910448,40.574],[-73.910293,40.574253],[-73.910139,40.574197],[-73.909966,40.574522],[-73.910041,40.574676],[-73.909954,40.574955],[-73.909799,40.574747],[-73.909794,40.575015],[-73.909398,40.575548],[-73.909182,40.575561],[-73.908503,40.576098],[-73.908071,40.576256],[-73.908009,40.576034],[-73.908378,40.575571],[-73.907917,40.575509],[-73.907978,40.575248],[-73.908225,40.575229],[-73.908781,40.57451],[-73.910076,40.573904],[-73.911551,40.573009]],[[-73.916094,40.572176],[-73.916219,40.572199],[-73.91624,40.572269],[-73.916058,40.572299],[-73.916094,40.572176]],[[-73.916375,40.605],[-73.91548,40.604059],[-73.914818,40.603627],[-73.914398,40.603097],[-73.911867,40.602439],[-73.910293,40.602267],[-73.909491,40.602303],[-73.908997,40.602496],[-73.907577,40.602498],[-73.906775,40.602791],[-73.904552,40.60292],[-73.902978,40.603401],[-73.900972,40.603707],[-73.899799,40.603734],[-73.898966,40.604181],[-73.89841,40.603968],[-73.896836,40.604124],[-73.896312,40.603976],[-73.894954,40.603921],[-73.894336,40.603743],[-73.892176,40.603732],[-73.889183,40.605]],[[-73.882945,40.605],[-73.882996,40.604923],[-73.882485,40.604584],[-73.881898,40.602715],[-73.880337,40.600324],[-73.880551,40.599336],[-73.880025,40.596713],[-73.880262,40.59517],[-73.880131,40.594336],[-73.879705,40.593349],[-73.879359,40.591898],[-73.878906,40.591528],[-73.878874,40.591096],[-73.878559,40.590818],[-73.878654,40.59054],[-73.878365,40.589769],[-73.878361,40.588194],[-73.877482,40.588256],[-73.878295,40.58804],[-73.878225,40.587622],[-73.877838,40.586898],[-73.877389,40.58662],[-73.877339,40.586157],[-73.876575,40.585355],[-73.876565,40.584861],[-73.879547,40.580262],[-73.879892,40.579971],[-73.88159,40.579091],[-73.88167,40.578812],[-73.882269,40.578927],[-73.882762,40.578864],[-73.886991,40.577787],[-73.89088,40.577151],[-73.894188,40.576312],[-73.895201,40.575862],[-73.896682,40.576098],[-73.897454,40.576112],[-73.89875,40.576376],[-73.900695,40.577052],[-73.900941,40.577391],[-73.901447,40.577762],[-73.901466,40.578262],[-73.901928,40.578935],[-73.902279,40.579244],[-73.902948,40.579588],[-73.903812,40.579198],[-73.90412,40.579288],[-73.905026,40.579985],[-73.904897,40.58054],[-73.905813,40.581559],[-73.905541,40.581991],[-73.903884,40.583318],[-73.903565,40.583726],[-73.902978,40.583597],[-73.902546,40.583373],[-73.900179,40.581188],[-73.899265,40.580664],[-73.898935,40.580601],[-73.898287,40.580751],[-73.897623,40.581188],[-73.896954,40.582207],[-73.896895,40.582824],[-73.897608,40.58366],[-73.898322,40.584182],[-73.898781,40.584807],[-73.899141,40.585571],[-73.898942,40.586435],[-73.898767,40.586528],[-73.898839,40.58696],[-73.899676,40.587722],[-73.900139,40.587705],[-73.90221,40.586867],[-73.904583,40.586073],[-73.905262,40.586196],[-73.905787,40.585943],[-73.906435,40.586135],[-73.906577,40.586466],[-73.906867,40.586452],[-73.907299,40.58609],[-73.907473,40.58554],[-73.907446,40.585262],[-73.907577,40.585135],[-73.907855,40.58508],[-73.908441,40.585366],[-73.908873,40.585347],[-73.909161,40.585046],[-73.909449,40.584491],[-73.909738,40.584424],[-73.910231,40.584663],[-73.910954,40.585448],[-73.911893,40.586065],[-73.912254,40.586497],[-73.9125,40.587762],[-73.912334,40.58875],[-73.912038,40.589583],[-73.911923,40.590633],[-73.911994,40.591188],[-73.912136,40.591373],[-73.91208,40.592022],[-73.912176,40.592162],[-73.91243,40.591836],[-73.912948,40.591489],[-73.914743,40.590941],[-73.914921,40.590787],[-73.914003,40.589799],[-73.913877,40.589336],[-73.913924,40.588657],[-73.914861,40.587899],[-73.917114,40.587208],[-73.917466,40.586682],[-73.917917,40.586266],[-73.918997,40.585853],[-73.919645,40.586005],[-73.920324,40.585877],[-73.920941,40.585564],[-73.923441,40.585735],[-73.924336,40.585509],[-73.92483,40.585527],[-73.925631,40.58591],[-73.927238,40.587507],[-73.927873,40.588441],[-73.927895,40.588688],[-73.92772,40.588935],[-73.928102,40.588787],[-73.92841,40.588822],[-73.92909,40.589169],[-73.929954,40.589362],[-73.930615,40.589799],[-73.930692,40.591219],[-73.930425,40.592454],[-73.930013,40.593194],[-73.930114,40.59375],[-73.93054,40.594213],[-73.93088,40.594385],[-73.931898,40.594511],[-73.932454,40.594717],[-73.932557,40.594614],[-73.932469,40.594182],[-73.932299,40.594142],[-73.931948,40.593657],[-73.931806,40.59319],[-73.931399,40.592608],[-73.931379,40.592361],[-73.93099,40.591991],[-73.931284,40.590787],[-73.931052,40.589645],[-73.930756,40.589457],[-73.930448,40.588679],[-73.929609,40.587855],[-73.929452,40.587485],[-73.931003,40.58718],[-73.931034,40.587011],[-73.929367,40.58719],[-73.928225,40.587041],[-73.927731,40.586764],[-73.92739,40.586744],[-73.927299,40.586391],[-73.926935,40.586404],[-73.92696,40.586154],[-73.926682,40.586255],[-73.926528,40.586135],[-73.926556,40.586003],[-73.926276,40.586003],[-73.926343,40.585627],[-73.926096,40.58573],[-73.92589,40.585633],[-73.926003,40.585356],[-73.925694,40.585487],[-73.925602,40.585164],[-73.925293,40.585286],[-73.925046,40.585175],[-73.925015,40.584999],[-73.924275,40.58492],[-73.92341,40.585027],[-73.922361,40.584877],[-73.920509,40.584897],[-73.91804,40.585803],[-73.917207,40.586283],[-73.91662,40.586228],[-73.915128,40.586682],[-73.91409,40.586622],[-73.91338,40.58626],[-73.912886,40.586262],[-73.912499,40.585972],[-73.912305,40.585417],[-73.9113,40.583812],[-73.910903,40.583256],[-73.910262,40.582649],[-73.909666,40.581651],[-73.909771,40.581157],[-73.91017,40.580756],[-73.911281,40.580279],[-73.911762,40.579954],[-73.911988,40.579583],[-73.912541,40.579182],[-73.912253,40.578596],[-73.911821,40.578349],[-73.911682,40.577864],[-73.911393,40.57767],[-73.911473,40.577454],[-73.91103,40.577269],[-73.914552,40.576822],[-73.916929,40.576299],[-73.918287,40.576167],[-73.919213,40.57594],[-73.920146,40.57591],[-73.919845,40.576096],[-73.919798,40.57625],[-73.920478,40.576435],[-73.921312,40.576384],[-73.921806,40.57611],[-73.925725,40.575813],[-73.92659,40.575939],[-73.92682,40.575849],[-73.926783,40.575633],[-73.92696,40.575509],[-73.92841,40.575589],[-73.929059,40.575129],[-73.929203,40.574799],[-73.929923,40.574498],[-73.932176,40.574682],[-73.934614,40.575031],[-73.935417,40.574876],[-73.937269,40.574946],[-73.939213,40.574707],[-73.941806,40.574942],[-73.950262,40.574117],[-73.952022,40.573848],[-73.954614,40.573717],[-73.955849,40.573402],[-73.957083,40.573296],[-73.95838,40.573008],[-73.960077,40.573248],[-73.962392,40.573121],[-73.962701,40.573012],[-73.964707,40.572989],[-73.968088,40.572577],[-73.969367,40.572121],[-73.97,40.57217]],[[-73.846775,40.571397],[-73.84668,40.571435],[-73.846682,40.571461],[-73.846877,40.571404],[-73.846775,40.571397]],[[-73.849213,40.57043],[-73.849213,40.570538],[-73.849328,40.570478],[-73.849275,40.570425],[-73.849213,40.57043]],[[-73.84983,40.570288],[-73.849769,40.57032],[-73.84971,40.570386],[-73.849964,40.570324],[-73.84983,40.570288]],[[-73.850262,40.570168],[-73.850201,40.570191],[-73.850123,40.570262],[-73.850307,40.570201],[-73.850262,40.570168]],[[-73.936171,40.569583],[-73.936497,40.569716],[-73.936625,40.570201],[-73.936188,40.570373],[-73.936288,40.570633],[-73.936065,40.570842],[-73.935818,40.570724],[-73.935478,40.570785],[-73.935378,40.570571],[-73.935588,40.57017],[-73.935472,40.570015],[-73.936071,40.56983],[-73.936171,40.569583]],[[-73.853194,40.569577],[-73.853151,40.569645],[-73.853302,40.569676],[-73.853278,40.569614],[-73.853194,40.569577]],[[-73.855386,40.569273],[-73.855299,40.569306],[-73.855259,40.569336],[-73.855347,40.569336],[-73.855386,40.569273]],[[-73.924291,40.567546],[-73.924373,40.567577],[-73.924306,40.567698],[-73.924272,40.567639],[-73.924291,40.567546]],[[-73.86196,40.566606],[-73.861733,40.566744],[-73.861699,40.566806],[-73.861888,40.566806],[-73.862042,40.56662],[-73.86196,40.566606]],[[-73.862546,40.566113],[-73.862589,40.566343],[-73.862701,40.566333],[-73.862701,40.566146],[-73.862546,40.566113]],[[-73.930755,40.566034],[-73.93091,40.566042],[-73.930882,40.566157],[-73.930691,40.566157],[-73.930755,40.566034]],[[-73.877917,40.561294],[-73.877728,40.561343],[-73.877725,40.561435],[-73.877917,40.561409],[-73.877917,40.561294]],[[-73.948349,40.55918],[-73.948336,40.559182],[-73.948255,40.559213],[-73.948446,40.559182],[-73.948349,40.55918]],[[-73.885664,40.558842],[-73.884948,40.559059],[-73.884568,40.559398],[-73.885077,40.559419],[-73.885785,40.558873],[-73.885664,40.558842]],[[-73.888812,40.558247],[-73.888597,40.558503],[-73.888843,40.558606],[-73.889098,40.558534],[-73.889135,40.558349],[-73.888812,40.558247]],[[-73.890509,40.557359],[-73.890293,40.557442],[-73.890262,40.557793],[-73.890478,40.557808],[-73.890654,40.557546],[-73.890665,40.557392],[-73.890509,40.557359]],[[-73.891651,40.557299],[-73.891537,40.55733],[-73.891929,40.557674],[-73.892246,40.557608],[-73.892365,40.55733],[-73.891651,40.557299]],[[-73.895417,40.556528],[-73.895295,40.55659],[-73.895543,40.55659],[-73.895532,40.556559],[-73.895417,40.556528]],[[-73.90304,40.555462],[-73.903021,40.55554],[-73.903147,40.55554],[-73.903102,40.555472],[-73.90304,40.555462]],[[-73.903966,40.554767],[-73.90375,40.554804],[-73.903548,40.554954],[-73.903781,40.555165],[-73.904288,40.554954],[-73.903966,40.554767]],[[-73.904985,40.554336],[-73.904723,40.55446],[-73.905293,40.554573],[-73.905417,40.55446],[-73.905324,40.554328],[-73.904985,40.554336]],[[-73.948003,40.553596],[-73.9481,40.553688],[-73.948071,40.554106],[-73.948024,40.554059],[-73.948003,40.553596]],[[-73.908503,40.553091],[-73.908478,40.553164],[-73.908657,40.553215],[-73.908812,40.553133],[-73.908503,40.553091]],[[-73.95304,40.551821],[-73.952998,40.551898],[-73.953009,40.552727],[-73.953125,40.552022],[-73.95304,40.551821]],[[-73.91162,40.551738],[-73.91162,40.551915],[-73.910105,40.552361],[-73.909923,40.552604],[-73.90954,40.552762],[-73.909892,40.552774],[-73.910207,40.552546],[-73.910649,40.552546],[-73.911034,40.552157],[-73.911219,40.552243],[-73.911669,40.552145],[-73.911836,40.551867],[-73.91162,40.551738]],[[-73.913256,40.551062],[-73.913016,40.551096],[-73.912983,40.551127],[-73.913194,40.551241],[-73.91333,40.551065],[-73.913256,40.551062]],[[-73.91517,40.550781],[-73.915201,40.550832],[-73.915298,40.550818],[-73.915262,40.550777],[-73.91517,40.550781]],[[-73.914028,40.55068],[-73.91412,40.550951],[-73.914269,40.55088],[-73.91412,40.55069],[-73.914028,40.55068]],[[-73.916312,40.550196],[-73.916084,40.550355],[-73.916127,40.550445],[-73.916466,40.550324],[-73.916312,40.550196]],[[-73.91517,40.550196],[-73.915077,40.550329],[-73.914834,40.550262],[-73.914992,40.550509],[-73.914645,40.550702],[-73.914491,40.550694],[-73.914454,40.550509],[-73.914354,40.550509],[-73.914398,40.550708],[-73.914645,40.550823],[-73.915001,40.550756],[-73.915493,40.550231],[-73.91517,40.550196]],[[-73.915849,40.550037],[-73.915739,40.550139],[-73.915849,40.550218],[-73.915916,40.550077],[-73.915849,40.550037]],[[-73.917145,40.549455],[-73.916435,40.549707],[-73.916354,40.549923],[-73.916528,40.550048],[-73.916655,40.549892],[-73.916867,40.549903],[-73.917027,40.549552],[-73.917244,40.549552],[-73.917238,40.549444],[-73.917145,40.549455]],[[-73.918657,40.548979],[-73.918664,40.54909],[-73.918843,40.549164],[-73.918769,40.549028],[-73.918657,40.548979]],[[-73.919151,40.54875],[-73.919084,40.548966],[-73.919275,40.549096],[-73.919245,40.54875],[-73.919151,40.54875]],[[-73.921065,40.548118],[-73.921028,40.548194],[-73.921096,40.548218],[-73.921134,40.548164],[-73.921065,40.548118]],[[-73.921373,40.548009],[-73.921265,40.548133],[-73.921343,40.548211],[-73.921437,40.548133],[-73.921373,40.548009]],[[-73.922917,40.547572],[-73.922892,40.547639],[-73.922948,40.547691],[-73.923004,40.547577],[-73.922917,40.547572]],[[-73.92375,40.547224],[-73.923666,40.547361],[-73.923843,40.547488],[-73.923915,40.547299],[-73.92375,40.547224]],[[-73.924306,40.547083],[-73.924218,40.547176],[-73.924306,40.547328],[-73.924399,40.547176],[-73.924306,40.547083]],[[-73.947762,40.547046],[-73.947706,40.547114],[-73.947762,40.547164],[-73.947809,40.547114],[-73.947762,40.547046]],[[-73.924954,40.546888],[-73.924821,40.546991],[-73.924892,40.547084],[-73.92497,40.547022],[-73.924954,40.546888]],[[-73.925293,40.546768],[-73.925292,40.546898],[-73.92541,40.546898],[-73.925417,40.546814],[-73.925293,40.546768]],[[-73.925725,40.54665],[-73.925681,40.546713],[-73.925756,40.546776],[-73.92581,40.546682],[-73.925725,40.54665]],[[-73.926127,40.546519],[-73.926103,40.54659],[-73.926188,40.546633],[-73.926227,40.546528],[-73.926127,40.546519]],[[-73.945517,40.541528],[-73.946034,40.541505],[-73.947083,40.541957],[-73.947267,40.542207],[-73.947301,40.542454],[-73.947207,40.542577],[-73.947392,40.54253],[-73.947485,40.542148],[-73.947639,40.542189],[-73.947992,40.542454],[-73.948565,40.543205],[-73.948826,40.543349],[-73.949355,40.544336],[-73.949724,40.544738],[-73.95017,40.544693],[-73.950571,40.544922],[-73.950802,40.545509],[-73.951331,40.546281],[-73.951903,40.546867],[-73.952283,40.547855],[-73.952421,40.548534],[-73.952147,40.548812],[-73.952129,40.549213],[-73.952454,40.549698],[-73.952565,40.55017],[-73.952865,40.550694],[-73.953359,40.552392],[-73.953305,40.553256],[-73.953123,40.553935],[-73.9528,40.554892],[-73.952342,40.555725],[-73.95025,40.558194],[-73.94911,40.559182],[-73.948441,40.559452],[-73.946867,40.55959],[-73.946488,40.559151],[-73.946827,40.55838],[-73.948049,40.556929],[-73.94836,40.556343],[-73.948405,40.556003],[-73.948306,40.555664],[-73.948124,40.555509],[-73.948403,40.555077],[-73.948508,40.554645],[-73.948192,40.553904],[-73.948468,40.552361],[-73.948431,40.549552],[-73.948304,40.548719],[-73.947917,40.54743],[-73.947841,40.547731],[-73.947672,40.547762],[-73.947482,40.546806],[-73.945765,40.543627],[-73.945778,40.542515],[-73.945616,40.542207],[-73.945517,40.541528]],[[-73.76,40.586714],[-73.760417,40.58655],[-73.760664,40.587],[-73.761373,40.586977],[-73.761723,40.58733],[-73.761559,40.587742],[-73.760319,40.588565],[-73.760243,40.58875],[-73.761188,40.588866],[-73.762701,40.588869],[-73.763441,40.58874],[-73.763692,40.588812],[-73.763568,40.589213],[-73.762626,40.589985],[-73.7626,40.59017],[-73.763071,40.590266],[-73.764151,40.590255],[-73.765571,40.590187],[-73.765633,40.590101],[-73.765941,40.590211],[-73.766528,40.590212],[-73.766929,40.590164],[-73.767052,40.590046],[-73.767515,40.590086],[-73.767917,40.589813],[-73.769059,40.589916],[-73.775046,40.589084],[-73.777485,40.58863],[-73.777855,40.588704],[-73.77983,40.588234],[-73.781836,40.587972],[-73.782824,40.58765],[-73.784429,40.587482],[-73.787515,40.586966],[-73.788318,40.586739],[-73.789244,40.586793],[-73.790664,40.5864],[-73.791898,40.58629],[-73.792886,40.58597],[-73.793071,40.586011],[-73.793164,40.585858],[-73.792918,40.585787],[-73.793348,40.585633],[-73.793781,40.585615],[-73.793677,40.585725],[-73.793812,40.585753],[-73.794522,40.585711],[-73.795139,40.58558],[-73.795787,40.58528],[-73.797546,40.585216],[-73.798009,40.585014],[-73.799866,40.584583],[-73.799946,40.58446],[-73.800625,40.584182],[-73.801466,40.584085],[-73.802824,40.584147],[-73.804614,40.58377],[-73.805132,40.583565],[-73.805183,40.58341],[-73.805417,40.583313],[-73.806466,40.583201],[-73.80644,40.583349],[-73.80696,40.583375],[-73.807824,40.582858],[-73.808843,40.582708],[-73.809367,40.582774],[-73.810417,40.582344],[-73.812114,40.582107],[-73.812948,40.581744],[-73.816239,40.580972],[-73.817423,40.580494],[-73.820139,40.579895],[-73.821744,40.579303],[-73.823997,40.578721],[-73.824182,40.578844],[-73.824522,40.57876],[-73.826096,40.57823],[-73.826179,40.578133],[-73.826062,40.578071],[-73.826157,40.578021],[-73.826242,40.57804],[-73.826211,40.578164],[-73.826497,40.578153],[-73.827016,40.577824],[-73.827948,40.577538],[-73.828472,40.577526],[-73.829244,40.577213],[-73.828901,40.577207],[-73.82983,40.576766],[-73.830509,40.576642],[-73.830321,40.576806],[-73.83054,40.576806],[-73.83409,40.575479],[-73.834552,40.575555],[-73.834738,40.575371],[-73.835386,40.575216],[-73.835509,40.575035],[-73.835818,40.574904],[-73.838256,40.574008],[-73.838973,40.573873],[-73.83983,40.573491],[-73.841211,40.573133],[-73.841991,40.572731],[-73.843534,40.572478],[-73.844769,40.571971],[-73.846476,40.571528],[-73.846584,40.571466],[-73.846464,40.571404],[-73.84662,40.571211],[-73.846991,40.571213],[-73.847022,40.571374],[-73.848577,40.570324],[-73.85054,40.56974],[-73.85091,40.569778],[-73.851122,40.569583],[-73.852701,40.568928],[-73.854275,40.568585],[-73.854398,40.568737],[-73.854769,40.568412],[-73.855448,40.568506],[-73.856127,40.56815],[-73.856425,40.567731],[-73.856535,40.567731],[-73.856435,40.567938],[-73.856688,40.567886],[-73.856815,40.567793],[-73.856601,40.56767],[-73.85731,40.567392],[-73.867577,40.56435],[-73.876836,40.561435],[-73.877145,40.561472],[-73.877238,40.561298],[-73.879614,40.560348],[-73.883935,40.558818],[-73.893534,40.555941],[-73.900818,40.554262],[-73.900944,40.554275],[-73.900787,40.554417],[-73.901148,40.554367],[-73.903349,40.553766],[-73.906295,40.55267],[-73.906604,40.552515],[-73.906035,40.552577],[-73.908565,40.551536],[-73.914552,40.5494],[-73.916281,40.548661],[-73.924769,40.546062],[-73.930355,40.544562],[-73.931713,40.544098],[-73.935077,40.543334],[-73.937978,40.542029],[-73.940108,40.540623],[-73.940355,40.540526],[-73.94054,40.54068],[-73.940694,40.540149],[-73.941037,40.540262],[-73.940895,40.541096],[-73.941205,40.542701],[-73.941056,40.544799],[-73.941386,40.547762],[-73.941528,40.54801],[-73.942052,40.547669],[-73.942382,40.547793],[-73.942293,40.547948],[-73.9425,40.548194],[-73.942384,40.548657],[-73.942586,40.549151],[-73.942623,40.549799],[-73.9424,40.551682],[-73.942175,40.552577],[-73.941809,40.55338],[-73.941098,40.554398],[-73.940171,40.555417],[-73.937587,40.557485],[-73.93662,40.558023],[-73.933955,40.559059],[-73.93071,40.560571],[-73.930098,40.560664],[-73.929957,40.560941],[-73.929148,40.56125],[-73.929117,40.561404],[-73.928719,40.561289],[-73.928625,40.561343],[-73.928688,40.561478],[-73.925231,40.562284],[-73.923071,40.562588],[-73.921836,40.562617],[-73.91909,40.563084],[-73.917047,40.564028],[-73.91483,40.564722],[-73.912577,40.565639],[-73.911991,40.565636],[-73.911836,40.56573],[-73.910725,40.56558],[-73.908873,40.565057],[-73.907948,40.564991],[-73.906034,40.565144],[-73.903472,40.565649],[-73.902392,40.565694],[-73.900787,40.565964],[-73.900046,40.566241],[-73.899716,40.56625],[-73.899707,40.566458],[-73.898657,40.566595],[-73.897392,40.567009],[-73.893683,40.568688],[-73.892639,40.569003],[-73.889244,40.56904],[-73.886096,40.568853],[-73.885664,40.56894],[-73.884892,40.568711],[-73.884182,40.568821],[-73.884059,40.56865],[-73.88453,40.56838],[-73.88448,40.568164],[-73.884336,40.568078],[-73.883985,40.568225],[-73.883935,40.568536],[-73.882423,40.568654],[-73.882176,40.568892],[-73.88091,40.568864],[-73.877392,40.569231],[-73.873935,40.57075],[-73.873367,40.571157],[-73.871929,40.571715],[-73.87088,40.572306],[-73.868318,40.573378],[-73.865408,40.574769],[-73.863353,40.575972],[-73.863158,40.576188],[-73.863071,40.57613],[-73.862515,40.576373],[-73.860918,40.577238],[-73.860108,40.577817],[-73.857485,40.579095],[-73.855417,40.580437],[-73.855231,40.580803],[-73.85448,40.581188],[-73.853441,40.581393],[-73.85326,40.58159],[-73.852453,40.581929],[-73.852022,40.58188],[-73.850633,40.582239],[-73.848596,40.582232],[-73.845972,40.581882],[-73.842577,40.581977],[-73.840509,40.582168],[-73.839614,40.582316],[-73.838688,40.58289],[-73.835972,40.583025],[-73.832176,40.58393],[-73.83159,40.584313],[-73.831343,40.584224],[-73.830756,40.584292],[-73.828673,40.584892],[-73.828311,40.585849],[-73.827917,40.586212],[-73.824306,40.587297],[-73.822917,40.587596],[-73.821528,40.586978],[-73.821127,40.587018],[-73.81946,40.587933],[-73.819429,40.588826],[-73.818979,40.588719],[-73.818938,40.588472],[-73.818812,40.588402],[-73.818692,40.588503],[-73.818797,40.588688],[-73.818719,40.588854],[-73.817793,40.58887],[-73.81763,40.589336],[-73.81733,40.589705],[-73.817145,40.589699],[-73.816343,40.59012],[-73.815785,40.59054],[-73.815386,40.590627],[-73.81493,40.591188],[-73.81246,40.592361],[-73.811559,40.592996],[-73.810694,40.593219],[-73.810648,40.59304],[-73.810478,40.593005],[-73.810584,40.593225],[-73.81052,40.593349],[-73.809738,40.593752],[-73.80909,40.593733],[-73.808646,40.59338],[-73.80755,40.592793],[-73.806034,40.592281],[-73.80554,40.591937],[-73.804985,40.591883],[-73.804769,40.591605],[-73.804645,40.591591],[-73.804535,40.591744],[-73.804861,40.591962],[-73.807855,40.593112],[-73.808627,40.593671],[-73.80877,40.593935],[-73.80787,40.595201],[-73.807224,40.595756],[-73.807052,40.596074],[-73.806744,40.596203],[-73.805972,40.595932],[-73.804508,40.59517],[-73.803838,40.59412],[-73.80373,40.593812],[-73.803722,40.593133],[-73.803318,40.592873],[-73.80304,40.59296],[-73.802855,40.592755],[-73.80265,40.592824],[-73.802623,40.593441],[-73.802901,40.594336],[-73.803441,40.594436],[-73.803519,40.594707],[-73.803683,40.594799],[-73.803519,40.594985],[-73.803873,40.595003],[-73.804398,40.595647],[-73.804643,40.595756],[-73.804555,40.595941],[-73.804885,40.596343],[-73.805412,40.59733],[-73.805156,40.597608],[-73.80483,40.598345],[-73.803735,40.599306],[-73.803719,40.599738],[-73.801929,40.600145],[-73.799738,40.600365],[-73.798071,40.600337],[-73.797823,40.600231],[-73.797875,40.599985],[-73.797022,40.599908],[-73.794799,40.600137],[-73.794275,40.600612],[-73.793318,40.600576],[-73.792361,40.600894],[-73.78907,40.603164],[-73.788565,40.603324],[-73.787485,40.60424],[-73.786837,40.604151],[-73.786188,40.603739],[-73.785756,40.602994],[-73.785725,40.602755],[-73.786719,40.602361],[-73.787067,40.602052],[-73.787779,40.60088],[-73.788287,40.600448],[-73.789676,40.599597],[-73.790089,40.59909],[-73.790917,40.597176],[-73.790904,40.59662],[-73.790731,40.596157],[-73.790787,40.596001],[-73.790617,40.595818],[-73.790787,40.595773],[-73.79091,40.595572],[-73.790831,40.595262],[-73.790446,40.594923],[-73.78983,40.594905],[-73.78944,40.595417],[-73.789536,40.595694],[-73.789431,40.596188],[-73.789519,40.596991],[-73.789306,40.598267],[-73.78804,40.599017],[-73.787335,40.599552],[-73.787011,40.599985],[-73.786188,40.600475],[-73.78582,40.601003],[-73.785839,40.601312],[-73.785541,40.601744],[-73.784943,40.602083],[-73.785182,40.602176],[-73.7852,40.602454],[-73.78453,40.603349],[-73.784412,40.603719],[-73.784435,40.604275],[-73.78476,40.605]]]}},
{"type":"Feature","properties":{"depthFt":10},"geometry":{"type":"MultiLineString","coordinates":[[[-73.899472,40.605],[-73.900077,40.604901],[-73.900457,40.605]],[[-73.903822,40.605],[-73.904614,40.604767],[-73.905293,40.604793],[-73.905493,40.605]],[[-73.908177,40.605],[-73.90838,40.604033],[-73.909552,40.603609],[-73.91091,40.603363],[-73.912978,40.603593],[-73.91375,40.603835],[-73.914978,40.605]],[[-73.838966,40.602885],[-73.83912,40.60299],[-73.839299,40.602978],[-73.839059,40.602864],[-73.838966,40.602885]],[[-73.874499,40.605],[-73.874477,40.604738],[-73.874022,40.603565],[-73.874038,40.603133],[-73.873916,40.602793],[-73.873993,40.602731],[-73.874614,40.602756],[-73.875139,40.602974],[-73.875732,40.60341],[-73.876157,40.603981],[-73.876806,40.604288],[-73.877176,40.60418],[-73.87758,40.604367],[-73.878426,40.605]],[[-73.824521,40.605],[-73.8247,40.604336],[-73.824946,40.604028],[-73.824694,40.603873],[-73.824886,40.603657],[-73.824871,40.603441],[-73.825208,40.602824],[-73.824985,40.602569],[-73.824799,40.602674],[-73.824429,40.603349],[-73.824191,40.604182],[-73.824182,40.60436],[-73.824444,40.604799],[-73.824438,40.605]],[[-73.837392,40.602203],[-73.837557,40.602361],[-73.838402,40.602608],[-73.838164,40.602439],[-73.837392,40.602203]],[[-73.794623,40.605],[-73.794979,40.604799],[-73.795448,40.604645],[-73.796219,40.603918],[-73.796929,40.603444],[-73.79733,40.603318],[-73.797731,40.603387],[-73.798349,40.603287],[-73.80017,40.602672],[-73.80267,40.602325],[-73.803256,40.602152],[-73.803641,40.602238],[-73.80375,40.602477],[-73.80409,40.602521],[-73.804221,40.60267],[-73.804359,40.603133],[-73.804258,40.60341],[-73.804511,40.604367],[-73.804735,40.605]],[[-73.815509,40.601764],[-73.815476,40.602022],[-73.815509,40.602128],[-73.815593,40.60196],[-73.815509,40.601764]],[[-73.825849,40.601458],[-73.825022,40.60233],[-73.825015,40.602546],[-73.825389,40.602454],[-73.825273,40.602238],[-73.825479,40.602145],[-73.825736,40.601713],[-73.826003,40.601664],[-73.825849,40.601458]],[[-73.815386,40.600999],[-73.815307,40.601096],[-73.815509,40.601476],[-73.815543,40.60125],[-73.815386,40.600999]],[[-73.827207,40.600598],[-73.826408,40.600941],[-73.826373,40.601003],[-73.826836,40.600999],[-73.827312,40.600602],[-73.827207,40.600598]],[[-73.824985,40.600369],[-73.825011,40.600509],[-73.825145,40.600448],[-73.825077,40.600367],[-73.824985,40.600369]],[[-73.824306,40.599889],[-73.82434,40.600015],[-73.824572,40.600077],[-73.824514,40.599923],[-73.824306,40.599889]],[[-73.815231,40.599853],[-73.815173,40.600201],[-73.815386,40.600741],[-73.815479,40.60054],[-73.81542,40.600108],[-73.815231,40.599853]],[[-73.918503,40.599758],[-73.918406,40.599892],[-73.918506,40.600015],[-73.918442,40.600139],[-73.918596,40.600265],[-73.918966,40.599938],[-73.919059,40.600238],[-73.919634,40.600015],[-73.918503,40.599758]],[[-73.801034,40.599674],[-73.801096,40.599721],[-73.801214,40.599707],[-73.801157,40.599676],[-73.801034,40.599674]],[[-73.82392,40.605],[-73.823528,40.604676],[-73.823332,40.604336],[-73.823486,40.603904],[-73.823657,40.603742],[-73.823723,40.60341],[-73.824645,40.602516],[-73.825047,40.601836],[-73.825952,40.600972],[-73.826682,40.600464],[-73.82841,40.599813],[-73.829676,40.599464],[-73.83125,40.599339],[-73.833223,40.599552],[-73.832269,40.599148],[-73.831188,40.598979],[-73.830448,40.598996],[-73.828129,40.599552],[-73.827705,40.599769],[-73.827639,40.599942],[-73.826713,40.600374],[-73.826096,40.600359],[-73.825046,40.601203],[-73.824614,40.601755],[-73.824365,40.60233],[-73.82412,40.602462],[-73.823632,40.603133],[-73.823447,40.60375],[-73.823222,40.604059],[-73.823218,40.604336],[-73.823075,40.60446],[-73.823061,40.605]],[[-73.916219,40.598606],[-73.915946,40.598873],[-73.916649,40.599244],[-73.916984,40.599306],[-73.916219,40.598606]],[[-73.923071,40.598593],[-73.922824,40.598775],[-73.922608,40.599247],[-73.921682,40.599927],[-73.920231,40.600272],[-73.920142,40.600571],[-73.920229,40.600818],[-73.920694,40.600783],[-73.921744,40.601275],[-73.922809,40.60091],[-73.923613,40.599707],[-73.923441,40.599372],[-73.923122,40.599244],[-73.923372,40.598843],[-73.923071,40.598593]],[[-73.824769,40.598435],[-73.824326,40.598904],[-73.824306,40.59933],[-73.825262,40.59934],[-73.825348,40.599151],[-73.824941,40.598503],[-73.824769,40.598435]],[[-73.924398,40.598287],[-73.924096,40.598534],[-73.924112,40.598812],[-73.924345,40.598812],[-73.924709,40.598503],[-73.924623,40.598349],[-73.924398,40.598287]],[[-73.922948,40.59811],[-73.922913,40.598194],[-73.922948,40.598228],[-73.923003,40.598164],[-73.922948,40.59811]],[[-73.915262,40.597657],[-73.915518,40.598287],[-73.915775,40.59841],[-73.915786,40.59804],[-73.915262,40.597657]],[[-73.773638,40.605],[-73.773715,40.604707],[-73.773993,40.604336],[-73.77425,40.603565],[-73.774007,40.602886],[-73.774306,40.602655],[-73.775664,40.602458],[-73.777019,40.601373],[-73.77789,40.600293],[-73.778194,40.60012],[-73.778688,40.600111],[-73.778935,40.600324],[-73.779837,40.600417],[-73.779887,40.600262],[-73.780293,40.60004],[-73.780448,40.599791],[-73.781003,40.59953],[-73.781157,40.599235],[-73.78176,40.598873],[-73.781622,40.59838],[-73.780818,40.597721],[-73.780417,40.597592],[-73.77983,40.597595],[-73.778956,40.598009],[-73.778903,40.598287],[-73.778534,40.598301],[-73.777886,40.598849],[-73.777005,40.600417],[-73.7762,40.601404],[-73.775725,40.60172],[-73.774614,40.602097],[-73.774486,40.602052],[-73.77459,40.601775],[-73.774381,40.601466],[-73.77448,40.601188],[-73.774429,40.600914],[-73.773904,40.600227],[-73.773776,40.599861],[-73.773869,40.59909],[-73.773463,40.598657],[-73.77273,40.598472],[-73.772485,40.598145],[-73.771127,40.598471],[-73.770478,40.59839],[-73.770095,40.598472],[-73.770293,40.598752],[-73.771127,40.598676],[-73.771404,40.598815],[-73.771535,40.599028],[-73.771558,40.599799],[-73.771244,40.601682],[-73.771287,40.602145],[-73.77115,40.602546],[-73.771312,40.603098],[-73.771651,40.603164],[-73.771836,40.603083],[-73.771929,40.602335],[-73.772454,40.602545],[-73.772688,40.602855],[-73.772423,40.603313],[-73.77168,40.603935],[-73.771698,40.605]],[[-73.914398,40.596682],[-73.914322,40.596744],[-73.914376,40.597114],[-73.914819,40.597145],[-73.914781,40.596929],[-73.914398,40.596682]],[[-73.865157,40.605],[-73.866312,40.603469],[-73.867577,40.600981],[-73.868414,40.598565],[-73.868578,40.596713],[-73.868719,40.596499],[-73.869151,40.596756],[-73.86935,40.597052],[-73.869429,40.597574],[-73.869998,40.598009],[-73.870112,40.598287],[-73.871373,40.599005],[-73.871682,40.599305],[-73.872082,40.601065],[-73.872009,40.602207],[-73.872351,40.605]],[[-73.789763,40.596065],[-73.789892,40.596104],[-73.789892,40.596171],[-73.789769,40.596181],[-73.789763,40.596065]],[[-73.7902,40.595509],[-73.790324,40.595596],[-73.790324,40.595954],[-73.790164,40.595818],[-73.7902,40.595509]],[[-73.809691,40.593997],[-73.809738,40.593976],[-73.809786,40.593997],[-73.809651,40.594059],[-73.809691,40.593997]],[[-73.918133,40.593995],[-73.91807,40.59409],[-73.918178,40.594213],[-73.918608,40.594306],[-73.918133,40.593995]],[[-73.820026,40.593719],[-73.820077,40.593696],[-73.82014,40.593719],[-73.820015,40.593806],[-73.820026,40.593719]],[[-73.806014,40.605],[-73.805944,40.60483],[-73.80575,40.603997],[-73.805677,40.603287],[-73.805803,40.602238],[-73.805963,40.601991],[-73.805861,40.601775],[-73.805907,40.601559],[-73.806713,40.600793],[-73.806761,40.600602],[-73.806962,40.600448],[-73.807022,40.600158],[-73.808503,40.599378],[-73.809676,40.59844],[-73.810756,40.597964],[-73.811461,40.597793],[-73.811528,40.597602],[-73.812805,40.596682],[-73.813475,40.596034],[-73.814052,40.595139],[-73.814676,40.594627],[-73.816435,40.593599],[-73.817467,40.593349],[-73.816341,40.595355],[-73.816054,40.596404],[-73.815782,40.599244],[-73.816024,40.601003],[-73.815725,40.602867],[-73.815805,40.603596],[-73.815518,40.604491],[-73.815162,40.605]],[[-73.81504,40.605],[-73.81481,40.604923],[-73.814707,40.604686],[-73.814538,40.604707],[-73.814361,40.605]],[[-73.912299,40.592574],[-73.912161,40.592762],[-73.912207,40.592924],[-73.912734,40.592978],[-73.91267,40.592657],[-73.912299,40.592574]],[[-73.818593,40.592546],[-73.818657,40.592563],[-73.818657,40.59264],[-73.81857,40.592608],[-73.818593,40.592546]],[[-73.804676,40.591646],[-73.804632,40.591744],[-73.804769,40.591806],[-73.80474,40.591651],[-73.804676,40.591646]],[[-73.851435,40.591184],[-73.851466,40.591308],[-73.851657,40.591281],[-73.851528,40.591188],[-73.851435,40.591184]],[[-73.852238,40.59053],[-73.852238,40.590586],[-73.852382,40.590571],[-73.852299,40.590516],[-73.852238,40.59053]],[[-73.766713,40.58986],[-73.76662,40.589929],[-73.766536,40.590015],[-73.766651,40.59],[-73.766713,40.58986]],[[-73.766435,40.589799],[-73.76643,40.589861],[-73.766497,40.589885],[-73.766497,40.589801],[-73.766435,40.589799]],[[-73.765292,40.589552],[-73.765493,40.589614],[-73.764892,40.589818],[-73.764804,40.589738],[-73.764861,40.589637],[-73.765292,40.589552]],[[-73.85841,40.58894],[-73.858386,40.58909],[-73.858627,40.589249],[-73.859522,40.58952],[-73.86075,40.589707],[-73.85841,40.58894]],[[-73.765187,40.588627],[-73.765707,40.588873],[-73.765716,40.588997],[-73.765286,40.58912],[-73.765013,40.588843],[-73.765187,40.588627]],[[-73.787731,40.586712],[-73.787238,40.586795],[-73.787196,40.586867],[-73.787546,40.586881],[-73.787989,40.586713],[-73.787731,40.586712]],[[-73.789028,40.586521],[-73.788997,40.586592],[-73.789153,40.586559],[-73.78913,40.586528],[-73.789028,40.586521]],[[-73.816843,40.605],[-73.817589,40.603997],[-73.817948,40.602608],[-73.81842,40.601343],[-73.818465,40.60054],[-73.818591,40.600355],[-73.818814,40.598812],[-73.819366,40.597176],[-73.819549,40.597052],[-73.819629,40.59659],[-73.819947,40.596003],[-73.82042,40.595448],[-73.820386,40.595231],[-73.821065,40.594541],[-73.821559,40.594213],[-73.821698,40.593966],[-73.821682,40.593844],[-73.821497,40.593823],[-73.821157,40.594274],[-73.821034,40.594101],[-73.820611,40.59412],[-73.820769,40.593873],[-73.82054,40.59375],[-73.820726,40.593472],[-73.820625,40.59338],[-73.820754,40.593102],[-73.820635,40.592577],[-73.820725,40.592399],[-73.821003,40.592334],[-73.821127,40.592094],[-73.821713,40.591951],[-73.821775,40.592098],[-73.821528,40.592202],[-73.821188,40.592577],[-73.821528,40.59265],[-73.82196,40.592476],[-73.82233,40.592488],[-73.822731,40.59221],[-73.822874,40.591836],[-73.823292,40.591343],[-73.823843,40.591088],[-73.823954,40.591096],[-73.823501,40.591559],[-73.823873,40.591734],[-73.824204,40.591682],[-73.824834,40.591312],[-73.824694,40.59091],[-73.824878,40.590664],[-73.825589,40.590293],[-73.826188,40.590238],[-73.826576,40.589892],[-73.827305,40.589583],[-73.827657,40.588935],[-73.828349,40.588479],[-73.829738,40.587897],[-73.830046,40.587965],[-73.830077,40.58822],[-73.830231,40.588307],[-73.831034,40.588154],[-73.832835,40.587145],[-73.833228,40.586713],[-73.834379,40.586065],[-73.834491,40.585824],[-73.835108,40.585564],[-73.836312,40.585792],[-73.837022,40.585623],[-73.838133,40.585791],[-73.83912,40.585645],[-73.83948,40.585756],[-73.839552,40.585944],[-73.839861,40.586113],[-73.841404,40.586358],[-73.842238,40.586766],[-73.842394,40.587114],[-73.843227,40.587515],[-73.849058,40.58946],[-73.84943,40.589676],[-73.849203,40.591096],[-73.848769,40.592423],[-73.847447,40.595077],[-73.846289,40.597793],[-73.846376,40.59875],[-73.846528,40.598932],[-73.847485,40.598225],[-73.848287,40.597257],[-73.848491,40.597299],[-73.848405,40.598318],[-73.847546,40.599834],[-73.846844,40.600478],[-73.845725,40.60126],[-73.844398,40.601921],[-73.840265,40.602948],[-73.839429,40.602869],[-73.839379,40.60304],[-73.83954,40.603164],[-73.83946,40.603256],[-73.837731,40.603966],[-73.83766,40.60412],[-73.837855,40.604285],[-73.840551,40.603688],[-73.84159,40.603642],[-73.843989,40.603164],[-73.845825,40.602269],[-73.846991,40.601323],[-73.847793,40.60118],[-73.848133,40.600925],[-73.848966,40.599984],[-73.849315,40.599244],[-73.849829,40.596836],[-73.85068,40.593812],[-73.850896,40.592238],[-73.851258,40.590849],[-73.851466,40.590458],[-73.852114,40.590354],[-73.852948,40.590473],[-73.861651,40.592998],[-73.863102,40.593618],[-73.865201,40.594076],[-73.867104,40.594738],[-73.867259,40.594954],[-73.866947,40.596003],[-73.866901,40.597608],[-73.866449,40.599676],[-73.865724,40.601188],[-73.864945,40.602238],[-73.864828,40.60267],[-73.863518,40.605]],[[-73.763208,40.585324],[-73.76338,40.585405],[-73.763494,40.585664],[-73.76339,40.585633],[-73.763208,40.585324]],[[-73.798102,40.584847],[-73.798042,40.584892],[-73.79821,40.584861],[-73.798164,40.584836],[-73.798102,40.584847]],[[-73.902718,40.584799],[-73.903384,40.585324],[-73.90375,40.585781],[-73.903565,40.585862],[-73.902917,40.585219],[-73.902718,40.584799]],[[-73.76,40.585848],[-73.760108,40.585719],[-73.760445,40.585633],[-73.760369,40.585293],[-73.76002,40.585231],[-73.760352,40.584676],[-73.760298,40.584954],[-73.760448,40.585055],[-73.760972,40.584743],[-73.761298,40.584769],[-73.760664,40.586049],[-73.76,40.585921]],[[-73.802886,40.583934],[-73.802849,40.583997],[-73.802988,40.583966],[-73.802948,40.583934],[-73.802886,40.583934]],[[-73.898041,40.582639],[-73.898117,40.582701],[-73.89804,40.58277],[-73.897988,40.582701],[-73.898041,40.582639]],[[-73.951274,40.582608],[-73.951373,40.582592],[-73.951712,40.582701],[-73.951188,40.582902],[-73.951164,40.582731],[-73.951274,40.582608]],[[-73.953133,40.582236],[-73.953056,40.582269],[-73.95304,40.58233],[-73.953164,40.582352],[-73.953133,40.582236]],[[-73.952423,40.58217],[-73.950077,40.582432],[-73.948722,40.582207],[-73.948313,40.582238],[-73.948665,40.582485],[-73.948812,40.582869],[-73.949892,40.5828],[-73.949776,40.583164],[-73.950015,40.583219],[-73.950194,40.583133],[-73.950231,40.582749],[-73.950624,40.582762],[-73.950549,40.58304],[-73.950694,40.583108],[-73.952547,40.582917],[-73.952635,40.582824],[-73.952537,40.582701],[-73.952619,40.582485],[-73.952834,40.582207],[-73.952423,40.58217]],[[-73.928472,40.581733],[-73.928133,40.581852],[-73.928116,40.581898],[-73.928565,40.581839],[-73.928472,40.581733]],[[-73.934053,40.581466],[-73.934182,40.581474],[-73.934296,40.58162],[-73.933993,40.58159],[-73.934053,40.581466]],[[-73.929522,40.581462],[-73.92912,40.581604],[-73.928945,40.581713],[-73.929681,40.581559],[-73.929522,40.581462]],[[-73.869489,40.581312],[-73.869861,40.581302],[-73.870064,40.581466],[-73.870289,40.58267],[-73.870656,40.583071],[-73.871509,40.588071],[-73.871065,40.58793],[-73.870633,40.588704],[-73.870293,40.588891],[-73.869769,40.589539],[-73.869306,40.589645],[-73.868997,40.589949],[-73.86804,40.590301],[-73.867855,40.590805],[-73.867576,40.590941],[-73.867454,40.591143],[-73.867052,40.591235],[-73.866835,40.591651],[-73.866281,40.591537],[-73.865571,40.591173],[-73.864367,40.590927],[-73.862423,40.59024],[-73.860725,40.589857],[-73.85912,40.589591],[-73.857731,40.589546],[-73.85733,40.589361],[-73.854923,40.588968],[-73.853871,40.58841],[-73.853017,40.587793],[-73.852939,40.587515],[-73.853088,40.587052],[-73.853055,40.586806],[-73.854336,40.586192],[-73.855108,40.586042],[-73.855108,40.586476],[-73.855417,40.586537],[-73.855592,40.586744],[-73.856051,40.586898],[-73.856171,40.587546],[-73.856497,40.587583],[-73.856651,40.58777],[-73.85698,40.587886],[-73.85705,40.588225],[-73.857392,40.588449],[-73.85767,40.588211],[-73.858719,40.587788],[-73.85912,40.587202],[-73.859985,40.586316],[-73.860756,40.586046],[-73.862207,40.585062],[-73.863895,40.583287],[-73.86446,40.583054],[-73.865324,40.583121],[-73.865818,40.58291],[-73.866682,40.582204],[-73.867639,40.581816],[-73.869489,40.581312]],[[-73.926096,40.580894],[-73.926065,40.581024],[-73.926219,40.580972],[-73.926188,40.58089],[-73.926096,40.580894]],[[-73.907449,40.580201],[-73.907577,40.580228],[-73.907589,40.580417],[-73.907453,40.580355],[-73.907449,40.580201]],[[-73.927793,40.580108],[-73.926889,40.580324],[-73.926611,40.580941],[-73.92625,40.581084],[-73.926125,40.581343],[-73.92696,40.581587],[-73.927392,40.5815],[-73.927929,40.58196],[-73.927843,40.581713],[-73.928391,40.581404],[-73.928386,40.580664],[-73.928101,40.58017],[-73.927793,40.580108]],[[-73.903549,40.577978],[-73.904147,40.57804],[-73.904519,40.578565],[-73.904151,40.578725],[-73.904059,40.578906],[-73.903935,40.578896],[-73.903196,40.578194],[-73.903549,40.577978]],[[-73.909078,40.577485],[-73.909186,40.577546],[-73.908951,40.577546],[-73.908995,40.577515],[-73.909078,40.577485]],[[-73.910571,40.577415],[-73.91048,40.577485],[-73.910756,40.577538],[-73.910947,40.577454],[-73.910571,40.577415]],[[-73.930201,40.575659],[-73.929583,40.575895],[-73.928899,40.57662],[-73.928593,40.577546],[-73.929099,40.578009],[-73.92923,40.578503],[-73.930217,40.580633],[-73.93025,40.581003],[-73.930027,40.581219],[-73.930262,40.581179],[-73.930478,40.581533],[-73.930936,40.58159],[-73.930571,40.581772],[-73.930623,40.582083],[-73.931613,40.582762],[-73.932145,40.582859],[-73.933287,40.582569],[-73.934861,40.582809],[-73.936466,40.582681],[-73.937392,40.582997],[-73.938534,40.582716],[-73.939892,40.582933],[-73.940651,40.582886],[-73.940972,40.582602],[-73.941188,40.582566],[-73.941632,40.58267],[-73.941835,40.582978],[-73.941784,40.583164],[-73.941867,40.583256],[-73.941978,40.58304],[-73.942207,40.582952],[-73.942485,40.583173],[-73.942793,40.582987],[-73.943009,40.583205],[-73.943071,40.583056],[-73.943251,40.58304],[-73.943318,40.582853],[-73.943596,40.582754],[-73.944057,40.582886],[-73.944059,40.583001],[-73.943904,40.583071],[-73.944059,40.58322],[-73.944151,40.58309],[-73.94446,40.58308],[-73.944614,40.583189],[-73.94483,40.583076],[-73.945108,40.583231],[-73.945262,40.583084],[-73.94554,40.58306],[-73.945694,40.583209],[-73.946096,40.583108],[-73.946806,40.583211],[-73.947114,40.583147],[-73.947485,40.583349],[-73.947972,40.583287],[-73.947834,40.583009],[-73.947885,40.582515],[-73.94774,40.582052],[-73.944614,40.581429],[-73.94267,40.581253],[-73.942299,40.581118],[-73.941003,40.581156],[-73.940818,40.581398],[-73.940448,40.581196],[-73.939522,40.581261],[-73.93875,40.581156],[-73.938472,40.581341],[-73.937515,40.581137],[-73.936775,40.581157],[-73.936466,40.58129],[-73.935602,40.581154],[-73.933441,40.581279],[-73.932917,40.581601],[-73.932556,40.58159],[-73.932201,40.581312],[-73.931927,40.580849],[-73.931435,40.579204],[-73.930478,40.577052],[-73.930432,40.576682],[-73.930596,40.575756],[-73.930201,40.575659]],[[-73.834583,40.575353],[-73.834482,40.575386],[-73.83446,40.575443],[-73.834552,40.575434],[-73.834583,40.575353]],[[-73.835262,40.575098],[-73.835262,40.575184],[-73.835385,40.575139],[-73.835355,40.575081],[-73.835262,40.575098]],[[-73.933225,40.574607],[-73.93325,40.574676],[-73.933361,40.574645],[-73.933287,40.574585],[-73.933225,40.574607]],[[-73.94219,40.57446],[-73.942269,40.574442],[-73.942295,40.574491],[-73.942238,40.574533],[-73.94219,40.57446]],[[-73.928081,40.574398],[-73.928256,40.57442],[-73.928319,40.574552],[-73.928102,40.574802],[-73.927896,40.574614],[-73.928081,40.574398]],[[-73.94591,40.574181],[-73.945483,40.574306],[-73.945491,40.574336],[-73.945941,40.57433],[-73.946121,40.574213],[-73.94591,40.574181]],[[-73.94214,40.574028],[-73.942194,40.574059],[-73.942185,40.574151],[-73.942132,40.57412],[-73.94214,40.574028]],[[-73.946775,40.574024],[-73.94622,40.574151],[-73.946219,40.574235],[-73.946867,40.574199],[-73.946967,40.574028],[-73.946775,40.574024]],[[-73.911898,40.573958],[-73.911524,40.57409],[-73.91159,40.574298],[-73.911921,40.57409],[-73.911898,40.573958]],[[-73.94733,40.573931],[-73.947135,40.574028],[-73.947176,40.574162],[-73.947671,40.574028],[-73.94733,40.573931]],[[-73.912052,40.573366],[-73.911984,40.573534],[-73.912052,40.573554],[-73.912094,40.57338],[-73.912052,40.573366]],[[-73.942948,40.573256],[-73.94293,40.573349],[-73.942978,40.573403],[-73.943036,40.573287],[-73.942948,40.573256]],[[-73.912361,40.573254],[-73.912207,40.573332],[-73.912243,40.573534],[-73.912418,40.573503],[-73.91239,40.573349],[-73.912564,40.573287],[-73.912361,40.573254]],[[-73.93662,40.573091],[-73.936469,40.573225],[-73.936713,40.573312],[-73.936775,40.573144],[-73.93662,40.573091]],[[-73.943627,40.573032],[-73.943476,40.57338],[-73.943265,40.57341],[-73.943318,40.57355],[-73.943509,40.573441],[-73.943565,40.573274],[-73.943832,40.573225],[-73.943627,40.573032]],[[-73.944077,40.572978],[-73.94413,40.572978],[-73.94409,40.573078],[-73.944045,40.57304],[-73.944077,40.572978]],[[-73.936312,40.572855],[-73.936213,40.572948],[-73.936218,40.57304],[-73.936431,40.572978],[-73.936312,40.572855]],[[-73.943471,40.572701],[-73.943511,40.572824],[-73.943294,40.572855],[-73.94337,40.572948],[-73.943843,40.572873],[-73.94396,40.573009],[-73.943873,40.573627],[-73.9432,40.573873],[-73.943194,40.574103],[-73.94304,40.574068],[-73.942978,40.574219],[-73.942485,40.574111],[-73.94233,40.57422],[-73.942347,40.573904],[-73.942175,40.573719],[-73.942793,40.573481],[-73.942729,40.573194],[-73.942588,40.573102],[-73.942737,40.572855],[-73.942917,40.572967],[-73.942978,40.572751],[-73.943471,40.572701]],[[-73.932886,40.572697],[-73.932792,40.572762],[-73.932855,40.572841],[-73.932951,40.572731],[-73.932886,40.572697]],[[-73.912315,40.572608],[-73.912366,40.57267],[-73.912194,40.572793],[-73.912451,40.572824],[-73.912546,40.57304],[-73.912721,40.572978],[-73.912518,40.572855],[-73.912917,40.572776],[-73.912978,40.572647],[-73.913534,40.572649],[-73.913441,40.572819],[-73.913225,40.572874],[-73.913133,40.572793],[-73.91304,40.57291],[-73.912917,40.572818],[-73.912795,40.572917],[-73.913069,40.57304],[-73.912683,40.573256],[-73.912921,40.573441],[-73.913287,40.573509],[-73.914306,40.573357],[-73.914943,40.573781],[-73.914655,40.573935],[-73.914552,40.574123],[-73.914336,40.573948],[-73.913798,40.574059],[-73.913738,40.574151],[-73.913935,40.574401],[-73.914522,40.574412],[-73.914583,40.574155],[-73.915021,40.574398],[-73.915077,40.5746],[-73.91655,40.574614],[-73.915777,40.575015],[-73.914954,40.575208],[-73.913534,40.575203],[-73.913009,40.57545],[-73.912423,40.575451],[-73.911404,40.575716],[-73.911466,40.575404],[-73.911831,40.575015],[-73.912224,40.574799],[-73.912176,40.574588],[-73.911651,40.574339],[-73.911541,40.574738],[-73.911373,40.574931],[-73.911179,40.574892],[-73.911127,40.575153],[-73.910284,40.575355],[-73.910201,40.575562],[-73.909367,40.575719],[-73.909182,40.575985],[-73.908781,40.576043],[-73.90841,40.576308],[-73.908318,40.576499],[-73.908133,40.576426],[-73.90796,40.576096],[-73.908123,40.575664],[-73.907638,40.575448],[-73.90767,40.575135],[-73.907392,40.575201],[-73.907251,40.575108],[-73.907269,40.574931],[-73.907608,40.574749],[-73.907831,40.574367],[-73.907984,40.574367],[-73.907948,40.574564],[-73.908133,40.574324],[-73.908621,40.574244],[-73.908935,40.57398],[-73.909028,40.574149],[-73.909244,40.573952],[-73.909738,40.573928],[-73.909614,40.573688],[-73.909892,40.573823],[-73.909985,40.573668],[-73.910417,40.573608],[-73.910849,40.573298],[-73.911806,40.5728],[-73.912145,40.57278],[-73.912315,40.572608]],[[-73.938008,40.572577],[-73.938062,40.57267],[-73.938009,40.572709],[-73.937937,40.572639],[-73.938008,40.572577]],[[-73.924794,40.572515],[-73.924954,40.572506],[-73.924994,40.572577],[-73.92483,40.572673],[-73.924794,40.572515]],[[-73.936898,40.572481],[-73.936499,40.572515],[-73.936271,40.57267],[-73.936744,40.572742],[-73.936513,40.572886],[-73.936651,40.573063],[-73.936806,40.572955],[-73.937083,40.572968],[-73.937111,40.572886],[-73.936888,40.572731],[-73.936898,40.572481]],[[-73.916926,40.57233],[-73.91696,40.57231],[-73.917066,40.572423],[-73.916957,40.572454],[-73.916926,40.57233]],[[-73.917221,40.572207],[-73.917419,40.572238],[-73.917093,40.572392],[-73.917135,40.572299],[-73.917221,40.572207]],[[-73.933318,40.572106],[-73.933285,40.572176],[-73.933318,40.572228],[-73.933387,40.572114],[-73.933318,40.572106]],[[-73.933441,40.571928],[-73.933376,40.572022],[-73.933503,40.572123],[-73.933601,40.571929],[-73.933441,40.571928]],[[-73.916904,40.571744],[-73.917177,40.571836],[-73.917067,40.572114],[-73.916744,40.572363],[-73.914614,40.572725],[-73.914277,40.572978],[-73.914213,40.573203],[-73.913666,40.573071],[-73.913966,40.572736],[-73.914614,40.572417],[-73.915829,40.572022],[-73.915972,40.572114],[-73.916096,40.57195],[-73.916836,40.571889],[-73.916904,40.571744]],[[-73.926144,40.571682],[-73.926397,40.571713],[-73.926361,40.571991],[-73.926188,40.572093],[-73.92588,40.572077],[-73.925865,40.571836],[-73.926144,40.571682]],[[-73.92394,40.571373],[-73.924182,40.571411],[-73.924693,40.571991],[-73.924707,40.572238],[-73.924367,40.572319],[-73.923472,40.572083],[-73.923434,40.571713],[-73.92394,40.571373]],[[-73.940322,40.571373],[-73.940509,40.571397],[-73.940537,40.571435],[-73.940243,40.571435],[-73.940322,40.571373]],[[-73.939707,40.569672],[-73.939643,40.569738],[-73.939707,40.56982],[-73.939784,40.569738],[-73.939707,40.569672]],[[-73.939923,40.569639],[-73.939879,40.569738],[-73.940015,40.56986],[-73.940054,40.569769],[-73.939923,40.569639]],[[-73.936682,40.569641],[-73.936605,40.569738],[-73.936713,40.569807],[-73.936783,40.569707],[-73.936682,40.569641]],[[-73.939707,40.569359],[-73.939528,40.569429],[-73.939614,40.569572],[-73.939829,40.56946],[-73.939707,40.569359]],[[-73.93662,40.56933],[-73.936595,40.56946],[-73.936745,40.56946],[-73.936744,40.569335],[-73.93662,40.56933]],[[-73.940262,40.568739],[-73.940262,40.568817],[-73.940356,40.568812],[-73.940324,40.568737],[-73.940262,40.568739]],[[-73.941003,40.568328],[-73.940968,40.56838],[-73.941003,40.568449],[-73.941066,40.56838],[-73.941003,40.568328]],[[-73.884151,40.568256],[-73.884049,40.568318],[-73.88412,40.568453],[-73.884315,40.568287],[-73.884151,40.568256]],[[-73.930353,40.567978],[-73.930397,40.568071],[-73.930262,40.568465],[-73.930239,40.56838],[-73.930353,40.567978]],[[-73.930531,40.567176],[-73.930571,40.567221],[-73.930478,40.567534],[-73.930472,40.567454],[-73.930531,40.567176]],[[-73.941734,40.567083],[-73.941844,40.567145],[-73.941806,40.567279],[-73.941669,40.567176],[-73.941734,40.567083]],[[-73.941127,40.566709],[-73.941032,40.566836],[-73.941157,40.566942],[-73.941184,40.566775],[-73.941127,40.566709]],[[-73.929125,40.566312],[-73.929336,40.566442],[-73.929306,40.566566],[-73.929168,40.566528],[-73.929125,40.566312]],[[-73.941034,40.566301],[-73.941033,40.566466],[-73.941188,40.566483],[-73.941202,40.566404],[-73.941034,40.566301]],[[-73.928287,40.566249],[-73.928228,40.566373],[-73.928349,40.566424],[-73.928422,40.566312],[-73.928287,40.566249]],[[-73.929208,40.566034],[-73.929324,40.566127],[-73.929213,40.566201],[-73.929155,40.566127],[-73.929208,40.566034]],[[-73.929526,40.565941],[-73.930077,40.566096],[-73.93002,40.566343],[-73.929738,40.5665],[-73.929598,40.566466],[-73.929526,40.565941]],[[-73.916352,40.605],[-73.915478,40.604082],[-73.914799,40.603654],[-73.914732,40.603441],[-73.914398,40.603126],[-73.911806,40.602462],[-73.910262,40.60229],[-73.909491,40.602322],[-73.908997,40.602522],[-73.907577,40.602514],[-73.906806,40.602805],[-73.904552,40.602935],[-73.902978,40.603424],[-73.90091,40.603741],[-73.899799,40.603756],[-73.898966,40.604197],[-73.89841,40.60399],[-73.896867,40.604175],[-73.895633,40.603958],[-73.894954,40.603952],[-73.894398,40.603775],[-73.892176,40.603777],[-73.891713,40.604048],[-73.889177,40.605]],[[-73.882838,40.605],[-73.882802,40.604923],[-73.882465,40.604614],[-73.88186,40.602762],[-73.880267,40.600293],[-73.880517,40.599336],[-73.879995,40.596713],[-73.880042,40.595694],[-73.880223,40.59517],[-73.880095,40.594336],[-73.879672,40.593349],[-73.879324,40.591898],[-73.878815,40.591497],[-73.878843,40.5911],[-73.878501,40.590849],[-73.878612,40.59054],[-73.878418,40.590231],[-73.878332,40.589799],[-73.878334,40.588225],[-73.877454,40.588256],[-73.878256,40.588041],[-73.878277,40.587855],[-73.877829,40.586929],[-73.877373,40.58662],[-73.877337,40.586188],[-73.876521,40.585324],[-73.876537,40.584861],[-73.879527,40.580262],[-73.881252,40.57909],[-73.881559,40.579055],[-73.88162,40.578778],[-73.882238,40.578896],[-73.882731,40.578838],[-73.886991,40.57776],[-73.89088,40.577119],[-73.893194,40.576438],[-73.893225,40.576152],[-73.893353,40.576157],[-73.893441,40.576322],[-73.893688,40.576329],[-73.893935,40.57625],[-73.893957,40.576065],[-73.894114,40.575972],[-73.895231,40.575812],[-73.898812,40.576344],[-73.90103,40.577145],[-73.901582,40.577793],[-73.901539,40.578225],[-73.90175,40.578441],[-73.901834,40.578719],[-73.902295,40.579213],[-73.902978,40.579559],[-73.903997,40.579113],[-73.904233,40.579213],[-73.904576,40.579583],[-73.90517,40.579843],[-73.905201,40.579985],[-73.904928,40.580509],[-73.905782,40.581373],[-73.905866,40.58159],[-73.905448,40.582136],[-73.903942,40.583318],[-73.903565,40.583791],[-73.902515,40.583395],[-73.900123,40.581219],[-73.89924,40.580694],[-73.898966,40.580646],[-73.898315,40.580787],[-73.89767,40.581197],[-73.896991,40.582217],[-73.896929,40.582764],[-73.897639,40.583638],[-73.89838,40.58417],[-73.898832,40.584799],[-73.899235,40.585602],[-73.899013,40.586497],[-73.898788,40.586528],[-73.898873,40.586955],[-73.899676,40.58767],[-73.900178,40.587639],[-73.904552,40.586033],[-73.905262,40.586163],[-73.905756,40.585884],[-73.906466,40.586093],[-73.906682,40.586339],[-73.907269,40.585982],[-73.90744,40.585509],[-73.907388,40.585262],[-73.907577,40.58509],[-73.907855,40.585044],[-73.908441,40.585327],[-73.908843,40.585316],[-73.90912,40.585038],[-73.909398,40.58446],[-73.909738,40.584383],[-73.910231,40.584624],[-73.910941,40.5854],[-73.911919,40.586065],[-73.912274,40.586497],[-73.912536,40.587701],[-73.912269,40.589265],[-73.91206,40.589738],[-73.912262,40.589892],[-73.912344,40.590324],[-73.912202,40.591528],[-73.912269,40.591863],[-73.912855,40.591394],[-73.914707,40.59092],[-73.91489,40.590756],[-73.913978,40.58983],[-73.913848,40.589367],[-73.913887,40.588657],[-73.914769,40.587902],[-73.917083,40.587194],[-73.917429,40.586682],[-73.917917,40.586244],[-73.918935,40.585844],[-73.919738,40.585981],[-73.920347,40.585849],[-73.920941,40.585553],[-73.92341,40.585713],[-73.924336,40.5855],[-73.925108,40.58557],[-73.92565,40.58591],[-73.926522,40.586867],[-73.927271,40.587485],[-73.927822,40.588256],[-73.927933,40.588627],[-73.927876,40.588812],[-73.928441,40.58879],[-73.928688,40.589008],[-73.929985,40.589361],[-73.930633,40.589794],[-73.93075,40.590571],[-73.930685,40.591466],[-73.930451,40.592454],[-73.930046,40.59315],[-73.930041,40.593503],[-73.930324,40.594003],[-73.930849,40.594355],[-73.931898,40.594498],[-73.932423,40.5947],[-73.932536,40.594614],[-73.932454,40.594202],[-73.932269,40.594158],[-73.931916,40.593627],[-73.931559,40.592777],[-73.931366,40.592608],[-73.931359,40.592361],[-73.930968,40.591991],[-73.931256,40.590787],[-73.931034,40.589667],[-73.930725,40.589474],[-73.930417,40.588658],[-73.929512,40.587793],[-73.929421,40.587485],[-73.929583,40.587361],[-73.930941,40.587161],[-73.931003,40.58704],[-73.929367,40.587212],[-73.928225,40.587061],[-73.927722,40.586775],[-73.927374,40.586744],[-73.927299,40.586431],[-73.92692,40.586404],[-73.926929,40.58619],[-73.926682,40.586265],[-73.926497,40.586017],[-73.926261,40.586003],[-73.926334,40.585664],[-73.925941,40.58571],[-73.925871,40.585571],[-73.925972,40.585365],[-73.925694,40.585499],[-73.925596,40.585417],[-73.925602,40.585191],[-73.925293,40.585301],[-73.925046,40.5852],[-73.925015,40.585029],[-73.924275,40.584943],[-73.923441,40.585049],[-73.92233,40.5849],[-73.920509,40.584921],[-73.918009,40.585845],[-73.917145,40.586343],[-73.91662,40.586261],[-73.915139,40.586709],[-73.91446,40.586601],[-73.91409,40.586665],[-73.91338,40.586275],[-73.912886,40.586286],[-73.91244,40.585941],[-73.912284,40.585448],[-73.911606,40.584491],[-73.911281,40.583835],[-73.910172,40.582577],[-73.909634,40.58159],[-73.909785,40.581096],[-73.91017,40.580726],[-73.911713,40.579951],[-73.911948,40.579583],[-73.912418,40.579306],[-73.912497,40.57912],[-73.912052,40.578497],[-73.911775,40.578431],[-73.911559,40.57863],[-73.911275,40.578596],[-73.911246,40.578164],[-73.911065,40.578051],[-73.909456,40.577793],[-73.909429,40.577616],[-73.909769,40.577668],[-73.910361,40.577515],[-73.910093,40.577423],[-73.909954,40.577234],[-73.909429,40.577344],[-73.909319,40.577176],[-73.909923,40.576741],[-73.910046,40.576775],[-73.910015,40.576975],[-73.910262,40.577095],[-73.912052,40.57706],[-73.915077,40.576617],[-73.918349,40.575945],[-73.918688,40.575992],[-73.920664,40.575765],[-73.921991,40.575904],[-73.926127,40.575639],[-73.926528,40.575736],[-73.92665,40.575694],[-73.926689,40.575509],[-73.927299,40.575369],[-73.928349,40.575524],[-73.928997,40.575163],[-73.929196,40.574769],[-73.930015,40.574412],[-73.93196,40.5746],[-73.932176,40.574496],[-73.932978,40.574571],[-73.93267,40.574362],[-73.932272,40.574306],[-73.932485,40.574198],[-73.932537,40.574028],[-73.93215,40.573843],[-73.93233,40.573665],[-73.932591,40.573719],[-73.932768,40.573503],[-73.932411,40.573441],[-73.932284,40.572639],[-73.93338,40.571451],[-73.933454,40.571466],[-73.93341,40.57169],[-73.933781,40.571605],[-73.933835,40.571497],[-73.933697,40.571466],[-73.933719,40.57135],[-73.933966,40.571344],[-73.934251,40.571188],[-73.934039,40.571157],[-73.934096,40.571096],[-73.934539,40.570972],[-73.934582,40.570818],[-73.934479,40.570694],[-73.934671,40.57054],[-73.934527,40.570417],[-73.934633,40.570201],[-73.934478,40.570077],[-73.934752,40.569892],[-73.934622,40.569769],[-73.935687,40.569367],[-73.936404,40.569328],[-73.937052,40.569144],[-73.937454,40.570014],[-73.937701,40.570094],[-73.937978,40.570018],[-73.938164,40.569782],[-73.938347,40.56983],[-73.938534,40.569518],[-73.938812,40.569661],[-73.938966,40.569477],[-73.939244,40.569599],[-73.939182,40.569097],[-73.939042,40.569213],[-73.939059,40.569401],[-73.938939,40.569367],[-73.938935,40.56922],[-73.93875,40.569388],[-73.938596,40.569258],[-73.938503,40.569489],[-73.938164,40.568961],[-73.937948,40.568769],[-73.937639,40.568695],[-73.937411,40.568225],[-73.937444,40.567917],[-73.937658,40.567701],[-73.937767,40.567269],[-73.938071,40.566916],[-73.938812,40.566536],[-73.939046,40.56659],[-73.939036,40.566466],[-73.939367,40.566379],[-73.939522,40.566164],[-73.939892,40.566216],[-73.940262,40.565852],[-73.940386,40.565978],[-73.940571,40.565872],[-73.940818,40.565951],[-73.940847,40.566065],[-73.940666,40.566157],[-73.940787,40.566319],[-73.941003,40.56599],[-73.941373,40.56653],[-73.941618,40.566528],[-73.941516,40.567361],[-73.941806,40.567457],[-73.941814,40.56767],[-73.942033,40.567824],[-73.941813,40.567917],[-73.941949,40.568194],[-73.941528,40.568476],[-73.941466,40.568295],[-73.941188,40.568352],[-73.941188,40.568605],[-73.941003,40.568509],[-73.940633,40.568612],[-73.940585,40.569244],[-73.940265,40.569429],[-73.940042,40.569954],[-73.940166,40.57017],[-73.939943,40.570417],[-73.940365,40.57054],[-73.940345,40.570756],[-73.940522,40.570787],[-73.940128,40.57091],[-73.940078,40.571065],[-73.940316,40.571157],[-73.940139,40.571402],[-73.939988,40.57125],[-73.939709,40.571219],[-73.939826,40.571127],[-73.939738,40.571028],[-73.939552,40.571118],[-73.939336,40.571051],[-73.939213,40.571182],[-73.938565,40.571027],[-73.938472,40.571185],[-73.938318,40.57118],[-73.93827,40.571343],[-73.937701,40.571494],[-73.937515,40.571729],[-73.937312,40.571775],[-73.937179,40.572145],[-73.937442,40.572361],[-73.937299,40.572384],[-73.937135,40.572639],[-73.937336,40.572701],[-73.937361,40.572981],[-73.937461,40.572886],[-73.937422,40.572701],[-73.93762,40.572608],[-73.937824,40.572893],[-73.938009,40.572844],[-73.938164,40.573027],[-73.938256,40.572877],[-73.938349,40.573012],[-73.938472,40.572967],[-73.938534,40.573166],[-73.938873,40.573143],[-73.939014,40.573472],[-73.938974,40.573688],[-73.939954,40.573776],[-73.940417,40.574267],[-73.94146,40.574676],[-73.942454,40.574591],[-73.942505,40.574522],[-73.942361,40.574378],[-73.942608,40.574467],[-73.942731,40.574389],[-73.942798,40.574522],[-73.94341,40.574655],[-73.943935,40.574595],[-73.944306,40.574494],[-73.944411,40.574182],[-73.944985,40.573846],[-73.945818,40.573773],[-73.947515,40.573406],[-73.949275,40.573379],[-73.949618,40.573472],[-73.949583,40.573642],[-73.94946,40.573534],[-73.94776,40.573843],[-73.947917,40.574034],[-73.950664,40.573965],[-73.953164,40.573619],[-73.955046,40.573508],[-73.955849,40.573282],[-73.95733,40.573147],[-73.958349,40.572889],[-73.960293,40.573102],[-73.963318,40.572757],[-73.967546,40.572451],[-73.969182,40.57204],[-73.97,40.571924]],[[-73.927821,40.56588],[-73.928498,40.566003],[-73.928463,40.56625],[-73.928604,40.566404],[-73.928256,40.566471],[-73.928133,40.566388],[-73.927855,40.566526],[-73.926836,40.567469],[-73.924954,40.567891],[-73.924398,40.568176],[-73.922532,40.568225],[-73.922712,40.568009],[-73.922546,40.567994],[-73.922546,40.567877],[-73.924244,40.566965],[-73.927047,40.566065],[-73.927577,40.566047],[-73.927821,40.56588]],[[-73.930941,40.565507],[-73.930856,40.565602],[-73.93091,40.565652],[-73.930995,40.565602],[-73.930941,40.565507]],[[-73.931575,40.56483],[-73.932014,40.565046],[-73.931943,40.565201],[-73.932255,40.565478],[-73.931961,40.565664],[-73.931986,40.565787],[-73.932497,40.565787],[-73.931744,40.566043],[-73.93125,40.565874],[-73.930889,40.566188],[-73.930693,40.566188],[-73.93064,40.566034],[-73.930976,40.565849],[-73.930694,40.565697],[-73.930717,40.565509],[-73.930501,40.565448],[-73.931127,40.565196],[-73.931575,40.56483]],[[-73.888843,40.558279],[-73.88872,40.55841],[-73.888843,40.558487],[-73.888971,40.55838],[-73.888843,40.558279]],[[-73.890386,40.557445],[-73.890339,40.557701],[-73.890386,40.557742],[-73.890549,40.557454],[-73.890386,40.557445]],[[-73.891929,40.557354],[-73.891928,40.557454],[-73.892114,40.557529],[-73.892176,40.557354],[-73.891929,40.557354]],[[-73.945721,40.541065],[-73.946713,40.541244],[-73.947083,40.541486],[-73.947207,40.541426],[-73.94733,40.541807],[-73.947546,40.541798],[-73.94862,40.542546],[-73.949306,40.543062],[-73.950161,40.544028],[-73.950787,40.54421],[-73.951229,40.544676],[-73.951516,40.545324],[-73.95196,40.545904],[-73.952835,40.547948],[-73.952917,40.548698],[-73.95313,40.548935],[-73.953207,40.549429],[-73.953131,40.549522],[-73.953385,40.550015],[-73.95338,40.550941],[-73.953553,40.551466],[-73.953672,40.552701],[-73.953447,40.55409],[-73.952549,40.555849],[-73.951607,40.556991],[-73.951586,40.557145],[-73.951435,40.557176],[-73.950489,40.558225],[-73.949614,40.558919],[-73.948719,40.559445],[-73.94591,40.560015],[-73.945341,40.559861],[-73.945498,40.559429],[-73.947135,40.55733],[-73.947238,40.556116],[-73.947732,40.555262],[-73.947754,40.554923],[-73.947599,40.554861],[-73.947585,40.554738],[-73.947887,40.552978],[-73.947978,40.552725],[-73.94804,40.552871],[-73.948107,40.552701],[-73.948102,40.552578],[-73.947979,40.552577],[-73.94804,40.552466],[-73.948102,40.552546],[-73.948161,40.55233],[-73.948009,40.552246],[-73.948027,40.552022],[-73.948267,40.551836],[-73.948386,40.550849],[-73.948294,40.549059],[-73.948145,40.548472],[-73.947762,40.54788],[-73.947667,40.547886],[-73.947608,40.548198],[-73.947392,40.547951],[-73.946724,40.545571],[-73.945735,40.54375],[-73.94557,40.543194],[-73.945268,40.542793],[-73.945379,40.542608],[-73.945178,40.542423],[-73.945094,40.541435],[-73.945201,40.541198],[-73.945721,40.541065]],[[-73.76,40.586691],[-73.760664,40.586294],[-73.760787,40.586624],[-73.761096,40.586419],[-73.761559,40.586749],[-73.762238,40.586517],[-73.76267,40.58658],[-73.763091,40.586343],[-73.763225,40.586499],[-73.763226,40.586713],[-73.762701,40.587568],[-73.762636,40.587886],[-73.762793,40.588042],[-73.76366,40.587886],[-73.764182,40.587608],[-73.764614,40.587621],[-73.76483,40.587425],[-73.765201,40.587364],[-73.765324,40.587463],[-73.765372,40.587361],[-73.765665,40.587299],[-73.765678,40.587114],[-73.765835,40.586991],[-73.765756,40.58691],[-73.765246,40.58696],[-73.765203,40.586744],[-73.765618,40.586528],[-73.765026,40.58659],[-73.764947,40.586404],[-73.765056,40.58625],[-73.76483,40.586218],[-73.764643,40.58588],[-73.764676,40.585694],[-73.764861,40.585676],[-73.767238,40.586004],[-73.76946,40.586651],[-73.770386,40.587057],[-73.770725,40.587384],[-73.770725,40.587634],[-73.77054,40.587784],[-73.769896,40.587948],[-73.770215,40.588225],[-73.77021,40.588472],[-73.770046,40.588539],[-73.769747,40.588503],[-73.76826,40.587855],[-73.766867,40.587535],[-73.767416,40.587917],[-73.767086,40.588657],[-73.76625,40.588867],[-73.765262,40.588209],[-73.764954,40.588238],[-73.764552,40.588521],[-73.763583,40.589552],[-73.763431,40.589738],[-73.763458,40.589923],[-73.764892,40.589837],[-73.76625,40.590036],[-73.766312,40.58982],[-73.766157,40.589936],[-73.76599,40.589892],[-73.766176,40.589738],[-73.766012,40.589645],[-73.766159,40.589336],[-73.766034,40.589149],[-73.766435,40.589298],[-73.766898,40.589141],[-73.767485,40.589237],[-73.767299,40.58953],[-73.766993,40.589645],[-73.767083,40.589725],[-73.767423,40.589639],[-73.767402,40.58983],[-73.767515,40.589883],[-73.767669,40.589799],[-73.767886,40.589394],[-73.768179,40.589429],[-73.767886,40.589623],[-73.768164,40.589687],[-73.768287,40.589614],[-73.768441,40.589757],[-73.76875,40.589537],[-73.768812,40.589653],[-73.76909,40.589731],[-73.769398,40.589584],[-73.770571,40.589513],[-73.772114,40.589204],[-73.773349,40.589184],[-73.77409,40.588989],[-73.775317,40.588935],[-73.777824,40.588567],[-73.78017,40.588051],[-73.781726,40.587948],[-73.781966,40.587824],[-73.782083,40.587224],[-73.782917,40.587444],[-73.784491,40.587397],[-73.785299,40.587083],[-73.788133,40.58653],[-73.789151,40.586417],[-73.789248,40.586435],[-73.789213,40.586529],[-73.789552,40.586555],[-73.789892,40.586366],[-73.793287,40.585557],[-73.795725,40.58515],[-73.796672,40.58517],[-73.797176,40.58497],[-73.797608,40.58507],[-73.79792,40.584892],[-73.797506,40.584892],[-73.797978,40.584706],[-73.800509,40.584103],[-73.80267,40.583857],[-73.804429,40.583513],[-73.805355,40.583204],[-73.806991,40.582998],[-73.812052,40.581946],[-73.812886,40.581646],[-73.815867,40.580972],[-73.817454,40.580375],[-73.819398,40.579992],[-73.821682,40.579222],[-73.824306,40.578596],[-73.825602,40.578028],[-73.827731,40.577467],[-73.829861,40.576628],[-73.832361,40.576012],[-73.833164,40.57575],[-73.834275,40.575202],[-73.836528,40.574504],[-73.839954,40.573138],[-73.841404,40.572716],[-73.84267,40.572537],[-73.843503,40.572077],[-73.844892,40.57177],[-73.845633,40.571335],[-73.84625,40.571271],[-73.847485,40.570639],[-73.848318,40.570293],[-73.84912,40.570142],[-73.85002,40.569676],[-73.851362,40.569429],[-73.852167,40.568935],[-73.853441,40.568692],[-73.853726,40.568472],[-73.855386,40.568024],[-73.85733,40.56731],[-73.868593,40.563966],[-73.874554,40.562052],[-73.880478,40.559833],[-73.884059,40.558644],[-73.892485,40.556042],[-73.902948,40.553442],[-73.908781,40.551207],[-73.912904,40.549799],[-73.915891,40.548534],[-73.930386,40.544197],[-73.935108,40.543157],[-73.937917,40.541912],[-73.940015,40.540526],[-73.940324,40.5404],[-73.940571,40.540583],[-73.940587,40.540231],[-73.940725,40.54012],[-73.941092,40.540262],[-73.941065,40.540866],[-73.941312,40.541036],[-73.941559,40.540982],[-73.942044,40.541466],[-73.941867,40.541808],[-73.941497,40.541641],[-73.941338,40.54196],[-73.941653,40.543349],[-73.94148,40.544923],[-73.941523,40.545787],[-73.941746,40.546651],[-73.941867,40.546722],[-73.942485,40.546536],[-73.942542,40.546929],[-73.942815,40.54696],[-73.942684,40.547114],[-73.942746,40.547423],[-73.942884,40.547515],[-73.94279,40.547701],[-73.942926,40.547824],[-73.942836,40.548349],[-73.94293,40.548441],[-73.942851,40.549429],[-73.942945,40.549861],[-73.942409,40.552176],[-73.941831,40.553472],[-73.941127,40.554438],[-73.94019,40.555448],[-73.937639,40.557482],[-73.936466,40.558126],[-73.93196,40.560032],[-73.930358,40.560818],[-73.930074,40.561188],[-73.928873,40.561561],[-73.925443,40.562269],[-73.923133,40.562611],[-73.921867,40.562634],[-73.919861,40.563048],[-73.91912,40.563101],[-73.917392,40.564005],[-73.914892,40.564742],[-73.912423,40.565753],[-73.911836,40.565808],[-73.910694,40.565624],[-73.908859,40.565077],[-73.908009,40.565017],[-73.905571,40.565296],[-73.903472,40.565713],[-73.902145,40.565781],[-73.900787,40.565992],[-73.900135,40.566497],[-73.899583,40.566657],[-73.898596,40.566687],[-73.89767,40.566936],[-73.895848,40.567824],[-73.89369,40.568719],[-73.892639,40.569036],[-73.888781,40.569066],[-73.886096,40.568869],[-73.885664,40.568958],[-73.884923,40.568732],[-73.884182,40.568842],[-73.883843,40.568641],[-73.883713,40.568688],[-73.883864,40.568843],[-73.88375,40.568859],[-73.883287,40.568646],[-73.882392,40.568692],[-73.882207,40.568965],[-73.881929,40.568861],[-73.881003,40.568883],[-73.877423,40.569263],[-73.86948,40.573194],[-73.868966,40.57338],[-73.868318,40.57341],[-73.866231,40.574491],[-73.865429,40.574769],[-73.863441,40.57624],[-73.861466,40.577077],[-73.860177,40.577886],[-73.857515,40.579167],[-73.855414,40.580571],[-73.855448,40.580688],[-73.855787,40.580764],[-73.857207,40.58053],[-73.857731,40.58061],[-73.857827,40.580725],[-73.857768,40.580972],[-73.857485,40.581063],[-73.857145,40.58096],[-73.856867,40.581069],[-73.855448,40.581045],[-73.852464,40.582022],[-73.852022,40.581955],[-73.851528,40.582188],[-73.850602,40.582305],[-73.848627,40.582254],[-73.846065,40.581923],[-73.842515,40.582017],[-73.83983,40.582289],[-73.838688,40.582909],[-73.837392,40.582908],[-73.837145,40.583042],[-73.835108,40.583236],[-73.832199,40.583935],[-73.83159,40.584321],[-73.830972,40.584242],[-73.828719,40.584887],[-73.828324,40.585849],[-73.827978,40.586193],[-73.82341,40.587562],[-73.822855,40.587598],[-73.821559,40.587006],[-73.821157,40.587019],[-73.819974,40.587639],[-73.819738,40.58794],[-73.819471,40.587948],[-73.819429,40.588839],[-73.818966,40.588736],[-73.818935,40.588495],[-73.818812,40.588418],[-73.818725,40.588503],[-73.818872,40.588719],[-73.818719,40.588901],[-73.817793,40.588899],[-73.817693,40.589275],[-73.817871,40.589645],[-73.817577,40.589722],[-73.816929,40.590232],[-73.816404,40.59022],[-73.816065,40.590383],[-73.815344,40.590787],[-73.814959,40.591219],[-73.813342,40.59196],[-73.811559,40.593053],[-73.809738,40.593784],[-73.808873,40.593771],[-73.808778,40.594059],[-73.807908,40.595201],[-73.807251,40.595756],[-73.807086,40.596096],[-73.806806,40.596252],[-73.805972,40.595992],[-73.804491,40.595185],[-73.803797,40.59412],[-73.803705,40.593164],[-73.803349,40.592908],[-73.80304,40.592985],[-73.802768,40.592793],[-73.802666,40.59341],[-73.802793,40.593903],[-73.803149,40.594367],[-73.803472,40.594428],[-73.803534,40.594685],[-73.803724,40.594769],[-73.803722,40.594892],[-73.804431,40.595602],[-73.804707,40.595833],[-73.804883,40.595818],[-73.804605,40.595941],[-73.805477,40.597299],[-73.805188,40.597639],[-73.804943,40.598256],[-73.803977,40.599182],[-73.803775,40.599769],[-73.802114,40.60031],[-73.800849,40.600294],[-73.798873,40.60049],[-73.798071,40.600457],[-73.797639,40.600096],[-73.797022,40.59993],[-73.794799,40.60016],[-73.794275,40.600704],[-73.79338,40.600596],[-73.79233,40.600938],[-73.789063,40.603194],[-73.788565,40.603343],[-73.787485,40.604282],[-73.786806,40.604159],[-73.786127,40.603691],[-73.785725,40.602966],[-73.785719,40.602731],[-73.786713,40.602339],[-73.787041,40.602052],[-73.787749,40.60088],[-73.788256,40.600443],[-73.789658,40.599583],[-73.78976,40.599367],[-73.7897,40.599244],[-73.78983,40.599133],[-73.789923,40.59923],[-73.790015,40.599152],[-73.790092,40.598812],[-73.790417,40.598408],[-73.790723,40.597515],[-73.790601,40.597454],[-73.790891,40.597176],[-73.790831,40.596343],[-73.790571,40.595849],[-73.790602,40.595362],[-73.790722,40.595417],[-73.790787,40.595691],[-73.790889,40.595571],[-73.790811,40.595262],[-73.790293,40.594903],[-73.789857,40.594923],[-73.789462,40.595417],[-73.789552,40.595622],[-73.789676,40.595435],[-73.789799,40.595451],[-73.789923,40.595725],[-73.789883,40.59591],[-73.789769,40.59594],[-73.789583,40.595687],[-73.789469,40.596065],[-73.789536,40.597176],[-73.789394,40.597485],[-73.789451,40.597886],[-73.78933,40.598287],[-73.788071,40.599019],[-73.78736,40.599552],[-73.787082,40.599954],[-73.786188,40.600502],[-73.785843,40.601003],[-73.785817,40.601404],[-73.785461,40.601867],[-73.785149,40.602022],[-73.785239,40.602485],[-73.784581,40.603318],[-73.784445,40.603688],[-73.784468,40.604275],[-73.784798,40.605]]]}},
{"type":"Feature","properties":{"depthFt":12},"geometry":{"type":"MultiLineString","coordinates":[[[-73.897874,40.605],[-73.897917,40.604974],[-73.898203,40.605]],[[-73.899201,40.605],[-73.899676,40.604882],[-73.900293,40.604864],[-73.900872,40.604985],[-73.90088,40.605]],[[-73.823859,40.605],[-73.823843,40.604966],[-73.823164,40.604577],[-73.823056,40.605]],[[-73.903511,40.605],[-73.903534,40.604992],[-73.90409,40.604961],[-73.904645,40.604739],[-73.905262,40.604765],[-73.905417,40.604666],[-73.905566,40.605]],[[-73.908121,40.605],[-73.908188,40.604491],[-73.90838,40.604025],[-73.909522,40.603585],[-73.91091,40.603344],[-73.912978,40.60357],[-73.91375,40.603802],[-73.915002,40.605]],[[-73.824954,40.602853],[-73.824881,40.602948],[-73.824954,40.603019],[-73.825045,40.602917],[-73.824954,40.602853]],[[-73.91037,40.602454],[-73.910519,40.602515],[-73.910103,40.602515],[-73.910139,40.60247],[-73.91037,40.602454]],[[-73.794691,40.605],[-73.795448,40.604622],[-73.796012,40.604182],[-73.7962,40.603904],[-73.796898,40.603435],[-73.79733,40.603294],[-73.797731,40.603363],[-73.798349,40.603269],[-73.799738,40.602853],[-73.800149,40.602577],[-73.802546,40.60227],[-73.803349,40.60205],[-73.803873,40.602189],[-73.803984,40.60233],[-73.80381,40.602454],[-73.804059,40.60243],[-73.804327,40.602608],[-73.804451,40.603164],[-73.804306,40.60341],[-73.804721,40.605]],[[-73.824985,40.600414],[-73.825015,40.600479],[-73.825097,40.600448],[-73.825046,40.600391],[-73.824985,40.600414]],[[-73.920262,40.600344],[-73.920167,40.600571],[-73.920223,40.600756],[-73.920448,40.600821],[-73.920531,40.600633],[-73.920405,40.600386],[-73.920262,40.600344]],[[-73.826188,40.600349],[-73.825077,40.601266],[-73.824151,40.602669],[-73.824574,40.602485],[-73.824977,40.601775],[-73.826532,40.600448],[-73.826188,40.600349]],[[-73.91909,40.599973],[-73.91904,40.600139],[-73.91912,40.600181],[-73.919278,40.600015],[-73.91909,40.599973]],[[-73.815293,40.599967],[-73.815263,40.600139],[-73.815355,40.600225],[-73.815378,40.600108],[-73.815293,40.599967]],[[-73.824398,40.599932],[-73.824429,40.599997],[-73.82451,40.599985],[-73.82446,40.599935],[-73.824398,40.599932]],[[-73.918596,40.599788],[-73.918501,40.60017],[-73.918596,40.600235],[-73.91891,40.599892],[-73.918596,40.599788]],[[-73.81684,40.59946],[-73.816883,40.599738],[-73.816744,40.599868],[-73.816651,40.599676],[-73.81684,40.59946]],[[-73.830602,40.599089],[-73.829862,40.599151],[-73.828587,40.59946],[-73.827929,40.599707],[-73.827705,40.599954],[-73.829892,40.599356],[-73.831493,40.599182],[-73.830602,40.599089]],[[-73.916312,40.598931],[-73.916353,40.598997],[-73.916431,40.598997],[-73.916373,40.598934],[-73.916312,40.598931]],[[-73.81702,40.598843],[-73.817116,40.598904],[-73.816929,40.599175],[-73.816879,40.599059],[-73.817043,40.598966],[-73.81702,40.598843]],[[-73.92304,40.598678],[-73.922701,40.599289],[-73.922269,40.599751],[-73.921929,40.599827],[-73.921773,40.600046],[-73.921435,40.60021],[-73.920676,40.600293],[-73.920561,40.600602],[-73.921343,40.60075],[-73.921319,40.600355],[-73.921682,40.600308],[-73.921937,40.600571],[-73.921821,40.600664],[-73.921836,40.600907],[-73.921651,40.600932],[-73.921682,40.601021],[-73.922176,40.601041],[-73.922762,40.60085],[-73.923583,40.599676],[-73.923441,40.599425],[-73.923052,40.599275],[-73.923323,40.598873],[-73.923225,40.598711],[-73.92304,40.598678]],[[-73.824738,40.59847],[-73.824364,40.598904],[-73.824336,40.599302],[-73.825255,40.599306],[-73.8253,40.599182],[-73.824888,40.598688],[-73.824886,40.598503],[-73.824738,40.59847]],[[-73.817092,40.598441],[-73.8172,40.598441],[-73.817114,40.598551],[-73.817071,40.598503],[-73.817092,40.598441]],[[-73.79032,40.597978],[-73.790386,40.597992],[-73.790417,40.598058],[-73.790317,40.59804],[-73.79032,40.597978]],[[-73.915509,40.597938],[-73.915571,40.598283],[-73.915725,40.598366],[-73.915756,40.598149],[-73.915509,40.597938]],[[-73.773683,40.605],[-73.773689,40.604985],[-73.773688,40.604707],[-73.77397,40.604336],[-73.774226,40.603565],[-73.773984,40.602855],[-73.774306,40.602628],[-73.775633,40.602452],[-73.777018,40.601343],[-73.777978,40.600202],[-73.778287,40.600076],[-73.778719,40.600096],[-73.778935,40.6003],[-73.779769,40.600403],[-73.779856,40.600231],[-73.780293,40.600013],[-73.780445,40.599769],[-73.781024,40.599491],[-73.781154,40.599213],[-73.781713,40.59892],[-73.781648,40.598441],[-73.781003,40.597854],[-73.780417,40.597615],[-73.779861,40.597606],[-73.778966,40.598022],[-73.778914,40.598318],[-73.778565,40.59831],[-73.77804,40.598702],[-73.777022,40.600426],[-73.776219,40.601421],[-73.775725,40.60174],[-73.774614,40.602129],[-73.774424,40.602052],[-73.774567,40.601806],[-73.774352,40.601466],[-73.774459,40.601188],[-73.774415,40.600941],[-73.77388,40.600231],[-73.773759,40.599892],[-73.773843,40.59909],[-73.773441,40.598669],[-73.77267,40.598481],[-73.772579,40.598225],[-73.772454,40.598172],[-73.771127,40.598508],[-73.770201,40.598516],[-73.770355,40.598725],[-73.770664,40.598633],[-73.771219,40.59867],[-73.77156,40.598997],[-73.771572,40.59983],[-73.771361,40.600972],[-73.771393,40.601404],[-73.771266,40.601682],[-73.771387,40.602207],[-73.771192,40.602546],[-73.771367,40.60304],[-73.771651,40.603149],[-73.771826,40.603071],[-73.771867,40.602292],[-73.772454,40.602523],[-73.772717,40.602855],[-73.772448,40.603318],[-73.771718,40.603935],[-73.771775,40.604412],[-73.771929,40.604552],[-73.772296,40.604583],[-73.772302,40.604707],[-73.772144,40.605]],[[-73.772004,40.605],[-73.771929,40.604895],[-73.771836,40.604957],[-73.77183,40.605]],[[-73.914398,40.596728],[-73.914406,40.597114],[-73.914799,40.597115],[-73.914752,40.596929],[-73.914398,40.596728]],[[-73.8649,40.605],[-73.865065,40.604738],[-73.865631,40.604213],[-73.86625,40.603412],[-73.867485,40.601097],[-73.868322,40.598688],[-73.868541,40.596559],[-73.868719,40.596438],[-73.869213,40.596685],[-73.869596,40.597546],[-73.870438,40.598472],[-73.871065,40.598773],[-73.871696,40.599244],[-73.872114,40.601034],[-73.872104,40.602238],[-73.872437,40.605]],[[-73.874007,40.605],[-73.874109,40.604892],[-73.874126,40.60446],[-73.873788,40.602793],[-73.873904,40.602644],[-73.874645,40.602643],[-73.875201,40.602918],[-73.875303,40.603102],[-73.875756,40.60336],[-73.876157,40.60389],[-73.877639,40.604281],[-73.878564,40.605]],[[-73.808738,40.596188],[-73.808892,40.596219],[-73.808754,40.596404],[-73.808287,40.596572],[-73.808349,40.596287],[-73.808738,40.596188]],[[-73.812471,40.595787],[-73.812642,40.59588],[-73.812145,40.596269],[-73.811821,40.596127],[-73.811929,40.595887],[-73.812471,40.595787]],[[-73.81274,40.595664],[-73.813023,40.595756],[-73.813071,40.59592],[-73.812948,40.595904],[-73.81274,40.595664]],[[-73.813038,40.595633],[-73.813102,40.59561],[-73.813123,40.595694],[-73.81304,40.59572],[-73.813038,40.595633]],[[-73.790787,40.59543],[-73.790763,40.59554],[-73.790818,40.595606],[-73.790876,40.595509],[-73.790787,40.59543]],[[-73.790154,40.595386],[-73.790336,40.595478],[-73.790324,40.59603],[-73.790143,40.595818],[-73.790154,40.595386]],[[-73.789522,40.59535],[-73.789484,40.595478],[-73.789552,40.595572],[-73.78961,40.595386],[-73.789522,40.59535]],[[-73.790664,40.595192],[-73.790635,40.595293],[-73.790787,40.595372],[-73.790787,40.595259],[-73.790664,40.595192]],[[-73.820377,40.594614],[-73.820481,40.594676],[-73.820386,40.594785],[-73.820345,40.594738],[-73.820377,40.594614]],[[-73.820222,40.594367],[-73.820354,40.594398],[-73.820139,40.594484],[-73.820132,40.59446],[-73.820222,40.594367]],[[-73.809777,40.593904],[-73.809979,40.593935],[-73.809557,40.59412],[-73.809676,40.593925],[-73.809777,40.593904]],[[-73.818961,40.593873],[-73.819019,40.593904],[-73.818873,40.593975],[-73.81889,40.593904],[-73.818961,40.593873]],[[-73.820013,40.593657],[-73.82027,40.593719],[-73.819839,40.593966],[-73.819682,40.593935],[-73.820013,40.593657]],[[-73.879196,40.593441],[-73.879295,40.593472],[-73.879244,40.593587],[-73.879177,40.593534],[-73.879196,40.593441]],[[-73.819064,40.593349],[-73.81912,40.593351],[-73.81915,40.59338],[-73.819005,40.59341],[-73.819064,40.593349]],[[-73.819965,40.593349],[-73.819969,40.593441],[-73.819448,40.593657],[-73.819513,40.593596],[-73.819965,40.593349]],[[-73.805901,40.605],[-73.805852,40.604861],[-73.805658,40.603812],[-73.805701,40.602207],[-73.805882,40.601991],[-73.805734,40.601744],[-73.806503,40.600818],[-73.806312,40.600702],[-73.806115,40.600756],[-73.806601,40.600231],[-73.808627,40.599217],[-73.809645,40.598428],[-73.810694,40.597912],[-73.811312,40.597836],[-73.811497,40.597535],[-73.812708,40.596682],[-73.813267,40.596065],[-73.81338,40.595787],[-73.813318,40.59542],[-73.815527,40.593935],[-73.816775,40.593302],[-73.817855,40.593122],[-73.817841,40.593287],[-73.817394,40.593812],[-73.816514,40.595231],[-73.816154,40.596373],[-73.816174,40.597269],[-73.81592,40.599213],[-73.816123,40.600046],[-73.816352,40.600324],[-73.815964,40.602546],[-73.816059,40.602731],[-73.816229,40.602793],[-73.81625,40.602985],[-73.815275,40.605]],[[-73.814806,40.605],[-73.814645,40.60493],[-73.814554,40.605]],[[-73.819951,40.592855],[-73.820015,40.592843],[-73.820058,40.592886],[-73.819951,40.592948],[-73.819951,40.592855]],[[-73.912392,40.592605],[-73.912207,40.592725],[-73.912211,40.592886],[-73.912701,40.592925],[-73.91267,40.592692],[-73.912392,40.592605]],[[-73.818595,40.592454],[-73.818715,40.592454],[-73.818843,40.592641],[-73.819046,40.592639],[-73.818472,40.592864],[-73.818258,40.59267],[-73.818595,40.592454]],[[-73.859442,40.591404],[-73.859552,40.591456],[-73.859552,40.591548],[-73.859344,40.591497],[-73.859442,40.591404]],[[-73.819559,40.591034],[-73.819676,40.591016],[-73.819708,40.591065],[-73.819552,40.591114],[-73.819559,40.591034]],[[-73.765787,40.589243],[-73.765602,40.589267],[-73.765563,40.589306],[-73.765756,40.589405],[-73.765989,40.589336],[-73.765787,40.589243]],[[-73.767701,40.589054],[-73.76764,40.58912],[-73.76767,40.589169],[-73.767749,40.58912],[-73.767701,40.589054]],[[-73.85841,40.589015],[-73.858657,40.589233],[-73.860097,40.589552],[-73.859674,40.589367],[-73.85841,40.589015]],[[-73.818812,40.588437],[-73.81878,40.588534],[-73.818904,40.588594],[-73.818907,40.588472],[-73.818812,40.588437]],[[-73.767022,40.587576],[-73.767701,40.587923],[-73.768182,40.587948],[-73.767783,40.587762],[-73.767022,40.587576]],[[-73.930756,40.587078],[-73.930646,40.587114],[-73.93094,40.587083],[-73.930849,40.587075],[-73.930756,40.587078]],[[-73.76,40.586591],[-73.760566,40.58625],[-73.76,40.586146]],[[-73.846922,40.586003],[-73.847238,40.586003],[-73.847577,40.586292],[-73.847907,40.586312],[-73.848053,40.586497],[-73.847546,40.586631],[-73.847207,40.586565],[-73.846836,40.586256],[-73.846813,40.586034],[-73.846922,40.586003]],[[-73.816812,40.605],[-73.817577,40.60391],[-73.817898,40.602639],[-73.818384,40.601312],[-73.81878,40.59875],[-73.819336,40.59717],[-73.819528,40.597022],[-73.819514,40.596528],[-73.820108,40.595396],[-73.820472,40.594954],[-73.821129,40.594429],[-73.820995,40.594336],[-73.821007,40.594151],[-73.820015,40.594255],[-73.819281,40.594861],[-73.819248,40.59517],[-73.818729,40.595324],[-73.817826,40.597948],[-73.817299,40.598451],[-73.817256,40.598256],[-73.81804,40.596581],[-73.818117,40.595972],[-73.81836,40.595386],[-73.818378,40.594861],[-73.818516,40.594614],[-73.819034,40.594367],[-73.819429,40.594012],[-73.819614,40.594312],[-73.820201,40.593982],[-73.820448,40.594101],[-73.820681,40.593904],[-73.820413,40.59375],[-73.820633,40.59349],[-73.820368,40.593472],[-73.820698,40.593133],[-73.820545,40.593009],[-73.820643,40.592731],[-73.820479,40.592639],[-73.820771,40.591991],[-73.820787,40.591717],[-73.821188,40.591769],[-73.821744,40.591414],[-73.821929,40.591408],[-73.82214,40.591867],[-73.821816,40.592299],[-73.822176,40.592335],[-73.822701,40.592108],[-73.822886,40.591664],[-73.823272,40.591281],[-73.824336,40.59089],[-73.824266,40.591065],[-73.823631,40.591466],[-73.823843,40.591656],[-73.824114,40.591651],[-73.82469,40.591343],[-73.824505,40.59091],[-73.824558,40.590818],[-73.825413,40.590324],[-73.82614,40.59017],[-73.826402,40.589923],[-73.827177,40.589614],[-73.827579,40.588935],[-73.828494,40.588318],[-73.829799,40.587827],[-73.830155,40.587948],[-73.830118,40.588194],[-73.830231,40.588276],[-73.831003,40.588133],[-73.832793,40.587119],[-73.833047,40.586744],[-73.834195,40.586065],[-73.834429,40.585634],[-73.834989,40.585417],[-73.83591,40.585323],[-73.836188,40.585159],[-73.837145,40.585418],[-73.837762,40.585283],[-73.838164,40.5854],[-73.839059,40.585419],[-73.839861,40.5856],[-73.840201,40.585846],[-73.840509,40.585691],[-73.841867,40.586132],[-73.842299,40.586444],[-73.843182,40.586682],[-73.843227,40.586806],[-73.842893,40.587052],[-73.842975,40.587299],[-73.843296,40.587485],[-73.849213,40.589446],[-73.849586,40.589645],[-73.849669,40.58983],[-73.84903,40.591929],[-73.847485,40.595115],[-73.846684,40.597454],[-73.846737,40.598133],[-73.847083,40.598289],[-73.847701,40.597827],[-73.848349,40.597022],[-73.848627,40.596991],[-73.848459,40.598349],[-73.848146,40.599059],[-73.847368,40.600262],[-73.84662,40.600852],[-73.845015,40.601752],[-73.840015,40.60311],[-73.838405,40.60375],[-73.83813,40.603935],[-73.838164,40.60409],[-73.840756,40.603597],[-73.843494,40.603225],[-73.845569,40.602269],[-73.845861,40.602022],[-73.846651,40.600931],[-73.846898,40.600934],[-73.847454,40.600612],[-73.847855,40.600904],[-73.848102,40.600777],[-73.848935,40.599859],[-73.849306,40.59911],[-73.849629,40.597917],[-73.850001,40.595725],[-73.8506,40.59375],[-73.850804,40.592392],[-73.851166,40.590972],[-73.851404,40.590443],[-73.852123,40.590201],[-73.852546,40.589773],[-73.852699,40.589861],[-73.852389,40.590231],[-73.852515,40.590355],[-73.853071,40.590426],[-73.854707,40.590942],[-73.855324,40.590982],[-73.855725,40.59081],[-73.855756,40.591039],[-73.856003,40.591163],[-73.856281,40.591024],[-73.856528,40.591203],[-73.857052,40.59112],[-73.858194,40.591585],[-73.858596,40.591611],[-73.858812,40.591859],[-73.859367,40.592091],[-73.859674,40.592361],[-73.860461,40.592639],[-73.86196,40.593053],[-73.863028,40.593534],[-73.867361,40.594619],[-73.86767,40.594842],[-73.867757,40.595231],[-73.867207,40.595944],[-73.867072,40.596343],[-73.866839,40.598935],[-73.866564,40.599769],[-73.865304,40.602238],[-73.864523,40.60341],[-73.863943,40.604522],[-73.863846,40.60483],[-73.863935,40.604969],[-73.864555,40.604738],[-73.864455,40.605]],[[-73.90272,40.584738],[-73.903781,40.585684],[-73.903768,40.585787],[-73.903565,40.58589],[-73.90338,40.585611],[-73.902917,40.585256],[-73.90272,40.584738]],[[-73.760476,40.584398],[-73.760557,40.58446],[-73.760448,40.584529],[-73.760434,40.58446],[-73.760476,40.584398]],[[-73.760919,40.583688],[-73.76086,40.583966],[-73.760694,40.584161],[-73.760694,40.584033],[-73.760919,40.583688]],[[-73.899704,40.583318],[-73.89979,40.583349],[-73.899768,40.583503],[-73.899583,40.583636],[-73.899488,40.583441],[-73.899704,40.583318]],[[-73.945015,40.583088],[-73.945047,40.583194],[-73.945148,40.583194],[-73.945139,40.583106],[-73.945015,40.583088]],[[-73.942392,40.583025],[-73.942393,40.583102],[-73.942485,40.583139],[-73.942515,40.58304],[-73.942392,40.583025]],[[-73.949985,40.582939],[-73.949894,40.583102],[-73.950015,40.583184],[-73.950093,40.583133],[-73.949985,40.582939]],[[-73.951559,40.582916],[-73.951532,40.582978],[-73.951715,40.582948],[-73.951651,40.582898],[-73.951559,40.582916]],[[-73.95091,40.582848],[-73.950716,40.582917],[-73.950671,40.583009],[-73.951047,40.583071],[-73.951033,40.582886],[-73.95091,40.582848]],[[-73.952207,40.58279],[-73.952098,40.582917],[-73.952377,40.582886],[-73.952353,40.582824],[-73.952207,40.58279]],[[-73.948472,40.582226],[-73.948966,40.582765],[-73.949244,40.582697],[-73.949676,40.58279],[-73.95017,40.582645],[-73.950941,40.582694],[-73.951206,40.582515],[-73.951188,40.582388],[-73.950808,40.58233],[-73.950077,40.582477],[-73.948472,40.582226]],[[-73.952423,40.582204],[-73.951786,40.582269],[-73.95142,40.582361],[-73.951559,40.582565],[-73.952392,40.582664],[-73.952641,40.582269],[-73.952423,40.582204]],[[-73.937619,40.582145],[-73.938102,40.582215],[-73.938175,40.582299],[-73.93804,40.582376],[-73.937619,40.582145]],[[-73.937159,40.582052],[-73.937409,40.582114],[-73.937446,40.582238],[-73.937269,40.582275],[-73.937122,40.582145],[-73.937159,40.582052]],[[-73.934087,40.581867],[-73.934158,40.581898],[-73.93412,40.581978],[-73.934053,40.58196],[-73.934087,40.581867]],[[-73.934275,40.581337],[-73.934275,40.581411],[-73.934367,40.581373],[-73.93435,40.581343],[-73.934275,40.581337]],[[-73.897978,40.581186],[-73.897605,40.581466],[-73.897577,40.581546],[-73.897917,40.58139],[-73.898349,40.581451],[-73.898225,40.581195],[-73.897978,40.581186]],[[-73.869869,40.581065],[-73.870051,40.581096],[-73.870196,40.581343],[-73.87037,40.582546],[-73.870685,40.582855],[-73.871662,40.588349],[-73.871157,40.588071],[-73.871003,40.588101],[-73.870668,40.588781],[-73.870313,40.588935],[-73.869738,40.589622],[-73.869306,40.589681],[-73.869028,40.589973],[-73.86804,40.590332],[-73.867886,40.590856],[-73.867608,40.590964],[-73.867454,40.591207],[-73.867056,40.591281],[-73.866867,40.591721],[-73.866312,40.591609],[-73.865571,40.591218],[-73.864367,40.590979],[-73.862824,40.590456],[-73.860713,40.589892],[-73.859036,40.589614],[-73.858757,40.589645],[-73.858762,40.58983],[-73.859565,40.590725],[-73.859367,40.590871],[-73.858904,40.590873],[-73.859172,40.591065],[-73.858997,40.591425],[-73.858225,40.591309],[-73.857886,40.591084],[-73.857546,40.591125],[-73.857312,40.59091],[-73.857454,40.590565],[-73.857793,40.590601],[-73.857948,40.590951],[-73.858079,40.590849],[-73.858,40.590725],[-73.858181,40.590664],[-73.857485,40.590315],[-73.857446,40.590108],[-73.858194,40.590026],[-73.858521,40.58983],[-73.858526,40.589645],[-73.857793,40.589595],[-73.857299,40.589404],[-73.85696,40.58943],[-73.856157,40.589239],[-73.855293,40.589202],[-73.855108,40.5891],[-73.854614,40.589249],[-73.854548,40.588966],[-73.854175,40.588688],[-73.85341,40.588357],[-73.853133,40.588404],[-73.853009,40.588234],[-73.852917,40.588434],[-73.85267,40.588359],[-73.852504,40.588164],[-73.852471,40.587608],[-73.851829,40.587269],[-73.853812,40.586323],[-73.855293,40.585819],[-73.855602,40.585864],[-73.855797,40.586096],[-73.855741,40.58659],[-73.85591,40.586738],[-73.856371,40.586836],[-73.856404,40.58725],[-73.857226,40.587485],[-73.857297,40.58804],[-73.858596,40.587812],[-73.859954,40.586288],[-73.860787,40.585964],[-73.862608,40.584702],[-73.863824,40.583256],[-73.864429,40.582991],[-73.865262,40.583083],[-73.865633,40.582993],[-73.866713,40.582158],[-73.869869,40.581065]],[[-73.868524,40.580478],[-73.868935,40.580484],[-73.869027,40.580602],[-73.868812,40.580809],[-73.868504,40.580602],[-73.868524,40.580478]],[[-73.905355,40.580044],[-73.905003,40.580324],[-73.905015,40.580554],[-73.905161,40.58054],[-73.905256,40.580324],[-73.90551,40.580139],[-73.905355,40.580044]],[[-73.891601,40.576559],[-73.891676,40.576559],[-73.891701,40.57659],[-73.891524,40.57662],[-73.891601,40.576559]],[[-73.930108,40.57572],[-73.929614,40.575924],[-73.928963,40.576651],[-73.928648,40.577485],[-73.929129,40.577917],[-73.929307,40.578472],[-73.929722,40.57909],[-73.930381,40.580694],[-73.930532,40.581343],[-73.931013,40.581559],[-73.930873,40.581898],[-73.93091,40.582114],[-73.931627,40.582731],[-73.932176,40.582816],[-73.933349,40.582526],[-73.934923,40.58276],[-73.93554,40.582561],[-73.935818,40.582644],[-73.936096,40.582416],[-73.936466,40.582496],[-73.936744,40.582327],[-73.936733,40.582485],[-73.937302,40.582762],[-73.937342,40.582886],[-73.937713,40.582762],[-73.937855,40.582563],[-73.938349,40.582445],[-73.940108,40.582886],[-73.94075,40.582762],[-73.940725,40.582508],[-73.94031,40.582299],[-73.94091,40.582185],[-73.941086,40.582269],[-73.940978,40.582423],[-73.941559,40.582515],[-73.942392,40.58258],[-73.942592,40.582423],[-73.943075,40.582392],[-73.943419,40.582639],[-73.94446,40.582973],[-73.945579,40.583009],[-73.946775,40.583195],[-73.947083,40.583135],[-73.947454,40.583324],[-73.947844,40.583225],[-73.947757,40.582145],[-73.947603,40.582022],[-73.944583,40.581437],[-73.94267,40.581285],[-73.942269,40.581138],[-73.941867,40.581256],[-73.941632,40.581127],[-73.941281,40.581142],[-73.94088,40.581492],[-73.940139,40.581292],[-73.939522,40.581336],[-73.938843,40.581232],[-73.938472,40.581379],[-73.937454,40.58117],[-73.936836,40.581197],[-73.936497,40.581325],[-73.935602,40.581191],[-73.934604,40.581343],[-73.934213,40.58176],[-73.933762,40.581528],[-73.933968,40.581373],[-73.933873,40.581315],[-73.933349,40.581363],[-73.932886,40.58163],[-73.932546,40.581606],[-73.932079,40.581219],[-73.931879,40.580849],[-73.931034,40.57825],[-73.930439,40.577022],[-73.930499,40.57588],[-73.930386,40.575721],[-73.930108,40.57572]],[[-73.904173,40.575355],[-73.904398,40.575327],[-73.904833,40.575386],[-73.904213,40.57575],[-73.903992,40.575571],[-73.904173,40.575355]],[[-73.949336,40.573626],[-73.949243,40.573657],[-73.949188,40.573688],[-73.949444,40.573657],[-73.949336,40.573626]],[[-73.907769,40.57338],[-73.908164,40.573364],[-73.908246,40.573472],[-73.907793,40.573626],[-73.907634,40.573503],[-73.907769,40.57338]],[[-73.940725,40.572512],[-73.940046,40.572617],[-73.939741,40.572855],[-73.939645,40.573451],[-73.940355,40.573766],[-73.940756,40.573784],[-73.941312,40.573679],[-73.941836,40.573364],[-73.941895,40.57304],[-73.941713,40.572772],[-73.941219,40.572563],[-73.940725,40.572512]],[[-73.928745,40.572299],[-73.92943,40.572485],[-73.929306,40.572544],[-73.929244,40.572855],[-73.928349,40.573367],[-73.928294,40.573071],[-73.927978,40.572873],[-73.927928,40.572701],[-73.928745,40.572299]],[[-73.960955,40.571219],[-73.961022,40.571312],[-73.961003,40.571334],[-73.960969,40.571312],[-73.960955,40.571219]],[[-73.943102,40.570303],[-73.94309,40.570386],[-73.943194,40.570425],[-73.943192,40.570324],[-73.943102,40.570303]],[[-73.965262,40.570029],[-73.96524,40.570108],[-73.965324,40.570156],[-73.965361,40.570046],[-73.965262,40.570029]],[[-73.929285,40.56983],[-73.92946,40.56981],[-73.929861,40.570011],[-73.930293,40.569964],[-73.930397,40.570108],[-73.930077,40.570432],[-73.929275,40.57052],[-73.929049,40.570262],[-73.92912,40.569936],[-73.929285,40.56983]],[[-73.923284,40.569707],[-73.923771,40.569738],[-73.92383,40.570262],[-73.924164,40.570571],[-73.924076,40.570849],[-73.924367,40.571218],[-73.924522,40.571763],[-73.925139,40.57192],[-73.925787,40.571507],[-73.926528,40.57124],[-73.926651,40.571435],[-73.926426,40.572083],[-73.925386,40.572431],[-73.925025,40.57304],[-73.924738,40.573115],[-73.923178,40.572145],[-73.922764,40.571775],[-73.92269,40.571528],[-73.922958,40.571312],[-73.922762,40.571008],[-73.92233,40.570927],[-73.920941,40.571168],[-73.919913,40.570941],[-73.92068,40.570664],[-73.920849,40.570481],[-73.921284,40.570448],[-73.921836,40.570092],[-73.923284,40.569707]],[[-73.966673,40.569367],[-73.966744,40.569374],[-73.966744,40.569478],[-73.966682,40.569441],[-73.966673,40.569367]],[[-73.965132,40.56912],[-73.965178,40.569213],[-73.965077,40.569256],[-73.965057,40.569182],[-73.965132,40.56912]],[[-73.965458,40.568904],[-73.965522,40.568997],[-73.965448,40.569115],[-73.965301,40.568997],[-73.965458,40.568904]],[[-73.966384,40.568873],[-73.966929,40.568853],[-73.966989,40.568904],[-73.966744,40.569005],[-73.966682,40.569196],[-73.966528,40.569045],[-73.965969,40.568966],[-73.966384,40.568873]],[[-73.925601,40.568873],[-73.925698,40.568873],[-73.925463,40.568966],[-73.925467,40.568935],[-73.925601,40.568873]],[[-73.965601,40.568812],[-73.965662,40.568873],[-73.96554,40.568878],[-73.965559,40.568843],[-73.965601,40.568812]],[[-73.931394,40.568719],[-73.931513,40.568781],[-73.931421,40.56909],[-73.931127,40.569215],[-73.931188,40.568841],[-73.931394,40.568719]],[[-73.966205,40.568472],[-73.966404,40.568461],[-73.966515,40.568503],[-73.96615,40.568503],[-73.966205,40.568472]],[[-73.931456,40.568349],[-73.931497,40.568452],[-73.931285,40.568472],[-73.931314,40.56841],[-73.931456,40.568349]],[[-73.932485,40.568317],[-73.932438,40.56838],[-73.932547,40.56838],[-73.932546,40.568323],[-73.932485,40.568317]],[[-73.943657,40.568287],[-73.943472,40.5684],[-73.94346,40.568534],[-73.943719,40.568547],[-73.943657,40.568287]],[[-73.966832,40.567978],[-73.967114,40.568024],[-73.967195,40.568071],[-73.966867,40.568297],[-73.966555,40.568133],[-73.966832,40.567978]],[[-73.943935,40.567655],[-73.943803,40.567793],[-73.943966,40.567947],[-73.9441,40.567855],[-73.943935,40.567655]],[[-73.944797,40.567546],[-73.945201,40.56757],[-73.945299,40.567639],[-73.944686,40.567701],[-73.944797,40.567546]],[[-73.944252,40.567515],[-73.944336,40.567498],[-73.944367,40.567616],[-73.944265,40.567608],[-73.944252,40.567515]],[[-73.943812,40.567206],[-73.943773,40.567423],[-73.943935,40.567579],[-73.943965,40.567485],[-73.943812,40.567206]],[[-73.930555,40.567083],[-73.930609,40.567238],[-73.930435,40.568071],[-73.93017,40.568757],[-73.930555,40.567083]],[[-73.944059,40.567072],[-73.943993,40.567176],[-73.94409,40.567234],[-73.944143,40.567145],[-73.944059,40.567072]],[[-73.944552,40.566641],[-73.944524,40.566806],[-73.944707,40.566889],[-73.944753,40.566682],[-73.944552,40.566641]],[[-73.929491,40.566567],[-73.929463,40.56662],[-73.929522,40.566705],[-73.929555,40.56662],[-73.929491,40.566567]],[[-73.936219,40.566065],[-73.936188,40.566169],[-73.93634,40.566065],[-73.936312,40.566047],[-73.936219,40.566065]],[[-73.936682,40.565345],[-73.936584,40.565417],[-73.93662,40.565511],[-73.936773,40.565448],[-73.936682,40.565345]],[[-73.936651,40.564939],[-73.936544,40.565046],[-73.936651,40.565147],[-73.936826,40.565015],[-73.936651,40.564939]],[[-73.916326,40.605],[-73.915456,40.60409],[-73.914755,40.603657],[-73.91471,40.603441],[-73.914398,40.603158],[-73.913194,40.602883],[-73.912762,40.602671],[-73.911744,40.602488],[-73.910262,40.602315],[-73.909491,40.602345],[-73.908997,40.602547],[-73.908627,40.602466],[-73.907577,40.602527],[-73.906806,40.602823],[-73.904552,40.602949],[-73.903966,40.603085],[-73.903565,40.603332],[-73.902948,40.603452],[-73.90091,40.603775],[-73.899799,40.60378],[-73.898966,40.604213],[-73.898164,40.604011],[-73.897529,40.60409],[-73.897238,40.604231],[-73.895725,40.604255],[-73.89446,40.603808],[-73.893318,40.603993],[-73.892639,40.603889],[-73.892207,40.603951],[-73.889923,40.604962],[-73.88983,40.60483],[-73.889592,40.604861],[-73.889234,40.605]],[[-73.882709,40.605],[-73.882454,40.604653],[-73.88159,40.602352],[-73.880209,40.600262],[-73.880233,40.599861],[-73.880479,40.599336],[-73.879905,40.596281],[-73.879881,40.595694],[-73.880175,40.595139],[-73.880046,40.594309],[-73.879348,40.592485],[-73.879297,40.591929],[-73.878645,40.591497],[-73.878828,40.591157],[-73.878448,40.59088],[-73.878562,40.59054],[-73.878311,40.59017],[-73.878279,40.588225],[-73.877434,40.588256],[-73.878217,40.58804],[-73.878256,40.587889],[-73.877794,40.586929],[-73.877358,40.58662],[-73.877315,40.586188],[-73.876435,40.585324],[-73.876526,40.58483],[-73.879506,40.580262],[-73.880905,40.579306],[-73.881074,40.579028],[-73.881518,40.578997],[-73.88161,40.57875],[-73.882207,40.578861],[-73.882701,40.578813],[-73.885331,40.578071],[-73.890873,40.577083],[-73.892087,40.576682],[-73.891857,40.57659],[-73.891978,40.576528],[-73.891991,40.57623],[-73.892176,40.576278],[-73.892392,40.576179],[-73.892515,40.576314],[-73.892577,40.576174],[-73.895231,40.575779],[-73.897546,40.576056],[-73.898966,40.576341],[-73.901112,40.577114],[-73.901682,40.577793],[-73.901621,40.578194],[-73.901836,40.57841],[-73.901929,40.578749],[-73.902309,40.579151],[-73.902955,40.579491],[-73.90341,40.579349],[-73.903824,40.578997],[-73.903172,40.578225],[-73.903192,40.578102],[-73.903657,40.577901],[-73.904738,40.577992],[-73.904954,40.578111],[-73.905078,40.578503],[-73.904306,40.578769],[-73.904182,40.579056],[-73.904892,40.578933],[-73.905324,40.578704],[-73.905849,40.578877],[-73.90625,40.578872],[-73.906929,40.57934],[-73.907252,40.579892],[-73.907701,40.579907],[-73.907978,40.580035],[-73.908719,40.580008],[-73.908828,40.580231],[-73.908664,40.580386],[-73.908688,40.580994],[-73.908436,40.581806],[-73.908264,40.581991],[-73.908256,40.582324],[-73.90767,40.581892],[-73.906713,40.581564],[-73.907057,40.581127],[-73.906528,40.580653],[-73.905417,40.580818],[-73.905445,40.581003],[-73.905856,40.581373],[-73.905896,40.581713],[-73.905324,40.582347],[-73.904207,40.583164],[-73.903596,40.583848],[-73.903102,40.583792],[-73.902639,40.583555],[-73.901215,40.582361],[-73.900355,40.58181],[-73.899676,40.581552],[-73.899375,40.581559],[-73.899476,40.581836],[-73.899336,40.582052],[-73.899469,40.582423],[-73.898667,40.582948],[-73.898883,40.58338],[-73.898688,40.583535],[-73.89767,40.582923],[-73.897238,40.582406],[-73.897052,40.582343],[-73.897022,40.582576],[-73.897261,40.582793],[-73.897397,40.583287],[-73.898491,40.584151],[-73.89889,40.584738],[-73.899143,40.585386],[-73.899586,40.585849],[-73.899155,40.586373],[-73.899243,40.586651],[-73.898808,40.586559],[-73.898946,40.586991],[-73.899676,40.58759],[-73.899954,40.587624],[-73.900694,40.58738],[-73.900787,40.587261],[-73.901219,40.587242],[-73.904552,40.585998],[-73.905262,40.586113],[-73.905694,40.585778],[-73.906127,40.585935],[-73.906836,40.585605],[-73.90733,40.585542],[-73.907335,40.585231],[-73.907701,40.585001],[-73.908503,40.585288],[-73.908824,40.585262],[-73.90909,40.584993],[-73.909344,40.584429],[-73.909738,40.584344],[-73.910262,40.584612],[-73.910941,40.585363],[-73.911929,40.586049],[-73.912281,40.586466],[-73.912569,40.587762],[-73.912328,40.589244],[-73.912144,40.589522],[-73.912183,40.589738],[-73.912719,40.589769],[-73.912762,40.590376],[-73.913133,40.590079],[-73.913441,40.590306],[-73.914059,40.590467],[-73.913997,40.590865],[-73.914367,40.590937],[-73.914707,40.590884],[-73.914848,40.590725],[-73.914151,40.590305],[-73.913928,40.589954],[-73.91379,40.589398],[-73.913818,40.588719],[-73.914552,40.587918],[-73.917051,40.587176],[-73.917817,40.586281],[-73.918935,40.585822],[-73.919676,40.585972],[-73.920324,40.585835],[-73.920941,40.585542],[-73.92341,40.58569],[-73.924336,40.58549],[-73.924861,40.585499],[-73.925633,40.58588],[-73.927093,40.587392],[-73.927299,40.587479],[-73.927842,40.588225],[-73.927978,40.588731],[-73.928472,40.588733],[-73.928657,40.588972],[-73.929954,40.589332],[-73.930639,40.589769],[-73.930779,40.590571],[-73.930709,40.591466],[-73.930464,40.592485],[-73.930075,40.593133],[-73.930059,40.593503],[-73.930347,40.593997],[-73.930849,40.594337],[-73.931157,40.594317],[-73.932423,40.594679],[-73.932513,40.594583],[-73.932427,40.594213],[-73.932255,40.594182],[-73.931919,40.593657],[-73.931772,40.593194],[-73.931334,40.592608],[-73.931299,40.592299],[-73.930955,40.592022],[-73.93122,40.590756],[-73.931065,40.58984],[-73.930674,40.58946],[-73.930355,40.588602],[-73.92946,40.587786],[-73.929429,40.587394],[-73.930261,40.587145],[-73.929306,40.587235],[-73.928194,40.587069],[-73.927683,40.586775],[-73.927361,40.586745],[-73.927299,40.586468],[-73.92696,40.586453],[-73.926898,40.586217],[-73.926682,40.586274],[-73.926497,40.586041],[-73.92625,40.586006],[-73.926312,40.585664],[-73.925941,40.585721],[-73.92586,40.585571],[-73.925941,40.585392],[-73.925664,40.585503],[-73.925571,40.585208],[-73.925293,40.585313],[-73.925021,40.585201],[-73.924985,40.585046],[-73.924275,40.584965],[-73.923472,40.585069],[-73.92233,40.584924],[-73.920509,40.584944],[-73.918009,40.585871],[-73.917145,40.586376],[-73.91659,40.586308],[-73.915108,40.586741],[-73.91446,40.586626],[-73.91409,40.586707],[-73.913627,40.586587],[-73.913513,40.586343],[-73.912903,40.586312],[-73.912474,40.586003],[-73.91125,40.583848],[-73.910725,40.583167],[-73.910282,40.582793],[-73.909603,40.58162],[-73.909761,40.581096],[-73.910139,40.580719],[-73.911713,40.579902],[-73.911938,40.579552],[-73.912423,40.579261],[-73.912438,40.57909],[-73.912139,40.578596],[-73.911806,40.578468],[-73.911559,40.578667],[-73.911003,40.578608],[-73.91011,40.579275],[-73.909676,40.579427],[-73.90985,40.57912],[-73.910365,40.578873],[-73.910561,40.578534],[-73.910852,40.57838],[-73.909954,40.577928],[-73.908541,40.577577],[-73.90832,40.577299],[-73.908748,40.577114],[-73.90912,40.576727],[-73.909351,40.576281],[-73.908873,40.576187],[-73.90838,40.576663],[-73.908133,40.57672],[-73.907933,40.576096],[-73.90807,40.575694],[-73.90678,40.575139],[-73.906628,40.574892],[-73.906775,40.574571],[-73.907238,40.574293],[-73.90841,40.574039],[-73.909336,40.573444],[-73.910725,40.573154],[-73.912269,40.57251],[-73.913503,40.572343],[-73.913781,40.572413],[-73.914306,40.572228],[-73.914676,40.572268],[-73.915108,40.572067],[-73.915602,40.572065],[-73.916065,40.571829],[-73.916466,40.57183],[-73.91662,40.571721],[-73.916775,40.571805],[-73.916929,40.571585],[-73.917145,40.571711],[-73.917361,40.571504],[-73.917238,40.571969],[-73.91788,40.57196],[-73.917485,40.57233],[-73.916682,40.572735],[-73.915756,40.572699],[-73.914861,40.572926],[-73.914601,40.573071],[-73.914661,40.573318],[-73.915664,40.573994],[-73.916836,40.574173],[-73.919244,40.574295],[-73.91975,40.574429],[-73.917515,40.57459],[-73.915842,40.575386],[-73.914861,40.575542],[-73.914306,40.575805],[-73.9141,40.575787],[-73.914138,40.575571],[-73.914028,40.575456],[-73.91338,40.575498],[-73.911806,40.576129],[-73.911373,40.576127],[-73.911357,40.576219],[-73.911602,40.576343],[-73.911631,40.576867],[-73.911775,40.576713],[-73.912269,40.576917],[-73.912546,40.576899],[-73.918318,40.575872],[-73.918688,40.575918],[-73.920756,40.575709],[-73.923657,40.575797],[-73.92588,40.575619],[-73.927455,40.57517],[-73.927762,40.573921],[-73.928225,40.573592],[-73.928456,40.57375],[-73.928329,40.574028],[-73.928612,40.574583],[-73.927959,40.575324],[-73.928133,40.575441],[-73.928503,40.575434],[-73.929033,40.575108],[-73.929144,40.574769],[-73.929954,40.574367],[-73.930756,40.574132],[-73.931528,40.573529],[-73.931799,40.57304],[-73.931898,40.572482],[-73.932462,40.57196],[-73.93304,40.571184],[-73.933927,40.570602],[-73.934011,40.569892],[-73.934776,40.569244],[-73.934752,40.56909],[-73.935015,40.569086],[-73.935058,40.569213],[-73.935448,40.569324],[-73.936682,40.569203],[-73.93696,40.569074],[-73.937349,40.568627],[-73.937458,40.567269],[-73.937695,40.566898],[-73.939189,40.565602],[-73.939398,40.565226],[-73.939653,40.565262],[-73.939954,40.564961],[-73.940417,40.564921],[-73.940509,40.564731],[-73.941404,40.564588],[-73.941559,40.564816],[-73.941744,40.564662],[-73.942207,40.565088],[-73.942299,40.565052],[-73.94233,40.565504],[-73.942654,40.565478],[-73.942536,40.565756],[-73.942599,40.566034],[-73.942753,40.565941],[-73.942731,40.565801],[-73.942886,40.566076],[-73.943135,40.566127],[-73.943194,40.566303],[-73.943657,40.566355],[-73.943643,40.566775],[-73.943783,40.566898],[-73.944001,40.566867],[-73.943966,40.56663],[-73.944227,40.566651],[-73.94412,40.566844],[-73.94461,40.566435],[-73.944853,40.566435],[-73.944949,40.566929],[-73.944395,40.567052],[-73.944411,40.567299],[-73.944244,40.567382],[-73.944158,40.567608],[-73.944225,40.567917],[-73.943871,40.568071],[-73.943904,40.568837],[-73.943719,40.568697],[-73.943596,40.56885],[-73.94341,40.568733],[-73.943371,40.568904],[-73.942948,40.569053],[-73.942917,40.569249],[-73.942765,40.569244],[-73.942668,40.56946],[-73.94302,40.569583],[-73.942997,40.569738],[-73.943133,40.56982],[-73.943423,40.569892],[-73.943303,40.570046],[-73.943373,40.570355],[-73.943794,40.570448],[-73.943685,40.570633],[-73.944127,40.570787],[-73.944028,40.570849],[-73.94412,40.571016],[-73.944398,40.571027],[-73.944289,40.571157],[-73.944336,40.571276],[-73.944645,40.571207],[-73.944861,40.57129],[-73.945015,40.571056],[-73.945108,40.57126],[-73.946133,40.571219],[-73.946003,40.57147],[-73.945602,40.57162],[-73.945639,40.57196],[-73.945448,40.572059],[-73.945281,40.572485],[-73.945386,40.57267],[-73.945156,40.572978],[-73.945386,40.57323],[-73.945756,40.573345],[-73.947022,40.573092],[-73.948565,40.57311],[-73.948935,40.573003],[-73.949306,40.573046],[-73.94984,40.573349],[-73.949861,40.573541],[-73.95017,40.573546],[-73.950448,40.573813],[-73.950664,40.573861],[-73.953287,40.573407],[-73.955077,40.57332],[-73.956157,40.573091],[-73.957299,40.573065],[-73.958318,40.572773],[-73.960417,40.572786],[-73.960945,40.572546],[-73.961139,40.571867],[-73.961071,40.57159],[-73.961176,40.571466],[-73.961109,40.571188],[-73.961197,40.571096],[-73.961651,40.570926],[-73.962022,40.570966],[-73.962515,40.570621],[-73.963441,40.570336],[-73.96375,40.570392],[-73.964522,40.570149],[-73.964799,40.570257],[-73.965046,40.570023],[-73.966127,40.569831],[-73.966654,40.569892],[-73.966887,40.570324],[-73.966814,40.570478],[-73.966965,40.570633],[-73.966865,40.570849],[-73.966967,40.571034],[-73.966827,40.571435],[-73.967172,40.571867],[-73.967639,40.571964],[-73.969614,40.571663],[-73.97,40.571649]],[[-73.935632,40.564059],[-73.935741,40.56409],[-73.935756,40.564244],[-73.936373,40.564111],[-73.936404,40.564319],[-73.936528,40.564146],[-73.936713,40.564116],[-73.936867,40.564288],[-73.937022,40.564274],[-73.93693,40.56446],[-73.937286,40.56446],[-73.937273,40.564707],[-73.937396,40.564861],[-73.93733,40.565046],[-73.937439,40.56517],[-73.937387,40.565355],[-73.937237,40.565509],[-73.937022,40.565533],[-73.937052,40.565818],[-73.93696,40.565895],[-73.936867,40.565803],[-73.93664,40.566096],[-73.936672,40.566188],[-73.93659,40.566118],[-73.936343,40.566237],[-73.935725,40.566721],[-73.935324,40.566502],[-73.934705,40.566775],[-73.934738,40.566864],[-73.935107,40.566898],[-73.934861,40.567092],[-73.935321,40.567114],[-73.934457,40.567485],[-73.934906,40.567608],[-73.934511,40.567824],[-73.934659,40.568009],[-73.93409,40.568525],[-73.933534,40.568692],[-73.933097,40.569028],[-73.932361,40.569328],[-73.932205,40.569306],[-73.931984,40.569059],[-73.932061,40.568812],[-73.931961,40.568688],[-73.932039,40.568534],[-73.931949,40.568164],[-73.931628,40.567731],[-73.93173,40.567577],[-73.931343,40.567205],[-73.93135,40.566991],[-73.93119,40.566867],[-73.931334,40.566651],[-73.931314,40.566281],[-73.931065,40.566121],[-73.930725,40.566225],[-73.93017,40.565813],[-73.930097,40.56588],[-73.930227,40.566096],[-73.929907,40.56659],[-73.929799,40.566992],[-73.929306,40.567137],[-73.92804,40.566849],[-73.927485,40.567112],[-73.927287,40.56733],[-73.927283,40.567515],[-73.927447,40.56767],[-73.927752,40.567701],[-73.928005,40.567978],[-73.927633,40.56841],[-73.927269,40.568591],[-73.926065,40.568559],[-73.925906,40.568503],[-73.925913,40.568318],[-73.925355,40.568158],[-73.922608,40.568706],[-73.922299,40.568711],[-73.922052,40.56844],[-73.921682,40.568617],[-73.921066,40.568596],[-73.921435,40.568254],[-73.92156,40.568287],[-73.921536,40.568164],[-73.921704,40.568009],[-73.922432,40.567701],[-73.922936,40.56733],[-73.926396,40.566096],[-73.927855,40.565738],[-73.928688,40.565781],[-73.929522,40.565568],[-73.930273,40.56517],[-73.931991,40.564642],[-73.932701,40.564552],[-73.932917,40.564732],[-73.933688,40.564651],[-73.934151,40.564787],[-73.935632,40.564059]],[[-73.951525,40.55841],[-73.95162,40.558416],[-73.95159,40.558557],[-73.951435,40.558585],[-73.951525,40.55841]],[[-73.953199,40.557515],[-73.953298,40.557546],[-73.953133,40.557701],[-73.953089,40.557639],[-73.953199,40.557515]],[[-73.97,40.56454],[-73.969892,40.564547],[-73.969623,40.564398],[-73.969502,40.56409],[-73.969985,40.563751],[-73.97,40.563734]],[[-73.947908,40.550448],[-73.948052,40.550602],[-73.948009,40.550858],[-73.947948,40.550754],[-73.947908,40.550448]],[[-73.947852,40.55017],[-73.947912,40.550293],[-73.947886,40.550308],[-73.947855,40.550206],[-73.947852,40.55017]],[[-73.942022,40.543644],[-73.941989,40.54375],[-73.942022,40.543936],[-73.942109,40.54375],[-73.942022,40.543644]],[[-73.76,40.585728],[-73.760346,40.585602],[-73.760285,40.585448],[-73.76,40.585425]],[[-73.76,40.585217],[-73.760293,40.584664],[-73.760386,40.584609],[-73.76054,40.584783],[-73.761651,40.583848],[-73.761929,40.583432],[-73.762067,40.583565],[-73.761618,40.584645],[-73.761218,40.585108],[-73.760998,40.585633],[-73.760997,40.58591],[-73.761404,40.586392],[-73.761775,40.586132],[-73.762361,40.586114],[-73.762628,40.585818],[-73.762793,40.58477],[-73.763719,40.585245],[-73.764123,40.585972],[-73.764676,40.586284],[-73.76454,40.585787],[-73.764059,40.584858],[-73.766682,40.585203],[-73.770139,40.5864],[-73.771004,40.586806],[-73.771188,40.586994],[-73.771744,40.587068],[-73.771237,40.587701],[-73.771466,40.588526],[-73.772299,40.588868],[-73.773256,40.588951],[-73.774306,40.588674],[-73.776003,40.588632],[-73.779861,40.58793],[-73.781653,40.587886],[-73.781616,40.587423],[-73.781387,40.58696],[-73.781497,40.586577],[-73.781806,40.586639],[-73.782886,40.58721],[-73.784552,40.587298],[-73.784752,40.587207],[-73.784892,40.586766],[-73.785725,40.586837],[-73.788596,40.58635],[-73.78946,40.586338],[-73.789738,40.586145],[-73.794799,40.585156],[-73.796112,40.585046],[-73.798349,40.584417],[-73.800355,40.583993],[-73.802833,40.583688],[-73.805386,40.583048],[-73.806879,40.582855],[-73.811898,40.581798],[-73.823413,40.578688],[-73.829861,40.576443],[-73.833041,40.575664],[-73.833161,40.575417],[-73.833997,40.575229],[-73.83412,40.575023],[-73.836559,40.57424],[-73.83983,40.572908],[-73.843755,40.571836],[-73.84591,40.571115],[-73.8462,40.571188],[-73.846929,40.570917],[-73.847423,40.570552],[-73.84909,40.5701],[-73.849985,40.569612],[-73.850941,40.569491],[-73.852114,40.568889],[-73.852855,40.568763],[-73.853102,40.568591],[-73.855355,40.567926],[-73.858318,40.566856],[-73.862022,40.565717],[-73.863194,40.565507],[-73.865117,40.564954],[-73.868225,40.563909],[-73.868565,40.563901],[-73.868904,40.563655],[-73.87554,40.561466],[-73.879942,40.559799],[-73.88341,40.558663],[-73.892392,40.555896],[-73.900602,40.553866],[-73.902978,40.55318],[-73.908719,40.550993],[-73.912701,40.549645],[-73.915514,40.548441],[-73.93008,40.544028],[-73.934275,40.543207],[-73.935231,40.542928],[-73.937454,40.541999],[-73.940108,40.540386],[-73.940355,40.540304],[-73.940509,40.540448],[-73.940581,40.540201],[-73.940756,40.540091],[-73.941101,40.540201],[-73.941188,40.54047],[-73.94204,40.540818],[-73.942513,40.541312],[-73.942399,40.54162],[-73.94176,40.542238],[-73.941919,40.543102],[-73.942116,40.543164],[-73.942198,40.543565],[-73.9422,40.544552],[-73.942145,40.544623],[-73.941965,40.544522],[-73.941929,40.544296],[-73.941915,40.544707],[-73.941964,40.544861],[-73.942189,40.544985],[-73.942237,40.545324],[-73.942418,40.545509],[-73.942379,40.545787],[-73.942557,40.545849],[-73.942535,40.546034],[-73.942864,40.546528],[-73.942831,40.546775],[-73.943197,40.547855],[-73.94325,40.548534],[-73.94307,40.54946],[-73.943151,40.549954],[-73.942946,40.55091],[-73.942464,40.552361],[-73.941873,40.553534],[-73.940207,40.555478],[-73.93767,40.557496],[-73.936281,40.558246],[-73.931991,40.560056],[-73.930756,40.560722],[-73.930503,40.561003],[-73.930077,40.561237],[-73.928873,40.561607],[-73.925417,40.562291],[-73.923318,40.562622],[-73.921836,40.562657],[-73.919861,40.563078],[-73.919213,40.563103],[-73.917392,40.564087],[-73.914923,40.564773],[-73.912423,40.565817],[-73.911744,40.565852],[-73.910694,40.565683],[-73.908884,40.565108],[-73.90804,40.565039],[-73.905571,40.565357],[-73.903657,40.565743],[-73.900787,40.566022],[-73.900535,40.56625],[-73.900571,40.566476],[-73.900234,40.56662],[-73.899522,40.566756],[-73.898627,40.566738],[-73.897731,40.566941],[-73.895943,40.567855],[-73.892639,40.569067],[-73.889892,40.569055],[-73.888688,40.569154],[-73.886219,40.568889],[-73.885633,40.568973],[-73.884923,40.56875],[-73.884244,40.56886],[-73.883966,40.568797],[-73.883843,40.5689],[-73.883534,40.568739],[-73.882608,40.568703],[-73.88233,40.56875],[-73.882269,40.56898],[-73.881929,40.568882],[-73.881096,40.568899],[-73.877454,40.569284],[-73.869506,40.573256],[-73.868843,40.573475],[-73.868102,40.573558],[-73.86625,40.574508],[-73.86545,40.574769],[-73.863505,40.576281],[-73.861219,40.577278],[-73.860342,40.577855],[-73.857651,40.579213],[-73.857577,40.579369],[-73.857299,40.579399],[-73.855563,40.58054],[-73.856096,40.580564],[-73.857238,40.580217],[-73.857639,40.580238],[-73.858069,40.580478],[-73.85805,40.580941],[-73.857917,40.581168],[-73.856127,40.581606],[-73.855787,40.58148],[-73.855571,40.581219],[-73.855355,40.581238],[-73.852485,40.582085],[-73.85054,40.582355],[-73.848627,40.582276],[-73.846281,40.581964],[-73.844491,40.581951],[-73.839799,40.582319],[-73.839432,40.582485],[-73.839181,40.582793],[-73.838719,40.582922],[-73.837392,40.582933],[-73.837176,40.583092],[-73.833596,40.583574],[-73.832057,40.583997],[-73.83162,40.584322],[-73.830972,40.584251],[-73.828953,40.58483],[-73.828656,40.584954],[-73.828336,40.585849],[-73.827978,40.586203],[-73.823441,40.587566],[-73.822855,40.587609],[-73.821559,40.587025],[-73.821157,40.587035],[-73.819965,40.58767],[-73.819923,40.58803],[-73.819491,40.587954],[-73.819442,40.588843],[-73.818958,40.588781],[-73.818472,40.589156],[-73.818287,40.588936],[-73.817824,40.588925],[-73.817921,40.589028],[-73.817897,40.589244],[-73.818047,40.589367],[-73.817855,40.58981],[-73.817546,40.589844],[-73.817383,40.590077],[-73.81696,40.590323],[-73.816127,40.590399],[-73.815417,40.590813],[-73.815025,40.591219],[-73.813545,40.591991],[-73.812299,40.592983],[-73.811775,40.593099],[-73.811651,40.593282],[-73.811497,40.593219],[-73.811325,40.593318],[-73.811312,40.593477],[-73.811713,40.59331],[-73.811651,40.593495],[-73.811343,40.593635],[-73.811034,40.593466],[-73.810571,40.593446],[-73.809676,40.59385],[-73.808966,40.593918],[-73.80795,40.595201],[-73.807276,40.595756],[-73.807114,40.596117],[-73.806806,40.596307],[-73.80662,40.596338],[-73.806528,40.596177],[-73.805787,40.596058],[-73.80446,40.595196],[-73.803759,40.594151],[-73.803663,40.593164],[-73.80338,40.592964],[-73.803071,40.593057],[-73.802793,40.592822],[-73.80272,40.59338],[-73.802828,40.593812],[-73.803318,40.594141],[-73.803565,40.59467],[-73.804707,40.595758],[-73.805084,40.595787],[-73.804707,40.596034],[-73.805108,40.596584],[-73.805262,40.59699],[-73.805537,40.597238],[-73.805008,40.598225],[-73.804164,40.599059],[-73.803868,40.599769],[-73.802423,40.600336],[-73.798812,40.600567],[-73.797625,40.600509],[-73.797728,40.600324],[-73.79767,40.600155],[-73.796991,40.599947],[-73.79483,40.600176],[-73.794304,40.600756],[-73.79409,40.600803],[-73.793904,40.600633],[-73.793472,40.600615],[-73.79233,40.600965],[-73.789101,40.603194],[-73.788584,40.603349],[-73.787506,40.604306],[-73.786823,40.604182],[-73.786125,40.603719],[-73.785713,40.602978],[-73.785701,40.602731],[-73.786713,40.602312],[-73.787022,40.602046],[-73.787731,40.600868],[-73.788256,40.600418],[-73.789628,40.599583],[-73.789716,40.599398],[-73.789561,40.599244],[-73.790025,40.59909],[-73.790045,40.598781],[-73.790417,40.598355],[-73.790571,40.597974],[-73.790677,40.597546],[-73.790503,40.597515],[-73.790863,40.597176],[-73.790817,40.596373],[-73.790546,40.595849],[-73.790474,40.595077],[-73.790201,40.594931],[-73.789861,40.594952],[-73.78975,40.595201],[-73.789933,40.595664],[-73.789955,40.596157],[-73.789738,40.596217],[-73.789583,40.595809],[-73.789471,40.596188],[-73.789573,40.597207],[-73.789408,40.597515],[-73.789473,40.597886],[-73.789348,40.598318],[-73.788071,40.599042],[-73.787361,40.599574],[-73.787113,40.599954],[-73.786188,40.60053],[-73.785855,40.601034],[-73.785864,40.601373],[-73.785253,40.602052],[-73.785284,40.602515],[-73.784539,40.603441],[-73.784493,40.604244],[-73.78483,40.605]],[[-73.945361,40.540077],[-73.945941,40.540213],[-73.946466,40.540666],[-73.947083,40.541018],[-73.947207,40.540962],[-73.947423,40.54143],[-73.948403,40.541806],[-73.949275,40.542623],[-73.950108,40.542991],[-73.951127,40.543899],[-73.952437,40.545756],[-73.952731,40.546532],[-73.953225,40.547328],[-73.95357,40.548287],[-73.953757,40.54838],[-73.954221,40.54946],[-73.9543,40.549954],[-73.954213,40.550046],[-73.954437,40.550324],[-73.954438,40.55088],[-73.954223,40.551312],[-73.954406,40.551404],[-73.95429,40.551497],[-73.95419,40.55196],[-73.954157,40.553503],[-73.953801,40.55412],[-73.953537,40.554954],[-73.952979,40.555941],[-73.952701,40.556101],[-73.952176,40.556931],[-73.95177,40.557299],[-73.951861,40.557515],[-73.951559,40.557669],[-73.951559,40.557859],[-73.951213,40.558133],[-73.951361,40.558256],[-73.951194,40.558534],[-73.950941,40.558529],[-73.951044,40.558657],[-73.950787,40.558739],[-73.95017,40.559254],[-73.950038,40.559182],[-73.950139,40.559052],[-73.949861,40.559214],[-73.949522,40.559161],[-73.947943,40.560046],[-73.946744,40.560442],[-73.945417,40.560455],[-73.944491,40.560242],[-73.944249,40.560077],[-73.945784,40.558256],[-73.945927,40.557762],[-73.945711,40.557731],[-73.945725,40.557639],[-73.946376,40.556651],[-73.946795,40.555756],[-73.947117,40.555386],[-73.947083,40.555035],[-73.947546,40.55409],[-73.947923,40.552392],[-73.948009,40.551152],[-73.948133,40.551714],[-73.948305,40.551003],[-73.948115,40.549398],[-73.947867,40.548472],[-73.947762,40.548438],[-73.947725,40.548657],[-73.947875,40.549645],[-73.947793,40.549782],[-73.946561,40.545478],[-73.944759,40.542485],[-73.94472,40.541651],[-73.944815,40.541127],[-73.945361,40.540077]],[[-73.94462,40.539769],[-73.944773,40.539769],[-73.944663,40.540201],[-73.94446,40.540273],[-73.944304,40.539985],[-73.94462,40.539769]],[[-73.926945,40.530756],[-73.927198,40.530818],[-73.927176,40.531075],[-73.927423,40.530937],[-73.927978,40.530871],[-73.92841,40.531089],[-73.928688,40.530999],[-73.92909,40.531203],[-73.929213,40.531088],[-73.929395,40.531219],[-73.929238,40.531373],[-73.929362,40.531466],[-73.929289,40.531559],[-73.929366,40.531775],[-73.929161,40.531806],[-73.929073,40.532022],[-73.928843,40.532165],[-73.928565,40.532207],[-73.928546,40.532392],[-73.92838,40.532403],[-73.928225,40.532581],[-73.927948,40.532637],[-73.92767,40.532529],[-73.926929,40.532835],[-73.926633,40.533133],[-73.927059,40.533133],[-73.926559,40.533424],[-73.926745,40.533688],[-73.926528,40.533776],[-73.925633,40.533365],[-73.925406,40.533071],[-73.925478,40.532793],[-73.925381,40.532608],[-73.925535,40.532052],[-73.925998,40.531157],[-73.926343,40.530924],[-73.926945,40.530756]],[[-73.927793,40.530664],[-73.927872,40.530664],[-73.92784,40.530756],[-73.927577,40.530883],[-73.927373,40.530756],[-73.927793,40.530664]],[[-73.928011,40.530633],[-73.928071,40.530602],[-73.928178,40.530664],[-73.928071,40.53069],[-73.928011,40.530633]]]}},
{"type":"Feature","properties":{"depthFt":14},"geometry":{"type":"MultiLineString","coordinates":[[[-73.823815,40.605],[-73.823812,40.604991],[-73.823225,40.604785],[-73.823111,40.605]],[[-73.897763,40.605],[-73.897855,40.604909],[-73.898556,40.605]],[[-73.899084,40.605],[-73.899676,40.604851],[-73.900633,40.604817],[-73.901169,40.605]],[[-73.901357,40.605],[-73.901466,40.604945],[-73.901565,40.605]],[[-73.903436,40.605],[-73.903503,40.604977],[-73.90409,40.604925],[-73.904645,40.604714],[-73.905231,40.604734],[-73.905417,40.604629],[-73.905591,40.605]],[[-73.90809,40.605],[-73.908153,40.60446],[-73.90838,40.604016],[-73.909028,40.603675],[-73.91091,40.603323],[-73.913009,40.603548],[-73.913781,40.603785],[-73.915049,40.605]],[[-73.910139,40.602361],[-73.910082,40.602423],[-73.910379,40.602392],[-73.910293,40.60235],[-73.910139,40.602361]],[[-73.802238,40.60186],[-73.802134,40.602052],[-73.80233,40.602147],[-73.802318,40.601929],[-73.802238,40.60186]],[[-73.794652,40.605],[-73.795425,40.604614],[-73.796003,40.604166],[-73.796188,40.603886],[-73.796929,40.603396],[-73.797361,40.603268],[-73.797731,40.603339],[-73.798349,40.603251],[-73.799738,40.602832],[-73.800046,40.60252],[-73.801867,40.602183],[-73.801836,40.602076],[-73.801415,40.601929],[-73.801836,40.601524],[-73.801898,40.601668],[-73.802824,40.601839],[-73.803009,40.602087],[-73.803565,40.601909],[-73.80401,40.602083],[-73.804239,40.602423],[-73.804398,40.60234],[-73.804521,40.602515],[-73.804491,40.603534],[-73.804635,40.603812],[-73.804545,40.604336],[-73.804799,40.605]],[[-73.845725,40.601524],[-73.844861,40.601931],[-73.843256,40.602436],[-73.842299,40.602541],[-73.840077,40.603149],[-73.838926,40.603596],[-73.838628,40.603873],[-73.839429,40.603839],[-73.843318,40.603114],[-73.84517,40.602265],[-73.845719,40.601713],[-73.845725,40.601524]],[[-73.920293,40.600384],[-73.920196,40.600602],[-73.920386,40.600812],[-73.920471,40.600725],[-73.920293,40.600384]],[[-73.826127,40.600386],[-73.825139,40.601293],[-73.824916,40.601682],[-73.826438,40.600448],[-73.826127,40.600386]],[[-73.918657,40.599828],[-73.918574,40.599954],[-73.918688,40.60007],[-73.91886,40.599892],[-73.918657,40.599828]],[[-73.922855,40.599302],[-73.922485,40.599815],[-73.922,40.599954],[-73.922267,40.600386],[-73.922227,40.60054],[-73.922423,40.600742],[-73.922608,40.600762],[-73.923102,40.600326],[-73.923546,40.599676],[-73.92338,40.599433],[-73.922855,40.599302]],[[-73.923133,40.598765],[-73.922978,40.598952],[-73.923009,40.599081],[-73.923256,40.59891],[-73.923133,40.598765]],[[-73.824769,40.598495],[-73.824389,40.598935],[-73.824373,40.599244],[-73.825216,40.599275],[-73.824814,40.598719],[-73.824769,40.598495]],[[-73.773661,40.605],[-73.773668,40.604985],[-73.773663,40.604707],[-73.773948,40.604336],[-73.7742,40.603565],[-73.773944,40.602978],[-73.773997,40.602793],[-73.774306,40.602601],[-73.775633,40.602426],[-73.776991,40.601338],[-73.777948,40.600198],[-73.778287,40.600062],[-73.778719,40.600078],[-73.779132,40.600324],[-73.779738,40.600374],[-73.779796,40.600231],[-73.780262,40.600012],[-73.780417,40.599767],[-73.780996,40.599491],[-73.781127,40.599213],[-73.781701,40.598904],[-73.781727,40.598657],[-73.781608,40.59841],[-73.780972,40.597863],[-73.780411,40.597639],[-73.77983,40.597636],[-73.778967,40.59804],[-73.778935,40.598334],[-73.778596,40.598325],[-73.778056,40.598719],[-73.77703,40.600448],[-73.776219,40.601481],[-73.774614,40.602162],[-73.774357,40.602083],[-73.774543,40.601806],[-73.774324,40.601466],[-73.774438,40.601188],[-73.774398,40.600965],[-73.773854,40.600231],[-73.773732,40.599892],[-73.773827,40.599182],[-73.773751,40.598997],[-73.77341,40.598677],[-73.772605,40.598503],[-73.772485,40.598219],[-73.771233,40.598565],[-73.771585,40.598873],[-73.771613,40.599336],[-73.771381,40.600972],[-73.77144,40.601373],[-73.771288,40.601682],[-73.77151,40.602238],[-73.771281,40.602385],[-73.771229,40.602608],[-73.771407,40.60304],[-73.77162,40.603131],[-73.771826,40.60304],[-73.771868,40.602639],[-73.771682,40.602254],[-73.772454,40.602504],[-73.772744,40.602855],[-73.772454,40.603342],[-73.771754,40.603935],[-73.771836,40.604261],[-73.772418,40.604522],[-73.77222,40.605]],[[-73.914429,40.596862],[-73.914439,40.597114],[-73.914784,40.597083],[-73.914676,40.596898],[-73.914429,40.596862]],[[-73.810029,40.596775],[-73.810057,40.596867],[-73.809985,40.596915],[-73.80998,40.596836],[-73.810029,40.596775]],[[-73.809502,40.595818],[-73.809604,40.595818],[-73.809583,40.59591],[-73.809284,40.596157],[-73.806682,40.597739],[-73.80708,40.597269],[-73.80809,40.59659],[-73.808441,40.596043],[-73.808781,40.596049],[-73.809502,40.595818]],[[-73.789552,40.595384],[-73.789512,40.595448],[-73.789552,40.595511],[-73.789576,40.595448],[-73.789552,40.595384]],[[-73.804522,40.595319],[-73.804738,40.595712],[-73.80483,40.595592],[-73.804923,40.595726],[-73.805077,40.595668],[-73.804522,40.595319]],[[-73.790694,40.595218],[-73.790664,40.595272],[-73.790756,40.595327],[-73.790763,40.595262],[-73.790694,40.595218]],[[-73.810476,40.594861],[-73.810765,40.594923],[-73.810664,40.59533],[-73.810618,40.595077],[-73.810476,40.594861]],[[-73.808926,40.594738],[-73.809015,40.594738],[-73.808781,40.594913],[-73.808783,40.594861],[-73.808926,40.594738]],[[-73.81733,40.594735],[-73.81696,40.595063],[-73.816301,40.596343],[-73.816335,40.59804],[-73.816112,40.598472],[-73.816188,40.599012],[-73.816995,40.598009],[-73.817825,40.596065],[-73.817855,40.595654],[-73.818109,40.595355],[-73.818009,40.595206],[-73.817602,40.595108],[-73.817546,40.594822],[-73.81733,40.594735]],[[-73.816784,40.605],[-73.817423,40.604111],[-73.818294,40.601528],[-73.81876,40.598627],[-73.81901,40.597793],[-73.819458,40.596991],[-73.819339,40.596806],[-73.819358,40.59659],[-73.819861,40.595324],[-73.820346,40.595046],[-73.820192,40.594861],[-73.820293,40.594533],[-73.819954,40.594619],[-73.819575,40.595015],[-73.820015,40.594941],[-73.81983,40.595206],[-73.819213,40.595451],[-73.818753,40.595972],[-73.818029,40.597917],[-73.817312,40.598873],[-73.816545,40.601157],[-73.81659,40.602616],[-73.815826,40.603904],[-73.815414,40.604954],[-73.815356,40.605]],[[-73.820077,40.594327],[-73.819899,40.594429],[-73.819819,40.594552],[-73.819954,40.59452],[-73.820077,40.594327]],[[-73.809855,40.594213],[-73.810008,40.594244],[-73.809892,40.59438],[-73.809799,40.594306],[-73.809855,40.594213]],[[-73.820849,40.594175],[-73.820571,40.594237],[-73.820445,40.59446],[-73.820689,40.59446],[-73.820571,40.59481],[-73.821041,40.59446],[-73.820887,40.594367],[-73.82095,40.594182],[-73.820849,40.594175]],[[-73.820046,40.593934],[-73.819662,40.594059],[-73.819655,40.594182],[-73.819861,40.594156],[-73.820142,40.593935],[-73.820046,40.593934]],[[-73.820324,40.593842],[-73.820216,40.593904],[-73.820448,40.594002],[-73.820582,40.593935],[-73.820324,40.593842]],[[-73.817917,40.593586],[-73.817714,40.593873],[-73.817702,40.594151],[-73.817793,40.594198],[-73.817917,40.593953],[-73.818102,40.593926],[-73.818063,40.594182],[-73.818194,40.594214],[-73.818375,40.593935],[-73.817917,40.593586]],[[-73.819892,40.593561],[-73.819336,40.59383],[-73.819122,40.594028],[-73.819707,40.593822],[-73.820002,40.593565],[-73.819892,40.593561]],[[-73.818565,40.593152],[-73.818502,40.593225],[-73.818503,40.593277],[-73.818641,40.593225],[-73.818565,40.593152]],[[-73.802824,40.592851],[-73.802768,40.593349],[-73.802858,40.59375],[-73.803176,40.593812],[-73.803499,40.594182],[-73.803617,40.594645],[-73.804275,40.59512],[-73.803697,40.594213],[-73.803725,40.59341],[-73.803643,40.593194],[-73.80341,40.593025],[-73.80304,40.593145],[-73.802824,40.592851]],[[-73.912423,40.592639],[-73.912242,40.592731],[-73.912253,40.592886],[-73.912668,40.592886],[-73.912644,40.592701],[-73.912423,40.592639]],[[-73.82,40.592423],[-73.820082,40.592454],[-73.820015,40.592548],[-73.819684,40.592701],[-73.82,40.592423]],[[-73.864182,40.592418],[-73.864151,40.592546],[-73.864315,40.592515],[-73.864282,40.592454],[-73.864182,40.592418]],[[-73.819746,40.591806],[-73.819861,40.591783],[-73.81991,40.591836],[-73.819799,40.591862],[-73.819746,40.591806]],[[-73.817551,40.591404],[-73.817855,40.591397],[-73.817975,40.591559],[-73.817671,40.591929],[-73.816898,40.592247],[-73.81659,40.592264],[-73.81591,40.592623],[-73.815715,40.592608],[-73.815756,40.592461],[-73.817551,40.591404]],[[-73.824182,40.591218],[-73.823995,40.591281],[-73.823966,40.591373],[-73.824355,40.591373],[-73.824182,40.591218]],[[-73.86233,40.59115],[-73.862197,40.591219],[-73.862083,40.591534],[-73.861312,40.591573],[-73.86125,40.591787],[-73.860949,40.591775],[-73.860932,40.592145],[-73.861929,40.592858],[-73.862611,40.593194],[-73.862978,40.593255],[-73.863472,40.593137],[-73.863834,40.593225],[-73.864308,40.59341],[-73.864367,40.593672],[-73.864583,40.593784],[-73.864892,40.593727],[-73.865208,40.593441],[-73.865291,40.593287],[-73.865138,40.593071],[-73.865139,40.592597],[-73.864831,40.592577],[-73.864848,40.592793],[-73.864583,40.593028],[-73.864182,40.592664],[-73.863873,40.592722],[-73.863608,40.592423],[-73.863935,40.592408],[-73.863944,40.592299],[-73.86341,40.59205],[-73.863133,40.591776],[-73.862515,40.591691],[-73.862448,40.591528],[-73.862552,40.591281],[-73.86233,40.59115]],[[-73.878657,40.591113],[-73.878615,40.591219],[-73.87875,40.591265],[-73.878771,40.591157],[-73.878657,40.591113]],[[-73.86446,40.591085],[-73.864463,40.591157],[-73.864552,40.591164],[-73.864552,40.591076],[-73.86446,40.591085]],[[-73.819535,40.591003],[-73.819676,40.590976],[-73.819759,40.591034],[-73.819522,40.59114],[-73.819535,40.591003]],[[-73.914583,40.590628],[-73.914579,40.590818],[-73.914769,40.590776],[-73.914752,40.590694],[-73.914583,40.590628]],[[-73.820844,40.590293],[-73.821038,40.590324],[-73.820571,40.590532],[-73.82056,40.590355],[-73.820844,40.590293]],[[-73.852731,40.590184],[-73.852668,40.590262],[-73.852701,40.590285],[-73.852791,40.590231],[-73.852731,40.590184]],[[-73.860077,40.58983],[-73.860016,40.589861],[-73.860221,40.589892],[-73.860195,40.589861],[-73.860077,40.58983]],[[-73.858565,40.58912],[-73.858622,40.589182],[-73.858733,40.589182],[-73.85866,40.589151],[-73.858565,40.58912]],[[-73.850577,40.588503],[-73.850694,40.588606],[-73.850386,40.588816],[-73.850386,40.588727],[-73.850577,40.588503]],[[-73.849725,40.587886],[-73.849799,40.587884],[-73.849812,40.587948],[-73.849738,40.587965],[-73.849725,40.587886]],[[-73.767361,40.587697],[-73.767694,40.587855],[-73.767764,40.587855],[-73.767609,40.587762],[-73.767361,40.587697]],[[-73.849325,40.58767],[-73.849512,40.58767],[-73.849571,40.587824],[-73.849398,40.587792],[-73.849325,40.58767]],[[-73.774738,40.587601],[-73.774769,40.587665],[-73.774843,40.587608],[-73.774799,40.587586],[-73.774738,40.587601]],[[-73.850886,40.587269],[-73.850972,40.587268],[-73.851018,40.587299],[-73.85091,40.587339],[-73.850886,40.587269]],[[-73.831261,40.586806],[-73.831433,40.586836],[-73.830972,40.58696],[-73.830981,40.586898],[-73.831261,40.586806]],[[-73.84601,40.585448],[-73.84733,40.585587],[-73.848904,40.585487],[-73.84901,40.585571],[-73.84893,40.585787],[-73.848441,40.585889],[-73.848164,40.585834],[-73.848071,40.586064],[-73.848534,40.58645],[-73.849676,40.586478],[-73.849782,40.586682],[-73.84968,40.586898],[-73.849182,40.587253],[-73.848873,40.587007],[-73.848503,40.587012],[-73.847392,40.586726],[-73.846057,40.586219],[-73.845828,40.585756],[-73.845857,40.585478],[-73.84601,40.585448]],[[-73.777959,40.585324],[-73.77804,40.585316],[-73.778087,40.585386],[-73.777978,40.585392],[-73.777959,40.585324]],[[-73.777661,40.584923],[-73.777964,40.584985],[-73.777978,40.585287],[-73.777577,40.585091],[-73.777661,40.584923]],[[-73.902676,40.584707],[-73.902793,40.584695],[-73.903164,40.585034],[-73.903812,40.585691],[-73.903791,40.585787],[-73.903558,40.58591],[-73.903374,40.585633],[-73.902886,40.585269],[-73.902652,40.584861],[-73.902676,40.584707]],[[-73.902315,40.584398],[-73.902515,40.584381],[-73.902524,40.584398],[-73.902361,40.58456],[-73.902315,40.584398]],[[-73.762689,40.583904],[-73.763023,40.584367],[-73.763009,40.584473],[-73.762834,40.584429],[-73.762541,40.584028],[-73.762689,40.583904]],[[-73.7631,40.583657],[-73.76319,40.583657],[-73.76319,40.583719],[-73.763104,40.583719],[-73.7631,40.583657]],[[-73.951929,40.582468],[-73.952207,40.582584],[-73.952419,40.582515],[-73.952299,40.582462],[-73.951929,40.582468]],[[-73.949552,40.582422],[-73.949485,40.582639],[-73.949614,40.582732],[-73.950029,40.582546],[-73.949552,40.582422]],[[-73.950571,40.582385],[-73.950509,40.582509],[-73.950664,40.582594],[-73.951126,40.582546],[-73.951074,40.582454],[-73.950571,40.582385]],[[-73.951713,40.582361],[-73.951713,40.582435],[-73.951859,40.582392],[-73.951805,40.582361],[-73.951713,40.582361]],[[-73.939738,40.582322],[-73.939662,40.582608],[-73.939738,40.582743],[-73.940293,40.582608],[-73.939892,40.582498],[-73.939738,40.582322]],[[-73.909738,40.582278],[-73.909633,40.582577],[-73.909859,40.583102],[-73.909645,40.583185],[-73.909409,40.583781],[-73.909059,40.583962],[-73.908843,40.584567],[-73.90909,40.584742],[-73.909321,40.584367],[-73.909645,40.584292],[-73.910231,40.584542],[-73.910941,40.58532],[-73.91196,40.586047],[-73.912284,40.586435],[-73.912455,40.586775],[-73.912613,40.587701],[-73.912399,40.589182],[-73.91223,40.589491],[-73.91233,40.589711],[-73.912546,40.589739],[-73.912605,40.589645],[-73.912582,40.588966],[-73.91267,40.588812],[-73.913102,40.588845],[-73.913318,40.589184],[-73.913596,40.589306],[-73.91375,40.589234],[-73.913758,40.588657],[-73.914343,40.588102],[-73.91408,40.587855],[-73.91519,40.587731],[-73.916986,40.587145],[-73.917762,40.586296],[-73.918503,40.585926],[-73.91912,40.585777],[-73.919738,40.585946],[-73.920941,40.585528],[-73.92341,40.585666],[-73.924336,40.585481],[-73.925108,40.58554],[-73.925787,40.585994],[-73.927114,40.587379],[-73.927309,40.587454],[-73.927863,40.588194],[-73.92804,40.588699],[-73.928534,40.588677],[-73.928688,40.588961],[-73.930231,40.589423],[-73.930664,40.589749],[-73.93081,40.590571],[-73.930733,40.591466],[-73.930478,40.592521],[-73.930102,40.593133],[-73.930078,40.593503],[-73.930355,40.593971],[-73.93088,40.594333],[-73.931188,40.594299],[-73.931312,40.594408],[-73.932477,40.594614],[-73.932392,40.594238],[-73.932238,40.594205],[-73.931528,40.592801],[-73.931299,40.592608],[-73.931296,40.59233],[-73.930932,40.592022],[-73.930913,40.591744],[-73.931128,40.591281],[-73.931127,40.59007],[-73.930643,40.589491],[-73.930352,40.588627],[-73.92944,40.587824],[-73.929377,40.587454],[-73.929465,40.587269],[-73.928289,40.587114],[-73.92767,40.586785],[-73.927392,40.586771],[-73.927269,40.586474],[-73.92696,40.586465],[-73.926888,40.58625],[-73.926682,40.586284],[-73.926466,40.586051],[-73.926233,40.586003],[-73.92625,40.585705],[-73.925972,40.585745],[-73.925849,40.585508],[-73.925602,40.585483],[-73.925571,40.585234],[-73.925293,40.585324],[-73.925015,40.585214],[-73.924954,40.585065],[-73.924244,40.584987],[-73.923472,40.58509],[-73.92233,40.584949],[-73.920571,40.584957],[-73.918009,40.585898],[-73.917114,40.586419],[-73.91662,40.586373],[-73.915108,40.586773],[-73.913596,40.586638],[-73.913463,40.586343],[-73.912886,40.586326],[-73.912412,40.585972],[-73.912186,40.585478],[-73.911843,40.585201],[-73.911836,40.584923],[-73.911473,40.584522],[-73.911203,40.583873],[-73.909738,40.582278]],[[-73.948627,40.582237],[-73.94858,40.58233],[-73.948873,40.5825],[-73.949308,40.582454],[-73.949056,40.582299],[-73.948627,40.582237]],[[-73.939614,40.582201],[-73.939515,40.58233],[-73.939552,40.582393],[-73.939662,40.58233],[-73.939614,40.582201]],[[-73.909583,40.58201],[-73.909547,40.582083],[-73.909614,40.582119],[-73.909647,40.582052],[-73.909583,40.58201]],[[-73.90591,40.580994],[-73.905683,40.581096],[-73.905948,40.581312],[-73.905983,40.581713],[-73.905858,40.581929],[-73.906089,40.582176],[-73.905756,40.583178],[-73.905336,40.58375],[-73.904769,40.58398],[-73.904275,40.584393],[-73.904111,40.584336],[-73.904072,40.584028],[-73.903812,40.583823],[-73.903567,40.583997],[-73.903713,40.58412],[-73.903649,40.584275],[-73.902731,40.584193],[-73.902269,40.583726],[-73.901991,40.583623],[-73.901954,40.583349],[-73.901437,40.582917],[-73.90079,40.582639],[-73.900869,40.583102],[-73.900602,40.583116],[-73.900257,40.583349],[-73.900324,40.58391],[-73.900231,40.583998],[-73.899892,40.583983],[-73.899438,40.584244],[-73.899019,40.585015],[-73.899213,40.58536],[-73.900001,40.585849],[-73.900015,40.58604],[-73.900231,40.586084],[-73.900597,40.58591],[-73.900877,40.586127],[-73.900884,40.586281],[-73.899769,40.586719],[-73.899668,40.586991],[-73.899491,40.58708],[-73.898873,40.586589],[-73.899029,40.587022],[-73.899429,40.587416],[-73.899645,40.587371],[-73.89983,40.587531],[-73.900293,40.587462],[-73.900654,40.58733],[-73.900602,40.587137],[-73.901109,40.587238],[-73.904522,40.585975],[-73.904985,40.585997],[-73.906157,40.585302],[-73.907176,40.585328],[-73.907639,40.584979],[-73.908071,40.584968],[-73.908073,40.584491],[-73.908426,40.584151],[-73.908523,40.583657],[-73.908711,40.58338],[-73.908668,40.583133],[-73.908287,40.582833],[-73.907662,40.582855],[-73.907791,40.58233],[-73.907682,40.582083],[-73.907299,40.581849],[-73.906526,40.581836],[-73.906347,40.581373],[-73.906065,40.58103],[-73.90591,40.580994]],[[-73.805827,40.605],[-73.805672,40.604398],[-73.805482,40.602731],[-73.805668,40.602454],[-73.805551,40.602176],[-73.805568,40.601528],[-73.805756,40.601483],[-73.805896,40.601188],[-73.806187,40.601034],[-73.805849,40.600972],[-73.805815,40.600818],[-73.806528,40.600148],[-73.808619,40.599151],[-73.809645,40.598395],[-73.810664,40.597854],[-73.811281,40.5978],[-73.811656,40.597238],[-73.812337,40.596806],[-73.812588,40.596497],[-73.811867,40.596341],[-73.811682,40.596141],[-73.811394,40.596065],[-73.81154,40.59591],[-73.812642,40.595355],[-73.812748,40.595201],[-73.81325,40.595077],[-73.813657,40.594735],[-73.814738,40.594328],[-73.81588,40.593561],[-73.817731,40.592864],[-73.81875,40.592357],[-73.818904,40.592559],[-73.819254,40.592515],[-73.818962,40.592824],[-73.819044,40.592978],[-73.819275,40.592965],[-73.819184,40.593164],[-73.819312,40.593349],[-73.819059,40.593673],[-73.819769,40.593417],[-73.820046,40.593171],[-73.820139,40.593459],[-73.820262,40.593456],[-73.82064,40.593164],[-73.820602,40.593076],[-73.820324,40.593102],[-73.820571,40.592747],[-73.820201,40.592802],[-73.820131,40.592948],[-73.819772,40.593071],[-73.819894,40.592824],[-73.82017,40.592757],[-73.820467,40.592515],[-73.820384,40.592299],[-73.820694,40.5916],[-73.821929,40.591289],[-73.822369,40.591744],[-73.822247,40.592083],[-73.822608,40.592015],[-73.822793,40.591585],[-73.823233,40.59125],[-73.82714,40.589583],[-73.827517,40.588935],[-73.828477,40.588256],[-73.82983,40.587763],[-73.830015,40.587878],[-73.830504,40.587855],[-73.830229,40.588133],[-73.830262,40.588236],[-73.831034,40.588081],[-73.832423,40.587299],[-73.832888,40.586775],[-73.833948,40.586127],[-73.834087,40.58591],[-73.833887,40.585756],[-73.833935,40.585632],[-73.834645,40.585408],[-73.836157,40.585041],[-73.837022,40.58513],[-73.837485,40.584999],[-73.842423,40.585969],[-73.842886,40.58602],[-73.843009,40.585792],[-73.843318,40.585784],[-73.843677,40.585941],[-73.843515,40.586219],[-73.843565,40.586861],[-73.843292,40.587176],[-73.843455,40.587485],[-73.847273,40.588812],[-73.848657,40.589064],[-73.849182,40.589267],[-73.849933,40.58983],[-73.848873,40.592485],[-73.847551,40.595139],[-73.84711,40.597052],[-73.847079,40.597392],[-73.847361,40.597832],[-73.847923,40.597423],[-73.848521,40.596713],[-73.848657,40.59667],[-73.848731,40.596775],[-73.84852,40.598349],[-73.847641,40.600139],[-73.847683,40.600293],[-73.848009,40.600468],[-73.848749,40.599892],[-73.849275,40.59907],[-73.849594,40.597886],[-73.849827,40.595602],[-73.85059,40.592392],[-73.85093,40.59159],[-73.851048,40.590972],[-73.851365,40.590417],[-73.851956,40.589738],[-73.852029,40.588997],[-73.851622,40.588534],[-73.851741,40.588256],[-73.851653,40.58804],[-73.851711,40.587824],[-73.851277,40.587639],[-73.85171,40.587176],[-73.854552,40.585959],[-73.855201,40.585737],[-73.855664,40.585712],[-73.856127,40.585818],[-73.856351,40.586034],[-73.856372,40.586188],[-73.856128,40.586404],[-73.856132,40.586528],[-73.856473,40.586713],[-73.856749,40.587114],[-73.857454,40.587259],[-73.857824,40.587837],[-73.858565,40.587777],[-73.859738,40.586603],[-73.859954,40.586242],[-73.860787,40.585914],[-73.862608,40.584674],[-73.863782,40.583225],[-73.864429,40.582942],[-73.865293,40.583041],[-73.865633,40.582975],[-73.866744,40.582112],[-73.867855,40.581587],[-73.869923,40.580933],[-73.870262,40.581233],[-73.870454,40.582485],[-73.870756,40.582777],[-73.871757,40.58841],[-73.871651,40.588462],[-73.87125,40.588203],[-73.871003,40.588169],[-73.87073,40.588596],[-73.870725,40.588847],[-73.870293,40.589017],[-73.869743,40.589676],[-73.869306,40.589719],[-73.869078,40.589985],[-73.868071,40.590343],[-73.867918,40.590941],[-73.86767,40.590973],[-73.867515,40.591228],[-73.867176,40.591258],[-73.866992,40.591435],[-73.866991,40.591601],[-73.867504,40.592485],[-73.867277,40.592855],[-73.867266,40.593349],[-73.867394,40.593565],[-73.867468,40.594398],[-73.867793,40.594875],[-73.867928,40.595355],[-73.867793,40.595818],[-73.867389,40.596157],[-73.867211,40.59662],[-73.866991,40.597807],[-73.866954,40.598997],[-73.866682,40.600188],[-73.866008,40.601096],[-73.865831,40.601466],[-73.865876,40.601806],[-73.865787,40.601995],[-73.864759,40.603441],[-73.864671,40.603935],[-73.864859,40.603812],[-73.864962,40.603318],[-73.86517,40.60322],[-73.865521,40.603349],[-73.865232,40.603688],[-73.865535,40.603812],[-73.866373,40.602951],[-73.867026,40.601898],[-73.86742,40.601096],[-73.868235,40.59875],[-73.868461,40.596497],[-73.868904,40.596361],[-73.869301,40.59659],[-73.869713,40.597515],[-73.870513,40.598472],[-73.871713,40.599189],[-73.871922,40.599769],[-73.872145,40.601034],[-73.872595,40.605]],[[-73.873412,40.605],[-73.873414,40.604923],[-73.873765,40.604398],[-73.873692,40.602731],[-73.873935,40.602573],[-73.874275,40.602654],[-73.874645,40.60256],[-73.875262,40.602878],[-73.875355,40.603081],[-73.875896,40.60341],[-73.875941,40.603654],[-73.876157,40.60382],[-73.877701,40.604244],[-73.878688,40.605]],[[-73.86875,40.580165],[-73.868749,40.580231],[-73.868781,40.580277],[-73.868813,40.580201],[-73.86875,40.580165]],[[-73.868544,40.579985],[-73.868892,40.580077],[-73.869028,40.580326],[-73.86909,40.580136],[-73.869223,40.580386],[-73.869207,40.580571],[-73.86875,40.581142],[-73.868341,40.58054],[-73.868436,40.580262],[-73.868198,40.580077],[-73.868503,40.580084],[-73.868544,40.579985]],[[-73.904614,40.578711],[-73.904445,40.578812],[-73.90446,40.578833],[-73.90479,40.578719],[-73.904614,40.578711]],[[-73.911806,40.5785],[-73.91159,40.578691],[-73.910972,40.578674],[-73.91017,40.579336],[-73.909367,40.579617],[-73.908947,40.579923],[-73.908971,40.580725],[-73.908848,40.58162],[-73.90909,40.581737],[-73.90946,40.581725],[-73.909753,40.581065],[-73.910257,40.580571],[-73.911293,40.580108],[-73.911713,40.579836],[-73.911926,40.579522],[-73.912392,40.579249],[-73.912145,40.578658],[-73.911806,40.5785]],[[-73.90292,40.577731],[-73.903098,40.577793],[-73.902948,40.577982],[-73.902761,40.577855],[-73.90292,40.577731]],[[-73.91476,40.576096],[-73.91483,40.576089],[-73.91483,40.576178],[-73.914769,40.576149],[-73.91476,40.576096]],[[-73.930139,40.575756],[-73.929699,40.57591],[-73.929237,40.576404],[-73.929107,40.57662],[-73.929143,40.576836],[-73.928966,40.576952],[-73.928737,40.577454],[-73.929067,40.577639],[-73.929583,40.57856],[-73.929797,40.578596],[-73.929892,40.578199],[-73.930139,40.578267],[-73.930355,40.578503],[-73.930642,40.579614],[-73.93059,40.580231],[-73.930761,40.581188],[-73.931049,40.581528],[-73.931216,40.582114],[-73.931772,40.582731],[-73.932176,40.582772],[-73.933318,40.582483],[-73.934892,40.582701],[-73.935602,40.582268],[-73.935787,40.582302],[-73.93591,40.582197],[-73.935995,40.582299],[-73.936497,40.582297],[-73.937145,40.58197],[-73.938781,40.582192],[-73.939379,40.582083],[-73.939552,40.582164],[-73.939576,40.581991],[-73.939799,40.581925],[-73.940849,40.582014],[-73.941898,40.582444],[-73.943164,40.58236],[-73.943503,40.582598],[-73.944491,40.58294],[-73.946219,40.583005],[-73.946275,40.583102],[-73.946775,40.583182],[-73.947114,40.583132],[-73.947454,40.583301],[-73.947793,40.583186],[-73.947793,40.582574],[-73.947684,40.582114],[-73.947552,40.582022],[-73.944678,40.581466],[-73.94267,40.581314],[-73.942238,40.581161],[-73.941867,40.581297],[-73.941667,40.581157],[-73.941343,40.581158],[-73.94088,40.581554],[-73.940046,40.581353],[-73.938812,40.581329],[-73.938472,40.581416],[-73.937361,40.581237],[-73.936497,40.581357],[-73.935571,40.581256],[-73.934688,40.581404],[-73.93412,40.582138],[-73.933887,40.582052],[-73.933886,40.581744],[-73.933503,40.581453],[-73.932855,40.58166],[-73.932546,40.581629],[-73.931897,40.581065],[-73.931692,40.580324],[-73.931175,40.579244],[-73.931003,40.578278],[-73.930422,40.577083],[-73.930444,40.57591],[-73.930324,40.575756],[-73.930139,40.575756]],[[-73.904201,40.575262],[-73.904769,40.575273],[-73.905218,40.575386],[-73.904738,40.575492],[-73.904213,40.575855],[-73.903662,40.57554],[-73.903719,40.575425],[-73.904201,40.575262]],[[-73.900994,40.574799],[-73.901406,40.57483],[-73.901536,40.575046],[-73.901157,40.575093],[-73.900773,40.574923],[-73.900994,40.574799]],[[-73.904689,40.573843],[-73.904923,40.573883],[-73.905039,40.57409],[-73.904738,40.574177],[-73.904467,40.574059],[-73.90448,40.573935],[-73.904689,40.573843]],[[-73.940787,40.572761],[-73.940116,40.572917],[-73.939861,40.57338],[-73.940139,40.57357],[-73.940602,40.573604],[-73.941343,40.573395],[-73.941567,40.573194],[-73.941606,40.573009],[-73.941493,40.572886],[-73.940787,40.572761]],[[-73.918053,40.571651],[-73.918164,40.571646],[-73.918133,40.571751],[-73.918011,40.571713],[-73.918053,40.571651]],[[-73.953673,40.569429],[-73.953736,40.56946],[-73.953719,40.569544],[-73.953656,40.569491],[-73.953673,40.569429]],[[-73.958534,40.569118],[-73.958476,40.569182],[-73.958746,40.569151],[-73.958657,40.569116],[-73.958534,40.569118]],[[-73.948582,40.569028],[-73.948657,40.569017],[-73.948658,40.569059],[-73.948532,40.56909],[-73.948582,40.569028]],[[-73.954182,40.569015],[-73.954182,40.569198],[-73.95429,40.569244],[-73.954275,40.569033],[-73.954182,40.569015]],[[-73.953407,40.568843],[-73.953589,40.568966],[-73.953596,40.569049],[-73.953466,40.568997],[-73.953407,40.568843]],[[-73.956867,40.568745],[-73.956775,40.568948],[-73.95708,40.568843],[-73.957022,40.568757],[-73.956867,40.568745]],[[-73.960004,40.568688],[-73.960282,40.56875],[-73.960199,40.568935],[-73.959923,40.569006],[-73.960004,40.568688]],[[-73.953113,40.568534],[-73.953189,40.568627],[-73.953088,40.568873],[-73.953357,40.568997],[-73.953318,40.569158],[-73.952927,40.569028],[-73.953017,40.568935],[-73.952814,40.568596],[-73.953113,40.568534]],[[-73.949299,40.56841],[-73.949386,40.568441],[-73.949367,40.568518],[-73.949306,40.568479],[-73.949299,40.56841]],[[-73.947608,40.568408],[-73.947588,40.568534],[-73.947701,40.568603],[-73.947716,40.568441],[-73.947608,40.568408]],[[-73.950747,40.568287],[-73.95088,40.568285],[-73.95093,40.568349],[-73.950849,40.568408],[-73.950747,40.568287]],[[-73.955367,40.568225],[-73.955465,40.568287],[-73.955448,40.568383],[-73.955354,40.568349],[-73.955367,40.568225]],[[-73.949116,40.568164],[-73.949182,40.568135],[-73.949182,40.568255],[-73.949148,40.568256],[-73.949116,40.568164]],[[-73.953138,40.568102],[-73.953233,40.568102],[-73.953225,40.568206],[-73.953164,40.568178],[-73.953138,40.568102]],[[-73.948444,40.568102],[-73.948561,40.568102],[-73.948534,40.568192],[-73.948423,40.568164],[-73.948444,40.568102]],[[-73.954411,40.568071],[-73.954541,40.56838],[-73.954306,40.568434],[-73.954285,40.568225],[-73.954411,40.568071]],[[-73.946682,40.568039],[-73.946559,40.568053],[-73.946587,40.568164],[-73.946776,40.568102],[-73.946682,40.568039]],[[-73.949238,40.567978],[-73.949367,40.568022],[-73.949429,40.568177],[-73.949182,40.568132],[-73.949238,40.567978]],[[-73.948869,40.567948],[-73.948973,40.56804],[-73.948873,40.56812],[-73.948805,40.568071],[-73.948869,40.567948]],[[-73.949764,40.567948],[-73.94983,40.568015],[-73.949601,40.568009],[-73.949614,40.567974],[-73.949764,40.567948]],[[-73.947052,40.567944],[-73.946969,40.56804],[-73.947145,40.568073],[-73.947154,40.567978],[-73.947052,40.567944]],[[-73.950459,40.567917],[-73.950579,40.567948],[-73.950571,40.568072],[-73.950477,40.568009],[-73.950459,40.567917]],[[-73.947917,40.56788],[-73.947932,40.568102],[-73.948133,40.568125],[-73.948102,40.567958],[-73.947917,40.56788]],[[-73.950215,40.567855],[-73.950283,40.567855],[-73.950262,40.567962],[-73.950214,40.567948],[-73.950215,40.567855]],[[-73.936189,40.567824],[-73.936389,40.567824],[-73.936474,40.568009],[-73.93625,40.568117],[-73.935916,40.56804],[-73.93591,40.567868],[-73.936189,40.567824]],[[-73.960484,40.567824],[-73.960655,40.567824],[-73.960448,40.567944],[-73.960333,40.567917],[-73.960484,40.567824]],[[-73.947454,40.567759],[-73.947323,40.567978],[-73.947392,40.56809],[-73.947635,40.567948],[-73.947454,40.567759]],[[-73.948283,40.567701],[-73.94837,40.567762],[-73.948318,40.567853],[-73.948251,40.567793],[-73.948283,40.567701]],[[-73.953668,40.567701],[-73.953767,40.567731],[-73.953719,40.567838],[-73.953649,40.567793],[-73.953668,40.567701]],[[-73.947022,40.567666],[-73.946931,40.567762],[-73.947022,40.567846],[-73.947174,40.567701],[-73.947022,40.567666]],[[-73.955196,40.567515],[-73.95529,40.567546],[-73.955262,40.567643],[-73.955198,40.567577],[-73.955196,40.567515]],[[-73.948272,40.56733],[-73.948369,40.56733],[-73.948318,40.567519],[-73.94826,40.567392],[-73.948272,40.56733]],[[-73.946497,40.567229],[-73.946408,40.56733],[-73.946497,40.567404],[-73.946581,40.567299],[-73.946497,40.567229]],[[-73.948434,40.567207],[-73.948472,40.567228],[-73.948501,40.567299],[-73.948395,40.567299],[-73.948434,40.567207]],[[-73.947114,40.567187],[-73.947076,40.567238],[-73.947083,40.567355],[-73.947114,40.567315],[-73.947114,40.567187]],[[-73.927824,40.567202],[-73.92752,40.56733],[-73.927454,40.567406],[-73.927882,40.567361],[-73.927973,40.567238],[-73.927824,40.567202]],[[-73.955155,40.567145],[-73.955221,40.567176],[-73.955201,40.56727],[-73.955141,40.567176],[-73.955155,40.567145]],[[-73.947207,40.567109],[-73.947174,40.567145],[-73.947363,40.567238],[-73.94733,40.567115],[-73.947207,40.567109]],[[-73.946188,40.566836],[-73.946117,40.56696],[-73.946188,40.567005],[-73.946264,40.566898],[-73.946188,40.566836]],[[-73.93066,40.566744],[-73.930751,40.566806],[-73.930469,40.56804],[-73.930015,40.569551],[-73.930396,40.567299],[-73.93066,40.566744]],[[-73.967978,40.566464],[-73.967886,40.566576],[-73.968131,40.566559],[-73.968071,40.566443],[-73.967978,40.566464]],[[-73.965412,40.566466],[-73.965478,40.566459],[-73.965513,40.566466],[-73.965346,40.566497],[-73.965412,40.566466]],[[-73.94625,40.566401],[-73.946034,40.566443],[-73.945952,40.566559],[-73.946232,40.566651],[-73.946415,40.566497],[-73.94625,40.566401]],[[-73.94662,40.566324],[-73.94659,40.566475],[-73.946744,40.56661],[-73.946706,40.566373],[-73.94662,40.566324]],[[-73.930361,40.566281],[-73.930507,40.56662],[-73.930478,40.566811],[-73.930384,40.56662],[-73.930361,40.566281]],[[-73.930293,40.565964],[-73.929849,40.567207],[-73.929491,40.567447],[-73.928812,40.567441],[-73.928318,40.567618],[-73.928194,40.568054],[-73.927515,40.56867],[-73.927207,40.568792],[-73.926343,40.568815],[-73.924336,40.569395],[-73.923884,40.569799],[-73.923943,40.570201],[-73.924311,40.57054],[-73.924479,40.57159],[-73.924614,40.571749],[-73.925108,40.571764],[-73.925745,40.571312],[-73.926418,40.571065],[-73.926624,40.571065],[-73.926738,40.571188],[-73.926749,40.571466],[-73.926466,40.572202],[-73.925386,40.572515],[-73.925015,40.573146],[-73.924614,40.573223],[-73.924117,40.573009],[-73.923472,40.572448],[-73.922963,40.572176],[-73.922477,40.571682],[-73.922476,40.571528],[-73.922689,40.571281],[-73.922608,40.571136],[-73.921466,40.571417],[-73.919645,40.571169],[-73.918534,40.571114],[-73.917917,40.571211],[-73.917639,40.571308],[-73.917517,40.571559],[-73.917491,40.571867],[-73.917731,40.571629],[-73.917824,40.571772],[-73.917917,40.571646],[-73.918002,40.571682],[-73.918046,40.571867],[-73.917639,40.572314],[-73.916651,40.5728],[-73.915293,40.572894],[-73.914967,40.573071],[-73.914961,40.573256],[-73.915787,40.57394],[-73.916991,40.574112],[-73.920231,40.574296],[-73.920543,40.574367],[-73.92054,40.574498],[-73.920201,40.574608],[-73.917515,40.574692],[-73.91588,40.575539],[-73.914676,40.575886],[-73.914583,40.576131],[-73.913318,40.576392],[-73.913045,40.576281],[-73.913121,40.576003],[-73.912978,40.575931],[-73.912261,40.576127],[-73.911991,40.576353],[-73.911947,40.576559],[-73.912299,40.576585],[-73.912454,40.576716],[-73.913009,40.57668],[-73.914491,40.576412],[-73.915046,40.576122],[-73.915725,40.576224],[-73.917577,40.575862],[-73.920818,40.575665],[-73.924367,40.575706],[-73.92554,40.575599],[-73.926867,40.575307],[-73.927184,40.57517],[-73.927376,40.574923],[-73.927425,40.57446],[-73.927927,40.573349],[-73.927852,40.572948],[-73.927398,40.57267],[-73.928565,40.572161],[-73.928873,40.572148],[-73.929213,40.572365],[-73.929398,40.57224],[-73.929608,40.572485],[-73.929583,40.572767],[-73.929107,40.573225],[-73.92909,40.573445],[-73.928966,40.573366],[-73.928843,40.573492],[-73.928656,40.57409],[-73.9287,40.574676],[-73.928084,40.575262],[-73.928209,40.575386],[-73.928534,40.575374],[-73.929041,40.575077],[-73.929074,40.574769],[-73.93017,40.574229],[-73.930478,40.573934],[-73.931516,40.573349],[-73.93196,40.57212],[-73.932542,40.571682],[-73.933102,40.570984],[-73.933741,40.570602],[-73.93374,40.56946],[-73.934081,40.569244],[-73.934091,40.56912],[-73.934491,40.568997],[-73.934656,40.568812],[-73.935015,40.568749],[-73.935169,40.568812],[-73.93527,40.569182],[-73.935386,40.569261],[-73.936682,40.569173],[-73.937315,40.568596],[-73.937293,40.567608],[-73.937122,40.56696],[-73.937461,40.566497],[-73.937052,40.566439],[-73.936768,40.566682],[-73.93621,40.566898],[-73.935865,40.567423],[-73.935534,40.567608],[-73.935386,40.567886],[-73.934006,40.568904],[-73.933547,40.569059],[-73.933214,40.569367],[-73.932793,40.569537],[-73.931898,40.569633],[-73.931732,40.569522],[-73.931668,40.569275],[-73.931484,40.569275],[-73.931105,40.569552],[-73.930417,40.570519],[-73.929886,40.570694],[-73.929769,40.570866],[-73.929709,40.570694],[-73.929552,40.570668],[-73.92878,40.570818],[-73.92863,40.571435],[-73.928102,40.571796],[-73.928005,40.571651],[-73.928071,40.571422],[-73.928495,40.570818],[-73.92876,40.570046],[-73.929306,40.569352],[-73.92946,40.569313],[-73.929537,40.569645],[-73.929707,40.569837],[-73.929861,40.569836],[-73.929985,40.56955],[-73.930026,40.569769],[-73.930139,40.569808],[-73.930664,40.569466],[-73.930931,40.568997],[-73.931259,40.567639],[-73.930898,40.566929],[-73.931148,40.566373],[-73.931034,40.566217],[-73.930756,40.566254],[-73.930293,40.565964]],[[-73.945386,40.565746],[-73.945417,40.565842],[-73.945535,40.565818],[-73.945478,40.565735],[-73.945386,40.565746]],[[-73.946697,40.565231],[-73.94706,40.565386],[-73.947107,40.565478],[-73.946806,40.565566],[-73.946697,40.565231]],[[-73.942862,40.564213],[-73.942942,40.564213],[-73.942917,40.564278],[-73.942855,40.564288],[-73.942862,40.564213]],[[-73.93883,40.564028],[-73.938904,40.564013],[-73.938957,40.564059],[-73.938873,40.564149],[-73.93883,40.564028]],[[-73.940281,40.563873],[-73.940355,40.563904],[-73.940355,40.563986],[-73.940244,40.563966],[-73.940281,40.563873]],[[-73.916298,40.605],[-73.915448,40.604111],[-73.914738,40.603684],[-73.914681,40.603441],[-73.914398,40.603194],[-73.911713,40.602525],[-73.910633,40.602424],[-73.910478,40.602577],[-73.910201,40.602591],[-73.91003,40.602392],[-73.909707,40.602355],[-73.909028,40.602571],[-73.908627,40.602482],[-73.907577,40.602541],[-73.906836,40.602837],[-73.904583,40.602957],[-73.903966,40.603099],[-73.903565,40.60335],[-73.90088,40.603828],[-73.899799,40.60381],[-73.898966,40.60423],[-73.898164,40.604042],[-73.897701,40.604103],[-73.897326,40.604306],[-73.895602,40.604432],[-73.894985,40.604249],[-73.89483,40.603999],[-73.894473,40.603843],[-73.893256,40.60416],[-73.892762,40.603976],[-73.890168,40.605]],[[-73.889778,40.605],[-73.889765,40.604892],[-73.889631,40.604892],[-73.88936,40.605]],[[-73.882674,40.605],[-73.882436,40.604676],[-73.881562,40.602423],[-73.880139,40.600201],[-73.8801,40.599861],[-73.880382,40.599522],[-73.880421,40.599306],[-73.87974,40.595849],[-73.879781,40.595602],[-73.880077,40.595201],[-73.880095,40.594769],[-73.879522,40.593201],[-73.879419,40.593287],[-73.879495,40.593534],[-73.879244,40.593689],[-73.879113,40.593565],[-73.878991,40.592762],[-73.87927,40.592083],[-73.878996,40.591744],[-73.878596,40.591559],[-73.878395,40.59088],[-73.878472,40.590557],[-73.878287,40.590386],[-73.878208,40.590015],[-73.878211,40.588287],[-73.877415,40.588256],[-73.877546,40.588142],[-73.878194,40.588024],[-73.878226,40.587917],[-73.877955,40.587824],[-73.877763,40.58696],[-73.877345,40.58662],[-73.877273,40.586157],[-73.876324,40.585355],[-73.876503,40.585201],[-73.876502,40.58483],[-73.879491,40.580255],[-73.880602,40.579381],[-73.880837,40.579059],[-73.881454,40.578935],[-73.88162,40.578722],[-73.882701,40.57878],[-73.885201,40.578062],[-73.889792,40.577269],[-73.890978,40.57696],[-73.889557,40.577022],[-73.889625,40.576713],[-73.889738,40.5768],[-73.889861,40.576628],[-73.890045,40.576682],[-73.890231,40.576445],[-73.890353,40.57662],[-73.890571,40.576665],[-73.892361,40.576033],[-73.89341,40.576011],[-73.89517,40.575747],[-73.897577,40.576025],[-73.898997,40.576303],[-73.900941,40.576945],[-73.901379,40.577238],[-73.901481,40.577515],[-73.90184,40.577793],[-73.902076,40.578657],[-73.902824,40.579164],[-73.90338,40.5793],[-73.903718,40.579028],[-73.903115,40.578194],[-73.903157,40.578071],[-73.903627,40.577858],[-73.904213,40.577936],[-73.905077,40.577776],[-73.905417,40.578073],[-73.905739,40.578102],[-73.90588,40.578499],[-73.906497,40.578711],[-73.906744,40.579116],[-73.907049,40.579306],[-73.907299,40.57982],[-73.907793,40.579782],[-73.908503,40.579922],[-73.908812,40.579843],[-73.909703,40.57909],[-73.910286,40.578812],[-73.910444,40.578627],[-73.910474,40.57838],[-73.909923,40.577963],[-73.908478,40.577577],[-73.908212,40.577269],[-73.908368,40.576929],[-73.908102,40.576748],[-73.907905,40.576096],[-73.90798,40.575664],[-73.907515,40.575596],[-73.906373,40.575083],[-73.906065,40.575075],[-73.906067,40.574923],[-73.90633,40.574738],[-73.906287,40.574522],[-73.905975,40.574398],[-73.906049,40.574275],[-73.907675,40.573935],[-73.907269,40.57377],[-73.907392,40.57338],[-73.908565,40.573132],[-73.908834,40.573164],[-73.908904,40.573326],[-73.910108,40.573173],[-73.910613,40.572793],[-73.909923,40.572779],[-73.909731,40.57267],[-73.909953,40.572361],[-73.910293,40.572254],[-73.910725,40.57223],[-73.910941,40.572735],[-73.911651,40.572613],[-73.912052,40.572342],[-73.912824,40.57231],[-73.912917,40.572225],[-73.913071,40.572298],[-73.913194,40.572154],[-73.91338,40.572289],[-73.914059,40.57222],[-73.91446,40.572119],[-73.914592,40.571898],[-73.914828,40.571898],[-73.914985,40.571744],[-73.916188,40.571638],[-73.916312,40.57153],[-73.916466,40.571695],[-73.916651,40.571483],[-73.916836,40.571495],[-73.917178,40.57125],[-73.917173,40.571003],[-73.917404,40.571003],[-73.917421,40.570787],[-73.920478,40.570091],[-73.920633,40.569975],[-73.920725,40.569608],[-73.921034,40.569938],[-73.921738,40.569583],[-73.922207,40.569635],[-73.922478,40.569336],[-73.923071,40.569285],[-73.924243,40.568812],[-73.923627,40.568769],[-73.921806,40.568982],[-73.920941,40.5689],[-73.920633,40.569012],[-73.920317,40.568873],[-73.92054,40.568688],[-73.920555,40.568441],[-73.920784,40.568256],[-73.922571,40.567361],[-73.926343,40.566033],[-73.927793,40.565671],[-73.92909,40.565527],[-73.93159,40.56468],[-73.933164,40.564404],[-73.93412,40.564061],[-73.934244,40.564181],[-73.934913,40.563812],[-73.935448,40.563672],[-73.935725,40.563831],[-73.936127,40.563724],[-73.936466,40.563851],[-73.936929,40.56378],[-73.937515,40.563922],[-73.937886,40.563846],[-73.93804,40.56396],[-73.938225,40.563934],[-73.938256,40.564061],[-73.938472,40.564157],[-73.938627,40.56402],[-73.938781,40.564169],[-73.938966,40.564157],[-73.93909,40.563972],[-73.939491,40.564041],[-73.939645,40.563903],[-73.93983,40.564088],[-73.940108,40.563952],[-73.940417,40.564084],[-73.940756,40.563988],[-73.94088,40.564098],[-73.941312,40.564146],[-73.941435,40.563974],[-73.941651,40.564192],[-73.942238,40.564062],[-73.942176,40.564235],[-73.942608,40.564176],[-73.943719,40.565019],[-73.943935,40.564953],[-73.944262,40.565201],[-73.944954,40.565353],[-73.945108,40.565529],[-73.946003,40.56551],[-73.946034,40.565667],[-73.945828,40.565694],[-73.946032,40.56588],[-73.94581,40.566065],[-73.94591,40.56617],[-73.946063,40.566003],[-73.946051,40.565756],[-73.946234,40.565756],[-73.946173,40.56554],[-73.946404,40.565444],[-73.946314,40.565694],[-73.946497,40.565818],[-73.946174,40.566003],[-73.946219,40.56621],[-73.946528,40.566105],[-73.94662,40.565776],[-73.946836,40.565852],[-73.946769,40.566065],[-73.947107,40.566682],[-73.947067,40.56696],[-73.947361,40.566895],[-73.947577,40.567351],[-73.947855,40.567259],[-73.947857,40.567701],[-73.94803,40.56767],[-73.948071,40.567464],[-73.948112,40.567855],[-73.948378,40.568133],[-73.948133,40.568365],[-73.947939,40.568318],[-73.948185,40.568596],[-73.948133,40.568846],[-73.94804,40.568859],[-73.947886,40.568551],[-73.947762,40.568675],[-73.947558,40.568657],[-73.947546,40.568814],[-73.947793,40.569136],[-73.947978,40.568967],[-73.948209,40.569059],[-73.948188,40.569336],[-73.948521,40.569429],[-73.948386,40.569583],[-73.948455,40.569954],[-73.947968,40.57017],[-73.948184,40.570231],[-73.948197,40.570355],[-73.947052,40.571125],[-73.946656,40.571281],[-73.946386,40.57196],[-73.94696,40.572273],[-73.947608,40.572342],[-73.949059,40.572126],[-73.949336,40.571874],[-73.950509,40.571448],[-73.951096,40.571355],[-73.951343,40.57143],[-73.951742,40.571991],[-73.950964,40.572824],[-73.95074,40.573349],[-73.950972,40.573562],[-73.953997,40.573065],[-73.955046,40.57315],[-73.956188,40.572911],[-73.957238,40.572955],[-73.958318,40.572621],[-73.959398,40.572601],[-73.959798,40.572485],[-73.960005,40.572269],[-73.960003,40.571991],[-73.959621,40.57125],[-73.960231,40.570676],[-73.960124,40.570509],[-73.960595,40.570015],[-73.960386,40.56963],[-73.960108,40.569622],[-73.959769,40.569385],[-73.958843,40.569444],[-73.957978,40.569826],[-73.957824,40.570023],[-73.957541,40.570139],[-73.956867,40.570251],[-73.955293,40.569841],[-73.954552,40.569757],[-73.954336,40.569457],[-73.954059,40.569491],[-73.953701,40.569336],[-73.953688,40.569204],[-73.953873,40.569359],[-73.953956,40.569244],[-73.953637,40.568843],[-73.954059,40.568894],[-73.954182,40.568764],[-73.95446,40.568812],[-73.954552,40.568705],[-73.955818,40.568673],[-73.956497,40.568445],[-73.956898,40.568545],[-73.959336,40.568386],[-73.959482,40.568534],[-73.959367,40.568663],[-73.95912,40.568556],[-73.958843,40.568593],[-73.958652,40.568781],[-73.958843,40.568842],[-73.959306,40.568737],[-73.959412,40.568904],[-73.959213,40.568886],[-73.958751,40.569151],[-73.959275,40.569232],[-73.959892,40.569097],[-73.960046,40.569191],[-73.960324,40.569088],[-73.96036,40.568873],[-73.960602,40.568639],[-73.961077,40.568565],[-73.961313,40.568318],[-73.961193,40.568194],[-73.961982,40.567731],[-73.961034,40.567929],[-73.960751,40.567793],[-73.961065,40.567651],[-73.961466,40.567669],[-73.961602,40.567546],[-73.961497,40.567307],[-73.962547,40.566775],[-73.963935,40.566642],[-73.964244,40.566707],[-73.964799,40.566568],[-73.964799,40.566961],[-73.965787,40.566624],[-73.966404,40.566578],[-73.966559,40.566321],[-73.969676,40.56642],[-73.97,40.56653]],[[-73.97,40.569195],[-73.968719,40.569583],[-73.968103,40.569985],[-73.967981,40.570386],[-73.968133,40.570722],[-73.968441,40.570874],[-73.97,40.571036]],[[-73.948194,40.560786],[-73.948128,40.560849],[-73.948164,40.560903],[-73.948293,40.560849],[-73.948194,40.560786]],[[-73.95483,40.554951],[-73.954733,40.555015],[-73.954738,40.555097],[-73.954807,40.555077],[-73.95483,40.554951]],[[-73.955172,40.554892],[-73.955262,40.554877],[-73.955418,40.555077],[-73.955231,40.555035],[-73.955172,40.554892]],[[-73.97,40.565136],[-73.968596,40.565076],[-73.967709,40.56483],[-73.967475,40.564336],[-73.968565,40.563074],[-73.968904,40.562778],[-73.969028,40.562854],[-73.969248,40.562762],[-73.969186,40.562639],[-73.969353,40.562299],[-73.97,40.562116]],[[-73.955212,40.554213],[-73.955324,40.554231],[-73.955262,40.554325],[-73.955201,40.554275],[-73.955212,40.554213]],[[-73.948164,40.550823],[-73.948135,40.551034],[-73.948164,40.551125],[-73.94821,40.550972],[-73.948164,40.550823]],[[-73.947948,40.549824],[-73.947899,40.550015],[-73.947978,40.550114],[-73.948008,40.549985],[-73.947948,40.549824]],[[-73.943256,40.547384],[-73.943216,40.547577],[-73.943256,40.547675],[-73.943305,40.547546],[-73.943256,40.547384]],[[-73.954141,40.546559],[-73.954233,40.54659],[-73.954213,40.546672],[-73.954106,40.546651],[-73.954141,40.546559]],[[-73.76,40.585037],[-73.760567,40.584275],[-73.761127,40.583234],[-73.76162,40.582931],[-73.762269,40.5833],[-73.76267,40.582933],[-73.763093,40.583534],[-73.762793,40.583838],[-73.762515,40.58373],[-73.762485,40.583616],[-73.762157,40.58375],[-73.761587,40.584861],[-73.761867,40.585032],[-73.761954,40.585262],[-73.761713,40.58533],[-73.761423,40.585108],[-73.761096,40.585655],[-73.761312,40.585832],[-73.76159,40.585653],[-73.762126,40.585664],[-73.762145,40.585542],[-73.761984,40.585448],[-73.762176,40.585504],[-73.762313,40.585324],[-73.762169,40.584923],[-73.762375,40.584367],[-73.763164,40.584655],[-73.76341,40.584428],[-73.763602,40.584429],[-73.763596,40.5841],[-73.764491,40.584166],[-73.766312,40.584452],[-73.767804,40.58483],[-73.76946,40.585501],[-73.771867,40.586171],[-73.772546,40.586228],[-73.772855,40.586378],[-73.773688,40.586387],[-73.77375,40.586544],[-73.775507,40.586929],[-73.776127,40.587446],[-73.776057,40.587577],[-73.776135,40.58767],[-73.775941,40.58783],[-73.777238,40.587708],[-73.77804,40.587466],[-73.780664,40.587793],[-73.781437,40.587731],[-73.781127,40.587129],[-73.780312,40.58625],[-73.780417,40.586092],[-73.781435,40.586223],[-73.782886,40.586859],[-73.784429,40.587189],[-73.784538,40.587114],[-73.784464,40.586836],[-73.783843,40.586074],[-73.785509,40.586582],[-73.789306,40.586218],[-73.789522,40.585904],[-73.793102,40.585375],[-73.794583,40.585002],[-73.795972,40.584959],[-73.796157,40.584736],[-73.797291,40.584614],[-73.797485,40.584389],[-73.798071,40.584229],[-73.800664,40.583743],[-73.802886,40.583509],[-73.805355,40.58286],[-73.807227,40.582577],[-73.812083,40.581512],[-73.820324,40.579351],[-73.823287,40.578468],[-73.825509,40.577638],[-73.829398,40.576411],[-73.829738,40.576216],[-73.832361,40.57554],[-73.832886,40.575548],[-73.832978,40.57518],[-73.833812,40.575102],[-73.833935,40.574785],[-73.838688,40.573144],[-73.838904,40.572957],[-73.840015,40.572574],[-73.844131,40.571466],[-73.847886,40.570232],[-73.848534,40.570132],[-73.848873,40.569863],[-73.849707,40.569694],[-73.849892,40.569514],[-73.852885,40.568596],[-73.858627,40.566509],[-73.861744,40.565546],[-73.862886,40.56537],[-73.863071,40.565178],[-73.864799,40.564848],[-73.868071,40.563681],[-73.868441,40.563684],[-73.868627,40.563499],[-73.870046,40.562977],[-73.875849,40.561047],[-73.880324,40.55941],[-73.889861,40.556409],[-73.893997,40.555214],[-73.900015,40.55379],[-73.902553,40.553071],[-73.908172,40.550941],[-73.912444,40.549522],[-73.91517,40.548318],[-73.92983,40.543864],[-73.93412,40.543024],[-73.93554,40.54262],[-73.937626,40.541744],[-73.94017,40.540271],[-73.940386,40.540221],[-73.940509,40.540339],[-73.940787,40.54005],[-73.941127,40.54015],[-73.941466,40.540417],[-73.942207,40.540645],[-73.942653,40.541034],[-73.942645,40.54159],[-73.942073,40.542176],[-73.94195,40.542454],[-73.942382,40.543503],[-73.94244,40.544676],[-73.942888,40.545725],[-73.94316,40.546867],[-73.94343,40.547114],[-73.943675,40.548812],[-73.94357,40.549676],[-73.943394,40.549398],[-73.943285,40.550324],[-73.942936,40.551497],[-73.942034,40.55341],[-73.941181,40.554522],[-73.939996,40.555725],[-73.937731,40.557496],[-73.935707,40.558565],[-73.931651,40.560264],[-73.930108,40.561261],[-73.928472,40.561736],[-73.925448,40.562304],[-73.923318,40.562653],[-73.921867,40.562674],[-73.919954,40.563095],[-73.919213,40.563133],[-73.918472,40.563629],[-73.917385,40.564151],[-73.914897,40.56483],[-73.912423,40.565852],[-73.911607,40.56588],[-73.910725,40.565741],[-73.908812,40.56512],[-73.90804,40.565062],[-73.903873,40.565775],[-73.900787,40.566063],[-73.900624,40.56625],[-73.900655,40.566497],[-73.900417,40.56663],[-73.89946,40.566843],[-73.898627,40.56679],[-73.897731,40.566967],[-73.895139,40.568266],[-73.892608,40.569102],[-73.889892,40.569075],[-73.888657,40.569247],[-73.886281,40.568908],[-73.885633,40.568989],[-73.884892,40.568765],[-73.883873,40.568921],[-73.883503,40.568775],[-73.883164,40.568832],[-73.882577,40.568727],[-73.88233,40.56878],[-73.882295,40.568997],[-73.881929,40.568901],[-73.881127,40.568917],[-73.879676,40.569145],[-73.877475,40.569306],[-73.875941,40.570005],[-73.874928,40.570694],[-73.873194,40.571449],[-73.872218,40.572022],[-73.869546,40.573287],[-73.867762,40.573732],[-73.866713,40.574358],[-73.865472,40.574769],[-73.864846,40.575386],[-73.863707,40.576219],[-73.861219,40.577322],[-73.860416,40.577855],[-73.858195,40.578997],[-73.857639,40.579514],[-73.856543,40.579954],[-73.855998,40.580386],[-73.857546,40.579976],[-73.858596,40.580184],[-73.858625,40.580324],[-73.857917,40.581273],[-73.855664,40.581913],[-73.855511,40.581898],[-73.855478,40.581622],[-73.855108,40.5815],[-73.852485,40.582145],[-73.85054,40.582398],[-73.847917,40.582252],[-73.846188,40.581996],[-73.844491,40.581978],[-73.841782,40.582145],[-73.840694,40.582352],[-73.83983,40.582339],[-73.839479,40.582485],[-73.839312,40.582793],[-73.83909,40.582882],[-73.83767,40.583031],[-73.837392,40.58297],[-73.837176,40.58314],[-73.833553,40.583596],[-73.832026,40.584028],[-73.83162,40.584331],[-73.830972,40.584261],[-73.828916,40.584861],[-73.828657,40.584987],[-73.828349,40.585849],[-73.827978,40.586214],[-73.82341,40.587587],[-73.822855,40.587621],[-73.82159,40.587057],[-73.821127,40.587061],[-73.820006,40.58767],[-73.819967,40.588164],[-73.819491,40.587995],[-73.819514,40.588719],[-73.819429,40.588865],[-73.819028,40.588815],[-73.818472,40.589196],[-73.818121,40.589182],[-73.818133,40.58908],[-73.818318,40.589086],[-73.818287,40.588986],[-73.81804,40.589045],[-73.818109,40.589367],[-73.817963,40.58983],[-73.817793,40.589978],[-73.817606,40.589954],[-73.817539,40.59017],[-73.816863,40.590417],[-73.816127,40.590438],[-73.815355,40.59092],[-73.815077,40.59123],[-73.814211,40.591713],[-73.813903,40.59196],[-73.813874,40.592145],[-73.814023,40.592423],[-73.813781,40.592671],[-73.811188,40.593751],[-73.810722,40.59375],[-73.81054,40.593502],[-73.80992,40.59375],[-73.809857,40.593843],[-73.810049,40.593935],[-73.809645,40.594158],[-73.809484,40.59412],[-73.809588,40.593966],[-73.809522,40.593869],[-73.809028,40.593965],[-73.808005,40.595201],[-73.807273,40.595787],[-73.807145,40.596135],[-73.80659,40.596467],[-73.806096,40.596274],[-73.805664,40.596593],[-73.805419,40.596188],[-73.805532,40.596065],[-73.80548,40.595941],[-73.80517,40.59574],[-73.805108,40.595871],[-73.804793,40.595972],[-73.804788,40.596127],[-73.804992,40.596312],[-73.805293,40.596979],[-73.805678,40.597114],[-73.805154,40.597978],[-73.805264,40.598133],[-73.804366,40.598904],[-73.803998,40.599707],[-73.803657,40.599949],[-73.802701,40.600337],[-73.801651,40.600517],[-73.797546,40.600673],[-73.797375,40.60054],[-73.797647,40.600355],[-73.797674,40.600201],[-73.797022,40.599971],[-73.795108,40.600131],[-73.794799,40.600222],[-73.794429,40.600721],[-73.794213,40.600831],[-73.794028,40.600847],[-73.793873,40.60066],[-73.793534,40.600645],[-73.792392,40.60096],[-73.789137,40.603194],[-73.788596,40.603361],[-73.787546,40.604314],[-73.787361,40.604357],[-73.786806,40.604192],[-73.786373,40.603987],[-73.786102,40.603719],[-73.785707,40.603009],[-73.785684,40.602731],[-73.786889,40.602145],[-73.787723,40.600849],[-73.788217,40.600417],[-73.789596,40.599583],[-73.78968,40.599429],[-73.789614,40.599336],[-73.789329,40.599398],[-73.789583,40.599191],[-73.789985,40.599081],[-73.790015,40.598753],[-73.790467,40.598164],[-73.790273,40.597978],[-73.790544,40.597978],[-73.790632,40.597608],[-73.790443,40.597546],[-73.790829,40.597176],[-73.790704,40.596836],[-73.790838,40.596713],[-73.790796,40.596373],[-73.790532,40.59588],[-73.790451,40.595108],[-73.790279,40.595108],[-73.79042,40.59591],[-73.790293,40.596061],[-73.790127,40.595818],[-73.790106,40.595015],[-73.789892,40.594981],[-73.789824,40.595108],[-73.789975,40.596157],[-73.789738,40.596241],[-73.789614,40.595909],[-73.789516,40.596034],[-73.789624,40.597207],[-73.789428,40.597515],[-73.789496,40.597886],[-73.789389,40.598318],[-73.788966,40.598641],[-73.788071,40.599065],[-73.787374,40.599583],[-73.787144,40.599954],[-73.786207,40.60054],[-73.785877,40.601034],[-73.785889,40.601373],[-73.785312,40.602083],[-73.78533,40.602546],[-73.78458,40.60341],[-73.784522,40.604244],[-73.784858,40.605]],[[-73.94483,40.539879],[-73.944734,40.540015],[-73.944799,40.540163],[-73.944934,40.539985],[-73.94483,40.539879]],[[-73.944402,40.539676],[-73.944738,40.539664],[-73.945712,40.539954],[-73.947083,40.54066],[-73.947238,40.540379],[-73.947392,40.541021],[-73.947886,40.54112],[-73.948019,40.541312],[-73.948349,40.541444],[-73.949448,40.542299],[-73.950602,40.542854],[-73.950968,40.543287],[-73.951021,40.543503],[-73.951241,40.543596],[-73.952248,40.544552],[-73.953688,40.54658],[-73.954799,40.547637],[-73.955031,40.54767],[-73.955697,40.548904],[-73.955631,40.549645],[-73.955779,40.54983],[-73.955681,40.550077],[-73.955851,40.550201],[-73.955979,40.550664],[-73.955755,40.551096],[-73.955968,40.551775],[-73.955851,40.55196],[-73.956079,40.552176],[-73.955533,40.552454],[-73.955329,40.553935],[-73.95517,40.55401],[-73.955112,40.554244],[-73.954841,40.554491],[-73.955028,40.554738],[-73.954881,40.554954],[-73.955215,40.555262],[-73.955226,40.555756],[-73.955079,40.556219],[-73.955139,40.556466],[-73.954982,40.55659],[-73.954923,40.556933],[-73.954993,40.557238],[-73.95478,40.557608],[-73.954395,40.557917],[-73.954367,40.558079],[-73.954054,40.558287],[-73.954095,40.558441],[-73.953966,40.558597],[-73.953812,40.558592],[-73.953666,40.558904],[-73.953243,40.559182],[-73.953225,40.559336],[-73.952824,40.55952],[-73.952698,40.559799],[-73.952054,40.560077],[-73.951991,40.560238],[-73.951127,40.560516],[-73.950571,40.560828],[-73.948349,40.56098],[-73.94733,40.560738],[-73.945509,40.560763],[-73.945336,40.560602],[-73.943935,40.560187],[-73.94359,40.559861],[-73.943997,40.55912],[-73.945725,40.557052],[-73.94677,40.555478],[-73.947482,40.553781],[-73.947841,40.552423],[-73.947932,40.551188],[-73.947404,40.548472],[-73.946294,40.545139],[-73.945575,40.543997],[-73.944583,40.542746],[-73.944299,40.542145],[-73.944275,40.541343],[-73.94459,40.540756],[-73.944336,40.540666],[-73.944326,40.540478],[-73.943887,40.540077],[-73.944402,40.539676]],[[-73.933022,40.534985],[-73.933256,40.534981],[-73.933645,40.53517],[-73.935059,40.536003],[-73.935556,40.536343],[-73.935664,40.536681],[-73.935077,40.536813],[-73.934151,40.536656],[-73.933654,40.536312],[-73.933156,40.535725],[-73.932962,40.535417],[-73.933022,40.534985]],[[-73.93307,40.534738],[-73.933127,40.534799],[-73.933071,40.534877],[-73.933001,40.53483],[-73.93307,40.534738]],[[-73.93272,40.532207],[-73.933028,40.532978],[-73.933085,40.533688],[-73.933009,40.533779],[-73.932841,40.533596],[-73.932669,40.53304],[-73.93272,40.532207]],[[-73.931898,40.531804],[-73.93188,40.531898],[-73.931929,40.531983],[-73.931945,40.531867],[-73.931898,40.531804]],[[-73.926791,40.529799],[-73.928349,40.529806],[-73.928423,40.529954],[-73.929552,40.530183],[-73.929909,40.530417],[-73.931003,40.530662],[-73.931343,40.530895],[-73.931806,40.531625],[-73.931991,40.531488],[-73.932168,40.53159],[-73.932327,40.531991],[-73.93234,40.533009],[-73.932556,40.533812],[-73.932439,40.534367],[-73.932299,40.534379],[-73.931188,40.533358],[-73.930633,40.533444],[-73.930293,40.533614],[-73.929923,40.533583],[-73.929695,40.53375],[-73.929757,40.533935],[-73.92952,40.534182],[-73.929536,40.534336],[-73.929277,40.534522],[-73.929592,40.534738],[-73.929164,40.534985],[-73.92952,40.535417],[-73.929336,40.535552],[-73.929028,40.535635],[-73.928835,40.535571],[-73.92875,40.535659],[-73.928513,40.535602],[-73.928629,40.535509],[-73.928596,40.535166],[-73.92838,40.535082],[-73.927948,40.535203],[-73.927515,40.535172],[-73.927422,40.535015],[-73.926696,40.534769],[-73.92663,40.534583],[-73.926312,40.534543],[-73.925355,40.534093],[-73.924992,40.533781],[-73.924673,40.532917],[-73.924808,40.53162],[-73.925017,40.531003],[-73.924924,40.530849],[-73.925077,40.530514],[-73.925664,40.530062],[-73.926791,40.529799]]]}},
{"type":"Feature","properties":{"depthFt":16},"geometry":{"type":"MultiLineString","coordinates":[[[-73.823741,40.605],[-73.823318,40.604857],[-73.823168,40.605]],[[-73.898785,40.604398],[-73.898904,40.604374],[-73.898962,40.604398],[-73.898873,40.604433],[-73.898785,40.604398]],[[-73.773003,40.603657],[-73.773159,40.603688],[-73.772948,40.603909],[-73.77292,40.603843],[-73.773003,40.603657]],[[-73.842238,40.602635],[-73.840108,40.603179],[-73.839271,40.603534],[-73.839078,40.603719],[-73.839522,40.603756],[-73.842236,40.603225],[-73.842781,40.602886],[-73.84267,40.602661],[-73.842238,40.602635]],[[-73.771466,40.602292],[-73.771242,40.602577],[-73.771435,40.60304],[-73.771713,40.603115],[-73.771819,40.603009],[-73.771835,40.602515],[-73.771466,40.602292]],[[-73.804151,40.601898],[-73.804059,40.60192],[-73.804035,40.60196],[-73.804151,40.601981],[-73.804151,40.601898]],[[-73.791925,40.601867],[-73.792014,40.602022],[-73.791935,40.602207],[-73.791651,40.60234],[-73.791508,40.602299],[-73.79159,40.60209],[-73.791925,40.601867]],[[-73.792546,40.601775],[-73.792676,40.601775],[-73.792639,40.601925],[-73.792316,40.602022],[-73.792546,40.601775]],[[-73.803627,40.601671],[-73.803657,40.601772],[-73.80375,40.601682],[-73.803719,40.601656],[-73.803627,40.601671]],[[-73.799339,40.601157],[-73.799823,40.601188],[-73.798873,40.601641],[-73.797924,40.601435],[-73.799339,40.601157]],[[-73.794606,40.605],[-73.795417,40.604597],[-73.796003,40.604141],[-73.796157,40.60388],[-73.79684,40.60341],[-73.797361,40.603245],[-73.797731,40.603313],[-73.798349,40.603232],[-73.799738,40.602809],[-73.799861,40.602537],[-73.80088,40.602028],[-73.800939,40.601867],[-73.800824,40.60159],[-73.801404,40.601374],[-73.80409,40.601029],[-73.804338,40.601096],[-73.804112,40.601528],[-73.80465,40.602392],[-73.804785,40.603194],[-73.804851,40.604182],[-73.804645,40.604153],[-73.804567,40.604336],[-73.804845,40.605]],[[-73.920293,40.600439],[-73.920231,40.600575],[-73.920355,40.600785],[-73.920426,40.600725],[-73.920293,40.600439]],[[-73.826188,40.600384],[-73.825859,40.600664],[-73.825633,40.601027],[-73.82633,40.600509],[-73.826362,40.600417],[-73.826188,40.600384]],[[-73.918719,40.599858],[-73.918627,40.599923],[-73.918657,40.600019],[-73.918805,40.599923],[-73.918719,40.599858]],[[-73.922978,40.599395],[-73.922745,40.599769],[-73.92304,40.599716],[-73.923194,40.59995],[-73.923476,40.599583],[-73.922978,40.599395]],[[-73.824676,40.598686],[-73.824601,40.598935],[-73.824429,40.598966],[-73.824436,40.599151],[-73.825064,40.599213],[-73.824676,40.598686]],[[-73.78971,40.597886],[-73.789799,40.597878],[-73.789913,40.597917],[-73.789769,40.597948],[-73.78971,40.597886]],[[-73.77364,40.605],[-73.773647,40.604985],[-73.773639,40.604707],[-73.773941,40.604306],[-73.774172,40.603565],[-73.773912,40.602978],[-73.773966,40.60278],[-73.774275,40.602578],[-73.775633,40.602398],[-73.776984,40.601312],[-73.777948,40.600179],[-73.778287,40.600047],[-73.77875,40.600065],[-73.77913,40.600293],[-73.779676,40.600355],[-73.779738,40.600219],[-73.780262,40.599987],[-73.780417,40.599746],[-73.780972,40.599487],[-73.781127,40.599194],[-73.781682,40.598897],[-73.781713,40.598681],[-73.781589,40.59841],[-73.780972,40.597897],[-73.780386,40.597664],[-73.779987,40.59767],[-73.779923,40.597796],[-73.77983,40.597666],[-73.778991,40.59804],[-73.778969,40.598349],[-73.778627,40.598349],[-73.778089,40.598719],[-73.777054,40.600448],[-73.77625,40.601528],[-73.774614,40.602204],[-73.774291,40.602083],[-73.774519,40.601806],[-73.774295,40.601466],[-73.774411,40.601096],[-73.773708,40.599923],[-73.773744,40.599028],[-73.77341,40.598707],[-73.772886,40.598567],[-73.771528,40.598596],[-73.771701,40.598935],[-73.771539,40.60054],[-73.771402,40.600972],[-73.771511,40.601343],[-73.771319,40.601744],[-73.771559,40.602149],[-73.772485,40.602504],[-73.77277,40.602855],[-73.772475,40.603349],[-73.77177,40.603997],[-73.771991,40.604297],[-73.772525,40.604522],[-73.772282,40.605]],[[-73.914491,40.596891],[-73.91446,40.5971],[-73.914749,40.597083],[-73.914685,40.596929],[-73.914491,40.596891]],[[-73.810134,40.596651],[-73.810242,40.596651],[-73.810163,40.596898],[-73.809738,40.597306],[-73.809796,40.596898],[-73.810134,40.596651]],[[-73.81662,40.596303],[-73.81644,40.596898],[-73.816528,40.597424],[-73.816713,40.597604],[-73.817095,40.597052],[-73.817129,40.596435],[-73.817052,40.596333],[-73.816806,40.596426],[-73.81662,40.596303]],[[-73.816752,40.605],[-73.817241,40.604336],[-73.817546,40.603715],[-73.81776,40.602824],[-73.81828,40.601466],[-73.818756,40.598318],[-73.818912,40.597731],[-73.819256,40.597361],[-73.819264,40.597052],[-73.819115,40.596898],[-73.819306,40.596219],[-73.819213,40.596114],[-73.818813,40.596775],[-73.818529,40.59767],[-73.817731,40.598528],[-73.817364,40.59909],[-73.817068,40.600355],[-73.81757,40.60054],[-73.817556,40.601096],[-73.816908,40.602423],[-73.816955,40.602608],[-73.816814,40.602731],[-73.816744,40.60304],[-73.816824,40.603287],[-73.816523,40.603565],[-73.816651,40.60413],[-73.816333,40.604583],[-73.81588,40.604831],[-73.816065,40.603826],[-73.815941,40.603903],[-73.81548,40.604985],[-73.815454,40.605]],[[-73.804954,40.595931],[-73.804837,40.596127],[-73.80506,40.596312],[-73.805293,40.596906],[-73.805448,40.596964],[-73.805473,40.596682],[-73.805194,40.596312],[-73.805222,40.596034],[-73.805139,40.595926],[-73.804954,40.595931]],[[-73.809631,40.595725],[-73.80988,40.595818],[-73.806898,40.597964],[-73.806018,40.598441],[-73.806489,40.597917],[-73.806732,40.597423],[-73.807978,40.596588],[-73.80841,40.595991],[-73.809631,40.595725]],[[-73.81097,40.595725],[-73.811041,40.595725],[-73.810829,40.595941],[-73.810258,40.596188],[-73.810417,40.595965],[-73.81097,40.595725]],[[-73.790355,40.59509],[-73.790331,40.59517],[-73.790386,40.595324],[-73.790435,40.59517],[-73.790355,40.59509]],[[-73.82017,40.595013],[-73.820045,40.595077],[-73.820015,40.595198],[-73.820237,40.595108],[-73.820262,40.595016],[-73.82017,40.595013]],[[-73.803812,40.594624],[-73.803801,40.594676],[-73.803904,40.594731],[-73.803893,40.594676],[-73.803812,40.594624]],[[-73.809026,40.594645],[-73.809224,40.594676],[-73.808719,40.595207],[-73.808472,40.595292],[-73.808663,40.594892],[-73.809026,40.594645]],[[-73.820077,40.594641],[-73.819947,40.594707],[-73.819892,40.594855],[-73.820201,40.594738],[-73.820201,40.594619],[-73.820077,40.594641]],[[-73.820849,40.594481],[-73.820794,40.594552],[-73.820818,40.594595],[-73.820927,40.594522],[-73.820849,40.594481]],[[-73.932077,40.594213],[-73.932126,40.594213],[-73.932198,40.594244],[-73.932083,40.594325],[-73.932077,40.594213]],[[-73.820849,40.594213],[-73.82074,40.594244],[-73.820708,40.594306],[-73.820818,40.594305],[-73.820849,40.594213]],[[-73.809398,40.593901],[-73.809068,40.593997],[-73.808955,40.594151],[-73.809367,40.594103],[-73.809526,40.593966],[-73.809398,40.593901]],[[-73.810324,40.593589],[-73.809934,40.593781],[-73.810134,40.593904],[-73.809862,40.594151],[-73.81017,40.594281],[-73.81054,40.593971],[-73.810514,40.593596],[-73.810324,40.593589]],[[-73.930425,40.593225],[-73.930633,40.593285],[-73.930664,40.593387],[-73.93054,40.593402],[-73.930425,40.593225]],[[-73.819799,40.593158],[-73.819429,40.593297],[-73.819321,40.593503],[-73.819799,40.593359],[-73.819889,40.593225],[-73.819799,40.593158]],[[-73.82054,40.59313],[-73.820358,40.593256],[-73.820382,40.593287],[-73.820543,40.593225],[-73.82054,40.59313]],[[-73.802824,40.592904],[-73.802886,40.593709],[-73.803534,40.593989],[-73.803706,40.593441],[-73.803624,40.593225],[-73.80338,40.59308],[-73.80304,40.593199],[-73.802824,40.592904]],[[-73.820417,40.592791],[-73.820295,40.592855],[-73.820293,40.592958],[-73.820491,40.592886],[-73.820519,40.592793],[-73.820417,40.592791]],[[-73.912454,40.592668],[-73.912269,40.592755],[-73.912299,40.592882],[-73.912639,40.592848],[-73.912608,40.592706],[-73.912454,40.592668]],[[-73.820324,40.592446],[-73.820199,40.592515],[-73.820149,40.592608],[-73.820352,40.592546],[-73.820324,40.592446]],[[-73.817836,40.591096],[-73.817978,40.591075],[-73.818268,40.591281],[-73.818247,40.591528],[-73.817973,40.591867],[-73.816651,40.59278],[-73.815941,40.592994],[-73.815448,40.592916],[-73.81553,40.592546],[-73.816065,40.592085],[-73.817836,40.591096]],[[-73.819549,40.590941],[-73.819645,40.590932],[-73.819835,40.590972],[-73.819734,40.591127],[-73.819491,40.591162],[-73.819431,40.591096],[-73.819549,40.590941]],[[-73.82085,40.590231],[-73.821188,40.590213],[-73.821314,40.590355],[-73.820361,40.590725],[-73.820452,40.59054],[-73.820366,40.590386],[-73.82054,40.59024],[-73.82085,40.590231]],[[-73.930818,40.589793],[-73.930798,40.590448],[-73.930895,40.590787],[-73.93079,40.59088],[-73.930505,40.592546],[-73.93017,40.593046],[-73.930091,40.593472],[-73.930293,40.593864],[-73.930867,40.594306],[-73.931188,40.594281],[-73.931343,40.594397],[-73.932392,40.594611],[-73.932361,40.594326],[-73.932191,40.594213],[-73.931744,40.593217],[-73.931263,40.592608],[-73.931281,40.59235],[-73.930916,40.592052],[-73.930836,40.591682],[-73.93098,40.59162],[-73.931096,40.591281],[-73.931127,40.590231],[-73.931065,40.590006],[-73.930818,40.589793]],[[-73.912423,40.589389],[-73.912354,40.589522],[-73.912515,40.589585],[-73.912522,40.589429],[-73.912423,40.589389]],[[-73.851127,40.589362],[-73.850633,40.589565],[-73.849907,40.590262],[-73.847682,40.595108],[-73.847701,40.596651],[-73.847613,40.596867],[-73.847732,40.597145],[-73.847886,40.597152],[-73.848596,40.596478],[-73.848781,40.59647],[-73.848878,40.596651],[-73.848646,40.598133],[-73.848013,40.599799],[-73.848194,40.59999],[-73.848618,40.599861],[-73.849151,40.599185],[-73.849454,40.598287],[-73.849615,40.59659],[-73.84946,40.595787],[-73.849634,40.595108],[-73.849676,40.594352],[-73.850206,40.592701],[-73.850753,40.59159],[-73.850938,40.590941],[-73.851255,40.590664],[-73.851592,40.589583],[-73.851559,40.589365],[-73.851127,40.589362]],[[-73.84838,40.588471],[-73.848297,40.588503],[-73.848409,40.588596],[-73.848641,40.588534],[-73.84838,40.588471]],[[-73.819959,40.588441],[-73.820233,40.588565],[-73.820262,40.588666],[-73.819803,40.588627],[-73.819959,40.588441]],[[-73.849799,40.58816],[-73.849861,40.588233],[-73.85007,40.588194],[-73.849892,40.588154],[-73.849799,40.58816]],[[-73.851034,40.587422],[-73.850933,40.587485],[-73.850941,40.587532],[-73.851174,40.587454],[-73.851034,40.587422]],[[-73.914501,40.587176],[-73.914704,40.587238],[-73.914645,40.587388],[-73.914493,40.58733],[-73.914501,40.587176]],[[-73.89912,40.587],[-73.899398,40.587381],[-73.899574,40.58733],[-73.899367,40.587097],[-73.89912,40.587]],[[-73.913364,40.586929],[-73.913493,40.587022],[-73.91341,40.58711],[-73.913281,40.587022],[-73.913364,40.586929]],[[-73.844051,40.586836],[-73.844151,40.586811],[-73.844411,40.587083],[-73.843997,40.587035],[-73.84394,40.586929],[-73.844051,40.586836]],[[-73.831795,40.586528],[-73.832119,40.586528],[-73.831404,40.586966],[-73.830478,40.58733],[-73.830445,40.587083],[-73.830663,40.586898],[-73.831795,40.586528]],[[-73.843966,40.586274],[-73.84382,40.586744],[-73.843866,40.586929],[-73.843596,40.587087],[-73.843565,40.587304],[-73.843796,40.587485],[-73.84415,40.587515],[-73.844336,40.587702],[-73.845015,40.587843],[-73.846224,40.58841],[-73.846559,40.588458],[-73.846991,40.588265],[-73.84733,40.588479],[-73.847706,40.588318],[-73.846312,40.587688],[-73.845355,40.587472],[-73.845254,40.58733],[-73.845324,40.587195],[-73.845602,40.587093],[-73.846065,40.587476],[-73.846713,40.5874],[-73.847948,40.587683],[-73.848169,40.587855],[-73.848086,40.588194],[-73.847886,40.58838],[-73.848133,40.588461],[-73.848215,40.588441],[-73.848159,40.588164],[-73.84838,40.588],[-73.848657,40.587994],[-73.848719,40.588229],[-73.849059,40.58806],[-73.84939,40.588071],[-73.84912,40.587879],[-73.848843,40.58788],[-73.848733,40.587731],[-73.848287,40.587689],[-73.847886,40.58743],[-73.844614,40.586539],[-73.843966,40.586274]],[[-73.849306,40.586125],[-73.849233,40.586188],[-73.849306,40.586246],[-73.849524,40.586188],[-73.849306,40.586125]],[[-73.848657,40.586024],[-73.848496,40.586127],[-73.848673,40.586343],[-73.849078,40.58625],[-73.849015,40.586127],[-73.848657,40.586024]],[[-73.920571,40.584982],[-73.91804,40.585913],[-73.917577,40.586233],[-73.916836,40.586484],[-73.916373,40.586777],[-73.915633,40.586916],[-73.914491,40.586694],[-73.914059,40.586821],[-73.913627,40.586722],[-73.913441,40.586604],[-73.913404,40.586343],[-73.912886,40.586347],[-73.912269,40.585832],[-73.911929,40.585684],[-73.912052,40.585505],[-73.911775,40.585495],[-73.911629,40.585725],[-73.912476,40.586651],[-73.912468,40.586991],[-73.912791,40.587701],[-73.91279,40.587978],[-73.913323,40.588287],[-73.913351,40.588441],[-73.913073,40.588719],[-73.91338,40.589086],[-73.913627,40.589168],[-73.91375,40.589143],[-73.913788,40.588904],[-73.913556,40.588472],[-73.913688,40.587934],[-73.91409,40.587755],[-73.91517,40.587699],[-73.916819,40.587052],[-73.917762,40.586261],[-73.918472,40.585901],[-73.91909,40.585751],[-73.919738,40.58592],[-73.920941,40.585513],[-73.92341,40.585639],[-73.924799,40.58545],[-73.925139,40.585533],[-73.925664,40.58587],[-73.92733,40.587443],[-73.927749,40.587886],[-73.928071,40.588646],[-73.928565,40.588654],[-73.928688,40.588926],[-73.92912,40.589103],[-73.929213,40.58896],[-73.929249,40.58912],[-73.929583,40.589159],[-73.930578,40.589583],[-73.930432,40.588781],[-73.929429,40.587852],[-73.929367,40.587323],[-73.928225,40.587117],[-73.92767,40.586801],[-73.927361,40.586768],[-73.927254,40.586497],[-73.92696,40.586479],[-73.926867,40.586273],[-73.926682,40.586296],[-73.926466,40.586068],[-73.92622,40.586003],[-73.926219,40.585747],[-73.925941,40.585744],[-73.925818,40.58553],[-73.925602,40.585499],[-73.92554,40.585253],[-73.925293,40.585336],[-73.924923,40.585083],[-73.924275,40.585013],[-73.923503,40.585112],[-73.92233,40.584979],[-73.920571,40.584982]],[[-73.911215,40.58483],[-73.911343,40.584859],[-73.911343,40.584967],[-73.911231,40.584954],[-73.911215,40.58483]],[[-73.91108,40.584645],[-73.911157,40.584672],[-73.911157,40.584768],[-73.911017,40.584769],[-73.91108,40.584645]],[[-73.899614,40.584389],[-73.899504,40.584552],[-73.899522,40.58492],[-73.90017,40.585311],[-73.900603,40.585417],[-73.900139,40.584871],[-73.899892,40.584868],[-73.899614,40.584389]],[[-73.910262,40.583781],[-73.909769,40.584133],[-73.909267,40.584244],[-73.909738,40.584235],[-73.910262,40.584478],[-73.91091,40.585233],[-73.911284,40.585509],[-73.911404,40.585514],[-73.911435,40.58536],[-73.911705,40.585355],[-73.91146,40.585077],[-73.911592,40.584861],[-73.911127,40.584131],[-73.910849,40.583909],[-73.910262,40.583781]],[[-73.763009,40.583779],[-73.762948,40.583905],[-73.763129,40.583873],[-73.763071,40.583832],[-73.763009,40.583779]],[[-73.762299,40.583748],[-73.762278,40.583781],[-73.76233,40.583859],[-73.762347,40.583781],[-73.762299,40.583748]],[[-73.901157,40.583098],[-73.900694,40.583265],[-73.90047,40.583657],[-73.901034,40.584291],[-73.901806,40.584718],[-73.90239,40.58412],[-73.901745,40.58338],[-73.901157,40.583098]],[[-73.76,40.584968],[-73.760756,40.583667],[-73.760664,40.583364],[-73.76,40.583301]],[[-73.908194,40.583007],[-73.908171,40.583071],[-73.908349,40.583229],[-73.908377,40.583071],[-73.908194,40.583007]],[[-73.948688,40.582265],[-73.948873,40.582431],[-73.949075,40.582361],[-73.948964,40.582299],[-73.948688,40.582265]],[[-73.906744,40.581866],[-73.90628,40.582176],[-73.906171,40.58267],[-73.905636,40.583873],[-73.905046,40.584187],[-73.904256,40.585077],[-73.903482,40.585262],[-73.903837,40.585694],[-73.90375,40.585841],[-73.903534,40.585925],[-73.903188,40.58554],[-73.902577,40.585366],[-73.902485,40.585522],[-73.902176,40.585422],[-73.901651,40.585536],[-73.901435,40.58569],[-73.901404,40.585945],[-73.900664,40.585493],[-73.900599,40.585571],[-73.90105,40.586003],[-73.901039,40.58625],[-73.899936,40.587145],[-73.900355,40.587299],[-73.900509,40.58727],[-73.900602,40.587077],[-73.900941,40.587197],[-73.90122,40.587145],[-73.904859,40.58588],[-73.906096,40.585142],[-73.907176,40.585197],[-73.907727,40.584861],[-73.907688,40.583565],[-73.907546,40.583389],[-73.907238,40.583353],[-73.907061,40.582701],[-73.906762,40.582515],[-73.907083,40.582392],[-73.907392,40.582613],[-73.907596,40.582361],[-73.907607,40.582145],[-73.907299,40.581908],[-73.906744,40.581866]],[[-73.934552,40.58168],[-73.934429,40.581762],[-73.934429,40.581859],[-73.934676,40.581775],[-73.934552,40.58168]],[[-73.935386,40.581398],[-73.935389,40.581466],[-73.935534,40.581466],[-73.935486,40.581404],[-73.935386,40.581398]],[[-73.906065,40.581363],[-73.906003,40.581552],[-73.906096,40.581695],[-73.906258,40.581713],[-73.906065,40.581363]],[[-73.941435,40.581183],[-73.94125,40.581273],[-73.941096,40.581565],[-73.94091,40.581617],[-73.939923,40.581422],[-73.93838,40.581464],[-73.937546,40.581347],[-73.936034,40.581347],[-73.935681,40.581373],[-73.935448,40.581594],[-73.935231,40.581506],[-73.935079,40.581682],[-73.935368,40.581775],[-73.935787,40.581588],[-73.935972,40.581908],[-73.936343,40.582036],[-73.936651,40.58184],[-73.938565,40.582115],[-73.939336,40.582011],[-73.939676,40.581825],[-73.94017,40.581749],[-73.940849,40.581895],[-73.941991,40.582362],[-73.943194,40.582333],[-73.943565,40.582585],[-73.94446,40.582902],[-73.946373,40.582914],[-73.946744,40.58316],[-73.947114,40.583125],[-73.947423,40.583272],[-73.947762,40.583139],[-73.94776,40.582608],[-73.947515,40.582036],[-73.94662,40.581964],[-73.94625,40.581809],[-73.945972,40.581845],[-73.944676,40.581482],[-73.943102,40.581399],[-73.942238,40.581193],[-73.941867,40.581327],[-73.941435,40.581183]],[[-73.869213,40.580662],[-73.868978,40.580849],[-73.868935,40.581139],[-73.869885,40.580849],[-73.869645,40.58065],[-73.86946,40.580743],[-73.869213,40.580662]],[[-73.931281,40.580443],[-73.931338,40.580818],[-73.931127,40.581049],[-73.931058,40.581435],[-73.931458,40.582176],[-73.931954,40.58267],[-73.932207,40.582706],[-73.932978,40.582433],[-73.934707,40.582512],[-73.935022,40.582392],[-73.934983,40.582207],[-73.934614,40.582192],[-73.934429,40.582039],[-73.934151,40.582247],[-73.933565,40.582073],[-73.933482,40.58196],[-73.933657,40.581836],[-73.933194,40.581614],[-73.932762,40.581697],[-73.932423,40.5816],[-73.931281,40.580443]],[[-73.805727,40.605],[-73.805395,40.60341],[-73.805432,40.60233],[-73.805337,40.601744],[-73.805419,40.601157],[-73.805725,40.60069],[-73.806435,40.600085],[-73.808596,40.599091],[-73.809583,40.598391],[-73.81054,40.597887],[-73.810745,40.597701],[-73.810639,40.597454],[-73.810976,40.597546],[-73.811034,40.597639],[-73.810929,40.597793],[-73.811281,40.597732],[-73.811447,40.597269],[-73.811812,40.597022],[-73.811926,40.596806],[-73.811782,40.596713],[-73.811569,40.596188],[-73.811219,40.596198],[-73.811203,40.596096],[-73.812022,40.59545],[-73.812577,40.595194],[-73.812675,40.594923],[-73.81304,40.594949],[-73.813802,40.594429],[-73.814892,40.593976],[-73.815602,40.593443],[-73.816435,40.593139],[-73.816497,40.593028],[-73.816929,40.592999],[-73.818843,40.592293],[-73.818935,40.592515],[-73.819336,40.592461],[-73.819062,40.592824],[-73.819429,40.592875],[-73.81929,40.593102],[-73.819491,40.59318],[-73.819811,40.592948],[-73.819799,40.592768],[-73.819493,40.592824],[-73.819895,40.592361],[-73.819608,40.592299],[-73.819529,40.591991],[-73.819632,40.591806],[-73.819978,40.591806],[-73.819892,40.591951],[-73.81961,40.59196],[-73.819672,40.592176],[-73.819892,40.592012],[-73.820231,40.592251],[-73.820456,40.592052],[-73.820538,40.591775],[-73.820154,40.59159],[-73.820571,40.591405],[-73.821898,40.591186],[-73.822114,40.591257],[-73.822608,40.591735],[-73.822703,40.591528],[-73.823164,40.591234],[-73.82704,40.589583],[-73.827429,40.588966],[-73.828318,40.588257],[-73.829954,40.587664],[-73.830046,40.587843],[-73.830794,40.587701],[-73.830635,40.588102],[-73.830972,40.588071],[-73.83232,40.587299],[-73.832623,40.586867],[-73.833725,40.586157],[-73.833774,40.586034],[-73.833379,40.585972],[-73.833812,40.585536],[-73.836219,40.584957],[-73.837793,40.584935],[-73.840818,40.585512],[-73.842022,40.585613],[-73.843133,40.585566],[-73.844213,40.585714],[-73.844491,40.585402],[-73.845417,40.585209],[-73.846528,40.585206],[-73.847269,40.585333],[-73.847917,40.585172],[-73.849429,40.585226],[-73.85,40.585386],[-73.850233,40.585694],[-73.850243,40.586096],[-73.850522,40.586404],[-73.850349,40.586929],[-73.851435,40.587224],[-73.854491,40.58592],[-73.856065,40.585498],[-73.856511,40.586003],[-73.856332,40.586497],[-73.856773,40.58696],[-73.857207,40.587157],[-73.857546,40.587112],[-73.85767,40.587461],[-73.857917,40.587741],[-73.858534,40.587746],[-73.859723,40.58659],[-73.859954,40.586199],[-73.860756,40.585887],[-73.862608,40.584644],[-73.86375,40.583196],[-73.864429,40.582901],[-73.865324,40.583012],[-73.865664,40.582947],[-73.866713,40.582093],[-73.86767,40.581672],[-73.867978,40.581435],[-73.867948,40.581227],[-73.868133,40.58145],[-73.868398,40.581373],[-73.868447,40.580849],[-73.86819,40.580633],[-73.868237,40.580262],[-73.868046,40.580046],[-73.869429,40.579633],[-73.869491,40.579808],[-73.869273,40.579799],[-73.869386,40.580571],[-73.869491,40.580646],[-73.869522,40.580509],[-73.869614,40.580591],[-73.869769,40.580379],[-73.869966,40.580818],[-73.870231,40.581014],[-73.870509,40.582389],[-73.870813,40.582701],[-73.871818,40.588441],[-73.871682,40.588519],[-73.871188,40.588248],[-73.870972,40.588251],[-73.870766,40.588596],[-73.87074,40.588935],[-73.87017,40.589158],[-73.869719,40.589738],[-73.869336,40.589755],[-73.86912,40.590002],[-73.868071,40.590379],[-73.867978,40.590999],[-73.867701,40.591005],[-73.867515,40.591287],[-73.867207,40.591296],[-73.867047,40.591435],[-73.867049,40.59159],[-73.867299,40.591779],[-73.867465,40.592238],[-73.867711,40.592485],[-73.867363,40.592824],[-73.867348,40.593287],[-73.86753,40.593565],[-73.86758,40.594398],[-73.867974,40.595201],[-73.868208,40.596157],[-73.868071,40.596289],[-73.867608,40.59638],[-73.867299,40.596893],[-73.867096,40.59767],[-73.867069,40.599028],[-73.866745,40.60054],[-73.866673,40.601497],[-73.865972,40.602172],[-73.86567,40.602793],[-73.866003,40.602822],[-73.866373,40.602627],[-73.867288,40.601219],[-73.868164,40.598699],[-73.868323,40.59767],[-73.868271,40.596373],[-73.868935,40.596259],[-73.869491,40.596422],[-73.869465,40.596836],[-73.870336,40.598194],[-73.870624,40.598503],[-73.871682,40.599059],[-73.871949,40.599707],[-73.872281,40.601867],[-73.87257,40.602793],[-73.872671,40.604398],[-73.872802,40.605]],[[-73.873148,40.605],[-73.873288,40.603904],[-73.873511,40.603781],[-73.873368,40.603596],[-73.873579,40.603102],[-73.873589,40.60267],[-73.873873,40.602536],[-73.874275,40.602617],[-73.874614,40.602494],[-73.875293,40.602819],[-73.875386,40.603045],[-73.875999,40.60341],[-73.875961,40.603627],[-73.876157,40.603767],[-73.877797,40.604244],[-73.878802,40.605]],[[-73.911806,40.578531],[-73.91159,40.578719],[-73.910972,40.578708],[-73.910247,40.579336],[-73.909398,40.579679],[-73.909115,40.579923],[-73.909011,40.580509],[-73.909121,40.580694],[-73.90893,40.581034],[-73.908935,40.581598],[-73.90946,40.581603],[-73.90974,40.581034],[-73.910231,40.580543],[-73.91162,40.579829],[-73.911856,40.579522],[-73.91234,40.579244],[-73.912145,40.578714],[-73.911806,40.578531]],[[-73.929059,40.577172],[-73.928915,40.57733],[-73.928935,40.577404],[-73.92909,40.577361],[-73.929059,40.577172]],[[-73.930139,40.575811],[-73.929727,40.575941],[-73.929225,40.576559],[-73.929501,40.577145],[-73.929892,40.577134],[-73.930355,40.577679],[-73.930412,40.576003],[-73.930324,40.575824],[-73.930139,40.575811]],[[-73.900931,40.574707],[-73.901682,40.574794],[-73.90181,40.575201],[-73.901651,40.575272],[-73.901065,40.575181],[-73.900567,40.574985],[-73.900611,40.57483],[-73.900931,40.574707]],[[-73.904598,40.57375],[-73.904923,40.57375],[-73.905355,40.57419],[-73.904552,40.574247],[-73.904168,40.574028],[-73.904182,40.573903],[-73.904598,40.57375]],[[-73.940725,40.572883],[-73.940355,40.572923],[-73.940039,40.573225],[-73.940051,40.57341],[-73.940571,40.573505],[-73.941034,40.573376],[-73.9414,40.573133],[-73.941281,40.57296],[-73.940725,40.572883]],[[-73.910941,40.572318],[-73.910972,40.572463],[-73.911195,40.572423],[-73.911127,40.572324],[-73.910941,40.572318]],[[-73.931404,40.56952],[-73.931157,40.569706],[-73.930627,40.570571],[-73.929954,40.570941],[-73.930239,40.57125],[-73.930108,40.571555],[-73.929954,40.57155],[-73.929738,40.571243],[-73.929614,40.57123],[-73.929563,40.570756],[-73.929151,40.570799],[-73.928865,40.571034],[-73.928808,40.571435],[-73.928496,40.571929],[-73.928935,40.572061],[-73.929244,40.57229],[-73.929454,40.571929],[-73.929475,40.572176],[-73.929707,40.572337],[-73.929752,40.572546],[-73.929645,40.572894],[-73.92909,40.573692],[-73.928966,40.573564],[-73.928873,40.57362],[-73.928768,40.574059],[-73.928843,40.574102],[-73.928997,40.573884],[-73.928997,40.574075],[-73.928813,40.574367],[-73.928766,40.574738],[-73.928299,40.575108],[-73.928287,40.57534],[-73.928935,40.57515],[-73.929059,40.574985],[-73.928983,40.574769],[-73.93017,40.574194],[-73.930509,40.573805],[-73.931466,40.573303],[-73.931677,40.572948],[-73.931632,40.572485],[-73.931894,40.572022],[-73.932515,40.571587],[-73.933102,40.570875],[-73.933708,40.570571],[-73.933651,40.569923],[-73.93341,40.56972],[-73.932577,40.569705],[-73.931682,40.569863],[-73.931404,40.56952]],[[-73.95017,40.569056],[-73.949205,40.569861],[-73.948804,40.570046],[-73.94876,40.570262],[-73.948596,40.570397],[-73.946711,40.571559],[-73.946623,40.571898],[-73.947515,40.572031],[-73.94875,40.571791],[-73.949861,40.571295],[-73.950818,40.571109],[-73.95162,40.571148],[-73.952052,40.571351],[-73.95215,40.571713],[-73.952043,40.572052],[-73.951274,40.572917],[-73.951466,40.5731],[-73.951898,40.573164],[-73.953935,40.572843],[-73.955355,40.572908],[-73.956559,40.572669],[-73.957608,40.572698],[-73.959213,40.572261],[-73.959397,40.572052],[-73.959242,40.57162],[-73.958831,40.571096],[-73.958164,40.570822],[-73.957176,40.570556],[-73.955077,40.570492],[-73.954213,40.570358],[-73.95375,40.570061],[-73.95341,40.570046],[-73.95307,40.569861],[-73.952917,40.569635],[-73.952546,40.56961],[-73.952083,40.569297],[-73.950355,40.569154],[-73.95017,40.569056]],[[-73.97,40.569604],[-73.969242,40.569707],[-73.968688,40.569915],[-73.96845,40.57017],[-73.968657,40.570346],[-73.969769,40.570505],[-73.97,40.570499]],[[-73.936404,40.567235],[-73.936233,40.56733],[-73.936217,40.567485],[-73.936665,40.567824],[-73.936541,40.568102],[-73.936096,40.568276],[-73.935324,40.568218],[-73.934896,40.56841],[-73.934898,40.568565],[-73.935267,40.568781],[-73.935401,40.569213],[-73.936682,40.569143],[-73.937268,40.568627],[-73.937128,40.567515],[-73.936806,40.567296],[-73.936404,40.567235]],[[-73.930725,40.56714],[-73.930111,40.569306],[-73.930108,40.56972],[-73.930588,40.569429],[-73.930906,40.568812],[-73.931107,40.567608],[-73.930896,40.567176],[-73.930725,40.56714]],[[-73.956713,40.566681],[-73.956674,40.566744],[-73.956775,40.566761],[-73.956792,40.566682],[-73.956713,40.566681]],[[-73.930324,40.56615],[-73.930218,40.56625],[-73.930012,40.567114],[-73.929614,40.567676],[-73.928966,40.567584],[-73.928657,40.567652],[-73.928486,40.567762],[-73.928284,40.568164],[-73.927577,40.568757],[-73.927052,40.568901],[-73.926373,40.568905],[-73.925725,40.569176],[-73.924861,40.569338],[-73.924398,40.569487],[-73.923935,40.56983],[-73.923986,40.57017],[-73.9244,40.57054],[-73.924544,40.571559],[-73.924645,40.571691],[-73.925046,40.571646],[-73.925571,40.571258],[-73.926373,40.57097],[-73.926775,40.570977],[-73.926842,40.571404],[-73.926607,40.572052],[-73.926748,40.572454],[-73.926157,40.572311],[-73.925633,40.572449],[-73.925342,40.572639],[-73.925077,40.573184],[-73.924336,40.573427],[-73.923441,40.572576],[-73.922793,40.572239],[-73.922342,40.571836],[-73.922285,40.57159],[-73.922423,40.571299],[-73.921065,40.571647],[-73.920255,40.571559],[-73.919429,40.571321],[-73.918349,40.571262],[-73.918245,40.571312],[-73.9183,40.57162],[-73.918187,40.571929],[-73.917896,40.572299],[-73.916343,40.572951],[-73.915293,40.573009],[-73.915211,40.573287],[-73.91586,40.573904],[-73.917022,40.574072],[-73.920263,40.574244],[-73.920633,40.574315],[-73.920678,40.574491],[-73.920231,40.574676],[-73.918719,40.574792],[-73.917515,40.574759],[-73.91692,40.575046],[-73.916312,40.575609],[-73.915646,40.575818],[-73.916497,40.575988],[-73.917361,40.575808],[-73.920756,40.575626],[-73.924398,40.575654],[-73.925602,40.575531],[-73.926879,40.57517],[-73.927253,40.574799],[-73.927814,40.573133],[-73.927701,40.572924],[-73.927129,40.572855],[-73.926961,40.572608],[-73.92813,40.572114],[-73.927822,40.571898],[-73.928009,40.571267],[-73.928322,40.570694],[-73.928475,40.570139],[-73.928969,40.569707],[-73.929244,40.569237],[-73.929491,40.56919],[-73.929738,40.569789],[-73.929935,40.569552],[-73.930464,40.567052],[-73.930308,40.566281],[-73.930434,40.566281],[-73.930571,40.566782],[-73.930676,40.566528],[-73.930818,40.566704],[-73.931027,40.566404],[-73.930941,40.566268],[-73.930324,40.56615]],[[-73.95375,40.565605],[-73.95367,40.565849],[-73.953719,40.565932],[-73.953789,40.56588],[-73.95375,40.565605]],[[-73.950417,40.565525],[-73.950292,40.565602],[-73.950448,40.565728],[-73.950482,40.565602],[-73.950417,40.565525]],[[-73.950787,40.565506],[-73.950797,40.565633],[-73.950907,40.565664],[-73.950916,40.565602],[-73.950787,40.565506]],[[-73.948843,40.565287],[-73.948813,40.565355],[-73.948873,40.565418],[-73.948904,40.565346],[-73.948843,40.565287]],[[-73.96526,40.565231],[-73.965324,40.565227],[-73.965324,40.565332],[-73.965262,40.565314],[-73.96526,40.565231]],[[-73.950863,40.565077],[-73.950983,40.56517],[-73.95088,40.565306],[-73.950827,40.565231],[-73.950863,40.565077]],[[-73.948873,40.565041],[-73.948719,40.565172],[-73.948843,40.565117],[-73.949028,40.565231],[-73.949022,40.565046],[-73.948873,40.565041]],[[-73.950382,40.565015],[-73.950458,40.565046],[-73.950417,40.565121],[-73.95036,40.565077],[-73.950382,40.565015]],[[-73.943994,40.563225],[-73.944034,40.563287],[-73.943997,40.563351],[-73.94396,40.563318],[-73.943994,40.563225]],[[-73.943715,40.563225],[-73.943812,40.563201],[-73.943846,40.563256],[-73.943781,40.563317],[-73.943715,40.563225]],[[-73.942913,40.563009],[-73.942989,40.56304],[-73.942978,40.563161],[-73.942915,40.563133],[-73.942913,40.563009]],[[-73.97,40.560105],[-73.969936,40.560077],[-73.969861,40.560072],[-73.969923,40.56013],[-73.97,40.56011]],[[-73.969007,40.557577],[-73.969182,40.557592],[-73.969213,40.55778],[-73.968998,40.557701],[-73.969007,40.557577]],[[-73.957207,40.553349],[-73.957269,40.553431],[-73.957343,40.55341],[-73.957319,40.553349],[-73.957207,40.553349]],[[-73.95734,40.550602],[-73.957404,40.550633],[-73.957361,40.55075],[-73.957334,40.550633],[-73.95734,40.550602]],[[-73.896349,40.605],[-73.896898,40.604921],[-73.897392,40.604963],[-73.897731,40.604829],[-73.8988,40.605]],[[-73.89897,40.605],[-73.899707,40.604813],[-73.90159,40.604754],[-73.901817,40.605]],[[-73.903371,40.605],[-73.903503,40.604953],[-73.90409,40.604869],[-73.90412,40.604766],[-73.905448,40.604605],[-73.905636,40.605]],[[-73.908057,40.605],[-73.908118,40.60446],[-73.90838,40.604007],[-73.908997,40.603627],[-73.91088,40.603301],[-73.913164,40.603542],[-73.913812,40.603762],[-73.915102,40.605]],[[-73.916297,40.605],[-73.915422,40.60412],[-73.914688,40.603688],[-73.914645,40.603441],[-73.914367,40.603213],[-73.912207,40.602657],[-73.910664,40.602482],[-73.91017,40.602606],[-73.909954,40.60243],[-73.909707,40.602401],[-73.90909,40.602602],[-73.908627,40.602497],[-73.907546,40.602559],[-73.906836,40.602856],[-73.904583,40.602971],[-73.902608,40.603625],[-73.90091,40.603901],[-73.899861,40.603845],[-73.898966,40.60425],[-73.898071,40.604102],[-73.897546,40.604356],[-73.895664,40.604552],[-73.894923,40.604333],[-73.894769,40.604054],[-73.89446,40.603889],[-73.893256,40.604238],[-73.892886,40.604037],[-73.892577,40.604067],[-73.890279,40.605]],[[-73.882643,40.605],[-73.882423,40.604706],[-73.881447,40.60233],[-73.87997,40.599954],[-73.880342,40.599398],[-73.879633,40.595818],[-73.879669,40.59554],[-73.879889,40.595324],[-73.879956,40.594799],[-73.879759,40.594645],[-73.879665,40.594244],[-73.87948,40.59412],[-73.879522,40.593865],[-73.879182,40.593766],[-73.879056,40.593565],[-73.878887,40.592731],[-73.878947,40.592485],[-73.878726,40.592238],[-73.878964,40.592083],[-73.879028,40.591867],[-73.878903,40.591713],[-73.878565,40.591605],[-73.878212,40.590509],[-73.878066,40.588349],[-73.877397,40.588256],[-73.877983,40.588009],[-73.877686,40.587793],[-73.877585,40.587546],[-73.877674,40.586898],[-73.877333,40.58662],[-73.877339,40.586312],[-73.877171,40.586065],[-73.87662,40.58557],[-73.876206,40.585386],[-73.87648,40.585201],[-73.876497,40.584804],[-73.878966,40.580966],[-73.879583,40.580114],[-73.880477,40.579398],[-73.880689,40.579028],[-73.881404,40.578872],[-73.881682,40.578683],[-73.882855,40.578721],[-73.88517,40.578033],[-73.8897,40.577207],[-73.889182,40.577185],[-73.888697,40.576898],[-73.888966,40.576708],[-73.890355,40.576356],[-73.890324,40.576193],[-73.89054,40.576265],[-73.890664,40.576095],[-73.89091,40.576178],[-73.891157,40.575982],[-73.891435,40.576117],[-73.891528,40.576009],[-73.891775,40.576156],[-73.892361,40.575949],[-73.894707,40.575849],[-73.895108,40.575708],[-73.897238,40.575931],[-73.89912,40.576279],[-73.901003,40.576914],[-73.901584,40.577238],[-73.901578,40.577546],[-73.902034,40.577793],[-73.902096,40.578472],[-73.902824,40.579096],[-73.903472,40.5792],[-73.903635,40.578997],[-73.903012,40.578102],[-73.902669,40.577917],[-73.902756,40.577701],[-73.903225,40.577505],[-73.903683,40.577639],[-73.90341,40.577709],[-73.903287,40.57793],[-73.903657,40.577782],[-73.904151,40.577885],[-73.90446,40.577726],[-73.905077,40.577643],[-73.905478,40.577912],[-73.905847,40.577948],[-73.906003,40.578333],[-73.906475,40.578472],[-73.906775,40.579011],[-73.907114,40.579279],[-73.90733,40.579738],[-73.908441,40.57943],[-73.908596,40.579427],[-73.908719,40.579622],[-73.90958,40.579059],[-73.910201,40.578798],[-73.910385,40.578596],[-73.910378,40.57841],[-73.910262,40.578194],[-73.909923,40.577998],[-73.908596,40.577691],[-73.908211,40.57733],[-73.907774,40.575849],[-73.907948,40.575692],[-73.907639,40.57575],[-73.906929,40.575345],[-73.906373,40.575226],[-73.906066,40.575355],[-73.90588,40.575599],[-73.90554,40.57547],[-73.904738,40.575521],[-73.904182,40.575922],[-73.903604,40.575633],[-73.90352,40.575417],[-73.904244,40.575194],[-73.905633,40.575344],[-73.905871,40.575139],[-73.90586,40.574275],[-73.906281,40.574065],[-73.906991,40.573923],[-73.907207,40.573332],[-73.908688,40.573042],[-73.909398,40.573068],[-73.909434,40.572731],[-73.909768,40.572361],[-73.910849,40.571923],[-73.911127,40.57192],[-73.911806,40.572212],[-73.913164,40.572055],[-73.91338,40.572196],[-73.913657,40.572176],[-73.913781,40.57203],[-73.914347,40.571836],[-73.914429,40.571558],[-73.914642,40.571435],[-73.915664,40.571474],[-73.916713,40.57123],[-73.916869,40.57088],[-73.917114,40.570649],[-73.917747,40.570571],[-73.91804,40.570365],[-73.918781,40.570233],[-73.919686,40.569738],[-73.920694,40.569376],[-73.921219,40.569355],[-73.921442,40.569213],[-73.92091,40.569134],[-73.919738,40.569187],[-73.919452,40.56909],[-73.919892,40.568774],[-73.920338,40.568657],[-73.920295,40.568441],[-73.920566,40.568225],[-73.923719,40.566848],[-73.926343,40.565973],[-73.927855,40.565594],[-73.92912,40.565415],[-73.931559,40.564642],[-73.932948,40.564384],[-73.935293,40.563453],[-73.935849,40.563431],[-73.936188,40.563583],[-73.936713,40.563486],[-73.936836,40.563615],[-73.937207,40.563526],[-73.937608,40.563646],[-73.938349,40.563496],[-73.938503,40.563646],[-73.938902,40.563596],[-73.939059,40.563446],[-73.939923,40.563539],[-73.940571,40.563316],[-73.940787,40.563549],[-73.941003,40.563449],[-73.941127,40.56357],[-73.941343,40.563335],[-73.941466,40.563439],[-73.941775,40.563397],[-73.941977,40.563225],[-73.941991,40.563041],[-73.942515,40.563403],[-73.942545,40.563565],[-73.942639,40.563327],[-73.943164,40.563414],[-73.943318,40.563295],[-73.943311,40.563534],[-73.943472,40.56363],[-73.94373,40.563441],[-73.943688,40.563627],[-73.943997,40.563985],[-73.944061,40.563904],[-73.943923,40.563534],[-73.944054,40.563534],[-73.94409,40.563695],[-73.944275,40.563806],[-73.944425,40.563781],[-73.944367,40.563662],[-73.944367,40.563572],[-73.944521,40.56375],[-73.944552,40.56406],[-73.944738,40.563979],[-73.944799,40.564183],[-73.945046,40.564148],[-73.945386,40.564334],[-73.945509,40.564141],[-73.945517,40.564367],[-73.946157,40.564377],[-73.946219,40.564525],[-73.946651,40.564628],[-73.947485,40.564626],[-73.947639,40.5645],[-73.947793,40.56457],[-73.947855,40.564311],[-73.947978,40.564685],[-73.948222,40.564738],[-73.948349,40.564907],[-73.948466,40.564707],[-73.948427,40.564522],[-73.948534,40.564457],[-73.948657,40.564806],[-73.948904,40.56477],[-73.949302,40.565231],[-73.949141,40.565386],[-73.949151,40.565571],[-73.949306,40.565431],[-73.949868,40.565448],[-73.949809,40.56517],[-73.949588,40.565077],[-73.949707,40.564935],[-73.949907,40.565015],[-73.949936,40.565324],[-73.950108,40.565536],[-73.950246,40.565386],[-73.950015,40.565032],[-73.950448,40.565453],[-73.950787,40.565339],[-73.951003,40.565563],[-73.951127,40.565365],[-73.951343,40.565412],[-73.95159,40.565308],[-73.951624,40.56554],[-73.951806,40.56558],[-73.951849,40.565386],[-73.952052,40.565259],[-73.952515,40.565649],[-73.952608,40.565488],[-73.953225,40.565553],[-73.953225,40.565305],[-73.953441,40.565279],[-73.953397,40.56554],[-73.953904,40.565532],[-73.954151,40.565851],[-73.954267,40.565787],[-73.954182,40.565635],[-73.95446,40.56557],[-73.954769,40.565866],[-73.954985,40.56582],[-73.955293,40.565966],[-73.955417,40.565783],[-73.955647,40.565941],[-73.955633,40.566067],[-73.955491,40.566065],[-73.955554,40.566157],[-73.955941,40.566196],[-73.95625,40.566077],[-73.956479,40.566435],[-73.956651,40.566487],[-73.956991,40.566314],[-73.958102,40.566328],[-73.958441,40.566154],[-73.959799,40.56627],[-73.960201,40.566141],[-73.960355,40.566211],[-73.960787,40.565891],[-73.961127,40.566043],[-73.96162,40.565804],[-73.962824,40.565528],[-73.964614,40.565603],[-73.965448,40.565416],[-73.965664,40.565216],[-73.965943,40.565324],[-73.96591,40.565521],[-73.966127,40.565523],[-73.966189,40.565448],[-73.966039,40.565324],[-73.966171,40.565077],[-73.965954,40.564923],[-73.966027,40.564676],[-73.965823,40.564491],[-73.966018,40.564306],[-73.965966,40.56409],[-73.967207,40.56291],[-73.967464,40.562485],[-73.967793,40.562286],[-73.967815,40.562083],[-73.968308,40.561404],[-73.968534,40.561356],[-73.969321,40.560417],[-73.97,40.559816]],[[-73.97,40.559719],[-73.969856,40.559583],[-73.969963,40.55946],[-73.969911,40.559336],[-73.969719,40.559244],[-73.96983,40.559059],[-73.969541,40.558873],[-73.969764,40.558627],[-73.969707,40.558349],[-73.969484,40.558133],[-73.969645,40.558009],[-73.97,40.556425]],[[-73.957308,40.547762],[-73.957457,40.547855],[-73.957193,40.547917],[-73.957164,40.547886],[-73.957308,40.547762]],[[-73.952186,40.542207],[-73.952269,40.54221],[-73.952299,40.542301],[-73.952207,40.542306],[-73.952186,40.542207]],[[-73.76,40.582902],[-73.760015,40.5829],[-73.760386,40.583115],[-73.760756,40.582525],[-73.761343,40.582496],[-73.761497,40.582721],[-73.761867,40.582652],[-73.762454,40.582898],[-73.76267,40.582797],[-73.762947,40.583009],[-73.764085,40.583318],[-73.764244,40.583454],[-73.767762,40.583808],[-73.769799,40.584627],[-73.771034,40.584829],[-73.771219,40.584957],[-73.772451,40.584985],[-73.77375,40.585554],[-73.773966,40.585543],[-73.774058,40.585386],[-73.773617,40.584769],[-73.77375,40.58463],[-73.774059,40.584644],[-73.77875,40.587073],[-73.779707,40.58753],[-73.780231,40.587652],[-73.781068,40.587546],[-73.780478,40.586899],[-73.778541,40.586343],[-73.776857,40.585293],[-73.775664,40.584283],[-73.77546,40.583997],[-73.775417,40.583602],[-73.776466,40.58374],[-73.777083,40.583953],[-73.779912,40.585417],[-73.781647,40.58591],[-73.784244,40.587028],[-73.783806,40.586466],[-73.782651,40.585633],[-73.782374,40.585293],[-73.782701,40.585229],[-73.78338,40.585383],[-73.785015,40.5861],[-73.787948,40.586197],[-73.789157,40.586096],[-73.789028,40.585461],[-73.790015,40.585672],[-73.790201,40.585291],[-73.79054,40.585478],[-73.793441,40.585132],[-73.793503,40.584868],[-73.794429,40.584792],[-73.795747,40.584861],[-73.795818,40.584376],[-73.796127,40.584314],[-73.796991,40.584427],[-73.796932,40.583997],[-73.797176,40.583938],[-73.797114,40.583647],[-73.797639,40.583802],[-73.798349,40.58384],[-73.800849,40.583478],[-73.801219,40.583331],[-73.802701,40.583328],[-73.802886,40.583054],[-73.805664,40.582484],[-73.807207,40.582279],[-73.814628,40.580448],[-73.815849,40.580011],[-73.817176,40.579798],[-73.818472,40.579341],[-73.821867,40.578498],[-73.829583,40.575956],[-73.831435,40.575458],[-73.831998,40.575417],[-73.832207,40.575274],[-73.83263,40.575386],[-73.832639,40.575068],[-73.832762,40.57493],[-73.833565,40.574917],[-73.833719,40.574507],[-73.835509,40.573969],[-73.835664,40.573812],[-73.837793,40.573105],[-73.83854,40.572978],[-73.838627,40.572657],[-73.83912,40.572565],[-73.839707,40.572255],[-73.846497,40.570473],[-73.847515,40.570108],[-73.848349,40.570024],[-73.848565,40.569659],[-73.849525,40.569614],[-73.849583,40.569371],[-73.849954,40.56935],[-73.850046,40.569173],[-73.851157,40.568841],[-73.851651,40.568813],[-73.851806,40.568648],[-73.852608,40.568449],[-73.852725,40.568287],[-73.856458,40.566867],[-73.860941,40.565383],[-73.862423,40.565116],[-73.862639,40.564911],[-73.863904,40.564681],[-73.867948,40.563291],[-73.868287,40.563321],[-73.86841,40.563133],[-73.86912,40.562805],[-73.875448,40.560765],[-73.876991,40.560109],[-73.892122,40.555448],[-73.902126,40.552917],[-73.907546,40.550918],[-73.912145,40.549392],[-73.913472,40.548861],[-73.914645,40.548225],[-73.927731,40.544328],[-73.929185,40.543812],[-73.933843,40.542866],[-73.935293,40.542476],[-73.937423,40.541644],[-73.94017,40.540193],[-73.940509,40.540179],[-73.940787,40.539969],[-73.941466,40.540216],[-73.94233,40.540308],[-73.942558,40.540448],[-73.94277,40.541034],[-73.94276,40.541404],[-73.942639,40.541841],[-73.942192,40.542361],[-73.9422,40.542608],[-73.942265,40.542978],[-73.942456,40.543133],[-73.942626,40.544306],[-73.943043,40.545756],[-73.943316,40.546096],[-73.943796,40.547392],[-73.943883,40.54912],[-73.943687,40.550324],[-73.943565,40.55052],[-73.943441,40.55048],[-73.943047,40.551651],[-73.942111,40.553472],[-73.941231,40.554552],[-73.93971,40.556065],[-73.937773,40.557515],[-73.935045,40.558966],[-73.93162,40.560322],[-73.930108,40.561302],[-73.928472,40.561771],[-73.923596,40.562647],[-73.921836,40.5627],[-73.919954,40.563137],[-73.919183,40.563194],[-73.918503,40.563667],[-73.917515,40.56415],[-73.915977,40.564645],[-73.916003,40.564856],[-73.915509,40.564755],[-73.914923,40.564891],[-73.912639,40.565851],[-73.911003,40.565854],[-73.90875,40.565139],[-73.908009,40.565086],[-73.903935,40.565834],[-73.901991,40.565943],[-73.900849,40.566142],[-73.90073,40.56625],[-73.900755,40.566497],[-73.900417,40.5667],[-73.899398,40.566937],[-73.898627,40.566837],[-73.897739,40.566991],[-73.89517,40.56835],[-73.892577,40.569138],[-73.891497,40.569204],[-73.889892,40.569097],[-73.888627,40.569329],[-73.886312,40.568927],[-73.885602,40.569],[-73.884892,40.568783],[-73.883873,40.568939],[-73.882546,40.568749],[-73.882333,40.568812],[-73.882299,40.569009],[-73.881127,40.568938],[-73.879676,40.569172],[-73.877731,40.569286],[-73.877153,40.569429],[-73.875913,40.570046],[-73.874992,40.570725],[-73.872886,40.571644],[-73.872263,40.572052],[-73.869843,40.573194],[-73.868781,40.573587],[-73.867762,40.573774],[-73.867015,40.574151],[-73.866682,40.574455],[-73.865678,40.574676],[-73.865318,40.574892],[-73.864384,40.575818],[-73.863716,40.57625],[-73.861343,40.577292],[-73.860417,40.577889],[-73.858383,40.578935],[-73.857933,40.579336],[-73.857705,40.579738],[-73.85841,40.579821],[-73.85912,40.579717],[-73.859323,40.579769],[-73.859329,40.579861],[-73.859073,40.580355],[-73.857917,40.581356],[-73.855571,40.582116],[-73.855262,40.582137],[-73.854714,40.581836],[-73.854429,40.581812],[-73.851003,40.582422],[-73.849244,40.582449],[-73.846188,40.582039],[-73.844429,40.582005],[-73.841806,40.582226],[-73.840633,40.582445],[-73.83983,40.582371],[-73.839495,40.582515],[-73.839375,40.582824],[-73.839213,40.582899],[-73.833627,40.583598],[-73.832024,40.584059],[-73.83159,40.584351],[-73.830972,40.58427],[-73.829632,40.584645],[-73.828688,40.585001],[-73.828344,40.58588],[-73.827978,40.586225],[-73.823441,40.587593],[-73.822855,40.587634],[-73.821593,40.587083],[-73.821096,40.587087],[-73.820098,40.58767],[-73.820015,40.588209],[-73.819645,40.588359],[-73.819491,40.588293],[-73.81946,40.588862],[-73.819028,40.588868],[-73.818565,40.589211],[-73.818251,40.589275],[-73.817996,40.589954],[-73.817684,40.590231],[-73.816867,40.590471],[-73.816497,40.590398],[-73.816127,40.590478],[-73.815108,40.591264],[-73.814334,40.591682],[-73.814123,40.592083],[-73.814152,40.592454],[-73.813873,40.592731],[-73.81093,40.593935],[-73.810721,40.594491],[-73.811244,40.594645],[-73.811312,40.594893],[-73.811476,40.59483],[-73.811126,40.595262],[-73.811298,40.595417],[-73.811281,40.595587],[-73.811065,40.595332],[-73.810571,40.595415],[-73.810548,40.595077],[-73.810276,40.594583],[-73.810475,40.594491],[-73.810355,40.594372],[-73.810139,40.594315],[-73.809923,40.594515],[-73.809769,40.594408],[-73.809769,40.594156],[-73.809429,40.594181],[-73.808657,40.594515],[-73.808054,40.595231],[-73.807324,40.595756],[-73.807207,40.59611],[-73.806898,40.596403],[-73.806559,40.596549],[-73.806157,40.596451],[-73.806034,40.596522],[-73.805825,40.597083],[-73.805434,40.597515],[-73.805446,40.59767],[-73.805255,40.597917],[-73.805378,40.598102],[-73.804582,40.598719],[-73.804367,40.59903],[-73.804264,40.59946],[-73.803657,40.600024],[-73.802454,40.600467],[-73.800478,40.600746],[-73.799275,40.600666],[-73.797361,40.600772],[-73.797296,40.600509],[-73.797577,40.600382],[-73.797642,40.600201],[-73.79696,40.599981],[-73.796034,40.600141],[-73.795108,40.600156],[-73.794799,40.600273],[-73.79448,40.600725],[-73.794182,40.600893],[-73.793997,40.600899],[-73.79375,40.600682],[-73.79304,40.60076],[-73.792366,40.601003],[-73.79162,40.601661],[-73.790486,40.602269],[-73.78909,40.603245],[-73.788604,40.60338],[-73.787604,40.604306],[-73.78733,40.604376],[-73.786238,40.603904],[-73.785716,40.603071],[-73.785655,40.602762],[-73.786856,40.602145],[-73.787691,40.600849],[-73.788169,40.600417],[-73.788565,40.600266],[-73.789563,40.599583],[-73.789614,40.599385],[-73.789262,40.599367],[-73.789936,40.599028],[-73.790015,40.598675],[-73.790403,40.598194],[-73.790245,40.597978],[-73.790509,40.597968],[-73.790589,40.597639],[-73.790405,40.597577],[-73.790787,40.597179],[-73.790772,40.59696],[-73.790636,40.596836],[-73.790811,40.59662],[-73.790506,40.59588],[-73.790466,40.595478],[-73.790438,40.595941],[-73.790293,40.596083],[-73.790121,40.595849],[-73.790081,40.595262],[-73.789937,40.595046],[-73.789987,40.596188],[-73.789715,40.59625],[-73.789583,40.595968],[-73.789516,40.596127],[-73.789726,40.597238],[-73.789458,40.597485],[-73.789519,40.597917],[-73.789412,40.598349],[-73.788966,40.598681],[-73.788071,40.599089],[-73.787392,40.599589],[-73.787177,40.599954],[-73.786219,40.60056],[-73.785901,40.601034],[-73.785915,40.601373],[-73.785364,40.602083],[-73.785382,40.602546],[-73.784923,40.602947],[-73.784607,40.60341],[-73.784513,40.603719],[-73.78455,40.604244],[-73.784885,40.605]],[[-73.944242,40.539583],[-73.944954,40.539658],[-73.946806,40.540238],[-73.947299,40.540168],[-73.947454,40.540872],[-73.947639,40.54067],[-73.948071,40.540706],[-73.948164,40.540875],[-73.948627,40.540994],[-73.949985,40.541826],[-73.950341,40.541898],[-73.950578,40.542207],[-73.951034,40.542473],[-73.95233,40.543615],[-73.953164,40.544618],[-73.953398,40.544738],[-73.953349,40.544966],[-73.95375,40.545108],[-73.953997,40.545553],[-73.954244,40.545526],[-73.954275,40.545773],[-73.954954,40.546057],[-73.955062,40.54625],[-73.955469,40.546435],[-73.955602,40.546629],[-73.956219,40.54683],[-73.956191,40.547083],[-73.956559,40.547343],[-73.957152,40.547546],[-73.957145,40.547645],[-73.95697,40.54767],[-73.957098,40.547978],[-73.956794,40.548225],[-73.957257,40.549028],[-73.957097,40.549676],[-73.95729,40.550571],[-73.957207,40.550758],[-73.957269,40.550853],[-73.957361,40.550808],[-73.957454,40.551026],[-73.958298,40.551219],[-73.958034,40.551497],[-73.958251,40.55159],[-73.95814,40.551744],[-73.958292,40.55196],[-73.957639,40.55233],[-73.957411,40.552608],[-73.957511,40.552855],[-73.957257,40.553071],[-73.957674,40.553194],[-73.957442,40.553349],[-73.957565,40.553565],[-73.957392,40.55373],[-73.95724,40.553688],[-73.95752,40.553966],[-73.957321,40.554182],[-73.957424,40.554336],[-73.957203,40.554614],[-73.957226,40.554799],[-73.957013,40.554954],[-73.957113,40.555108],[-73.956982,40.555941],[-73.957145,40.556217],[-73.95656,40.556065],[-73.956763,40.556312],[-73.956281,40.557666],[-73.955756,40.558303],[-73.955194,40.558534],[-73.955005,40.55909],[-73.954268,40.559985],[-73.953719,40.560229],[-73.953602,40.560448],[-73.953287,40.560686],[-73.953102,40.560685],[-73.953009,40.560834],[-73.951559,40.561345],[-73.94946,40.561539],[-73.948225,40.561419],[-73.94804,40.561504],[-73.947577,40.561412],[-73.946867,40.561471],[-73.946559,40.561357],[-73.94625,40.561442],[-73.946096,40.561344],[-73.945818,40.561476],[-73.945417,40.561269],[-73.945139,40.561274],[-73.945015,40.561405],[-73.944799,40.561266],[-73.944275,40.561293],[-73.944347,40.561127],[-73.94412,40.56102],[-73.943904,40.561105],[-73.943596,40.560992],[-73.942824,40.561042],[-73.942546,40.561302],[-73.942269,40.560834],[-73.942022,40.560935],[-73.941898,40.560861],[-73.942266,40.560478],[-73.942128,40.560324],[-73.942299,40.560236],[-73.942387,40.560015],[-73.944367,40.55805],[-73.944491,40.557787],[-73.94517,40.557155],[-73.946271,40.555818],[-73.947366,40.55375],[-73.947718,40.552577],[-73.947869,40.551219],[-73.947347,40.548472],[-73.946201,40.545139],[-73.944222,40.542608],[-73.944029,40.542114],[-73.943799,40.540787],[-73.943162,40.539923],[-73.944242,40.539583]],[[-73.92488,40.528843],[-73.925756,40.529042],[-73.927083,40.529088],[-73.929336,40.529547],[-73.929491,40.52968],[-73.930417,40.529879],[-73.931713,40.530613],[-73.931929,40.530562],[-73.932299,40.530733],[-73.933293,40.531744],[-73.933858,40.533657],[-73.934489,40.53517],[-73.93481,40.53554],[-73.935804,40.53625],[-73.936152,40.536651],[-73.936154,40.536836],[-73.935818,40.537],[-73.934552,40.537075],[-73.932207,40.536357],[-73.930602,40.536478],[-73.930231,40.536647],[-73.929923,40.536536],[-73.929583,40.536584],[-73.927269,40.535824],[-73.927138,40.535664],[-73.926141,40.535231],[-73.926063,40.535077],[-73.925466,40.534954],[-73.924247,40.534028],[-73.92384,40.533565],[-73.923789,40.533349],[-73.923599,40.533225],[-73.923376,40.532577],[-73.923061,40.532176],[-73.923174,40.531991],[-73.923115,40.531806],[-73.922794,40.531528],[-73.922956,40.531188],[-73.922874,40.531034],[-73.923011,40.53088],[-73.922866,40.530818],[-73.922868,40.530571],[-73.922382,40.530478],[-73.922763,40.530231],[-73.922599,40.530046],[-73.922701,40.529869],[-73.922871,40.52983],[-73.922676,40.529552],[-73.922731,40.529386],[-73.922821,40.529429],[-73.922756,40.529583],[-73.922917,40.529666],[-73.923212,40.52946],[-73.923164,40.529343],[-73.923028,40.529367],[-73.923071,40.529237],[-73.92341,40.529268],[-73.92338,40.529056],[-73.923596,40.529111],[-73.923657,40.528975],[-73.923866,40.528997],[-73.92359,40.529275],[-73.923688,40.52936],[-73.924059,40.528958],[-73.92483,40.528952],[-73.92488,40.528843]]]}},
{"type":"Feature","properties":{"depthFt":18},"geometry":{"type":"MultiLineString","coordinates":[[[-73.823687,40.605],[-73.823657,40.604968],[-73.823318,40.604913],[-73.823228,40.605]],[[-73.898762,40.604336],[-73.898966,40.604319],[-73.899049,40.604398],[-73.898781,40.604471],[-73.898686,40.604398],[-73.898762,40.604336]],[[-73.804614,40.60424],[-73.804614,40.6044],[-73.804772,40.604583],[-73.804782,40.604336],[-73.804614,40.60424]],[[-73.81672,40.605],[-73.817166,40.604336],[-73.817114,40.604243],[-73.815972,40.604988],[-73.815902,40.605]],[[-73.77298,40.603627],[-73.773207,40.603688],[-73.773084,40.603904],[-73.772886,40.603995],[-73.772823,40.603843],[-73.77298,40.603627]],[[-73.841806,40.602789],[-73.840108,40.603219],[-73.839447,40.603627],[-73.841312,40.603359],[-73.841898,40.603162],[-73.84224,40.602855],[-73.841806,40.602789]],[[-73.916266,40.605],[-73.915417,40.604148],[-73.914954,40.603802],[-73.914645,40.603711],[-73.914614,40.603472],[-73.914313,40.603225],[-73.911651,40.602637],[-73.910633,40.602557],[-73.91017,40.602623],[-73.909892,40.602523],[-73.909151,40.602683],[-73.908565,40.602514],[-73.907527,40.602577],[-73.906867,40.60287],[-73.904645,40.602975],[-73.904059,40.603097],[-73.903627,40.603363],[-73.903164,40.603486],[-73.902855,40.60395],[-73.902454,40.604076],[-73.900972,40.604241],[-73.899429,40.604127],[-73.898935,40.604288],[-73.898596,40.604169],[-73.898194,40.604245],[-73.89804,40.604171],[-73.897824,40.604434],[-73.896605,40.604552],[-73.896247,40.604738],[-73.897731,40.604746],[-73.898252,40.604923],[-73.898688,40.604928],[-73.898386,40.604799],[-73.898873,40.604763],[-73.899059,40.604905],[-73.90159,40.60458],[-73.90188,40.605]],[[-73.903441,40.605],[-73.903997,40.604835],[-73.90412,40.604719],[-73.905448,40.604581],[-73.905571,40.604652],[-73.905711,40.605]],[[-73.908025,40.605],[-73.908086,40.60446],[-73.908316,40.604059],[-73.908935,40.603594],[-73.91091,40.603274],[-73.913318,40.603521],[-73.914297,40.604059],[-73.915142,40.605]],[[-73.771435,40.602321],[-73.77127,40.602608],[-73.77146,40.60304],[-73.771713,40.6031],[-73.771801,40.603009],[-73.771817,40.602515],[-73.771435,40.602321]],[[-73.875614,40.600941],[-73.875725,40.600923],[-73.875777,40.600941],[-73.875534,40.601065],[-73.875614,40.600941]],[[-73.794564,40.605],[-73.795401,40.604583],[-73.795998,40.60412],[-73.796128,40.603873],[-73.796837,40.60338],[-73.797361,40.603224],[-73.798349,40.603211],[-73.799738,40.602783],[-73.79983,40.602496],[-73.800507,40.602083],[-73.800487,40.601744],[-73.800275,40.60159],[-73.800497,40.601404],[-73.804151,40.600833],[-73.804604,40.600972],[-73.804467,40.601651],[-73.804753,40.602145],[-73.805129,40.60375],[-73.80508,40.604676],[-73.804936,40.605]],[[-73.826188,40.600412],[-73.82606,40.60054],[-73.825985,40.600694],[-73.826285,40.600478],[-73.826188,40.600412]],[[-73.817867,40.599336],[-73.817997,40.599398],[-73.818009,40.599625],[-73.817932,40.599614],[-73.817867,40.599336]],[[-73.773618,40.605],[-73.773627,40.604983],[-73.773629,40.604676],[-73.773921,40.604306],[-73.774135,40.603565],[-73.773894,40.602824],[-73.774213,40.602567],[-73.774538,40.602485],[-73.774565,40.602299],[-73.774243,40.602083],[-73.774493,40.601806],[-73.774264,40.601466],[-73.774367,40.601031],[-73.77365,40.599892],[-73.773745,40.59909],[-73.773368,40.598719],[-73.772731,40.598588],[-73.772485,40.598751],[-73.772015,40.598812],[-73.771753,40.599151],[-73.771426,40.600972],[-73.771595,40.601343],[-73.771335,40.601682],[-73.77159,40.602094],[-73.772485,40.602485],[-73.772789,40.602824],[-73.772503,40.603349],[-73.771809,40.603997],[-73.77204,40.604275],[-73.772515,40.604371],[-73.772586,40.604522],[-73.772444,40.604614],[-73.772282,40.605]],[[-73.818349,40.598315],[-73.817762,40.598741],[-73.817551,40.599059],[-73.817613,40.599306],[-73.817499,40.599552],[-73.817731,40.599495],[-73.817843,40.599676],[-73.817805,40.60091],[-73.817112,40.602701],[-73.817099,40.603164],[-73.817269,40.603379],[-73.817639,40.60301],[-73.818257,40.601435],[-73.818327,40.60054],[-73.818494,40.600108],[-73.818383,40.599398],[-73.818573,40.598565],[-73.818534,40.598361],[-73.818349,40.598315]],[[-73.789687,40.597855],[-73.789799,40.597848],[-73.789984,40.597917],[-73.789738,40.597975],[-73.789687,40.597855]],[[-73.780077,40.5977],[-73.779954,40.597832],[-73.779799,40.597702],[-73.779332,40.597855],[-73.778956,40.598102],[-73.778997,40.598363],[-73.77875,40.598347],[-73.778133,40.598713],[-73.7763,40.601528],[-73.774799,40.602147],[-73.774734,40.602238],[-73.774862,40.602423],[-73.775324,40.602479],[-73.775633,40.602363],[-73.77696,40.601299],[-73.777917,40.600173],[-73.778287,40.600033],[-73.778719,40.600048],[-73.779614,40.600303],[-73.779614,40.600199],[-73.780231,40.59998],[-73.780398,40.599738],[-73.780972,40.599464],[-73.781118,40.599182],[-73.781651,40.598904],[-73.781672,40.598596],[-73.781435,40.598278],[-73.78091,40.597903],[-73.780077,40.5977]],[[-73.818997,40.597188],[-73.818966,40.597344],[-73.819165,40.59733],[-73.819182,40.597198],[-73.818997,40.597188]],[[-73.914491,40.596926],[-73.914491,40.597091],[-73.91473,40.597052],[-73.914645,40.596932],[-73.914491,40.596926]],[[-73.867855,40.596737],[-73.867627,40.596929],[-73.86744,40.597546],[-73.867255,40.597731],[-73.867155,40.59983],[-73.866977,40.600509],[-73.867114,40.601033],[-73.867826,40.599522],[-73.868194,40.597834],[-73.868102,40.596846],[-73.867855,40.596737]],[[-73.805231,40.5966],[-73.805231,40.596696],[-73.805293,40.596742],[-73.805308,40.596651],[-73.805231,40.5966]],[[-73.849213,40.596424],[-73.848966,40.59693],[-73.848456,40.599059],[-73.848461,40.599645],[-73.849151,40.599062],[-73.849411,40.598318],[-73.849478,40.596898],[-73.84936,40.596528],[-73.849213,40.596424]],[[-73.810867,40.596219],[-73.811039,40.59625],[-73.810818,40.596451],[-73.810638,40.596435],[-73.810664,40.596308],[-73.810867,40.596219]],[[-73.804954,40.595968],[-73.804896,40.596127],[-73.805108,40.596213],[-73.805146,40.596034],[-73.804954,40.595968]],[[-73.809606,40.595694],[-73.80983,40.595676],[-73.809965,40.595818],[-73.808498,40.596929],[-73.808388,40.597114],[-73.808512,40.597299],[-73.808164,40.597718],[-73.807762,40.598005],[-73.806682,40.598272],[-73.805689,40.59909],[-73.805169,40.599182],[-73.805262,40.598852],[-73.806431,40.597917],[-73.806625,40.597423],[-73.807948,40.596548],[-73.808534,40.595822],[-73.808904,40.595706],[-73.809182,40.595835],[-73.809606,40.595694]],[[-73.790448,40.595521],[-73.790414,40.595633],[-73.790448,40.595832],[-73.790506,40.595694],[-73.790448,40.595521]],[[-73.810212,40.595046],[-73.810266,40.595108],[-73.810231,40.595151],[-73.810189,40.595108],[-73.810212,40.595046]],[[-73.810108,40.594508],[-73.810076,40.594583],[-73.810139,40.594616],[-73.81017,40.594506],[-73.810108,40.594508]],[[-73.805559,40.605],[-73.805241,40.603719],[-73.805244,40.602269],[-73.805105,40.601806],[-73.805115,40.601312],[-73.805342,40.600818],[-73.806343,40.60003],[-73.807948,40.599191],[-73.808694,40.598935],[-73.810139,40.598061],[-73.810353,40.597824],[-73.810374,40.597639],[-73.81017,40.597494],[-73.809522,40.597513],[-73.809148,40.597299],[-73.808997,40.597025],[-73.808596,40.597203],[-73.808534,40.59707],[-73.80912,40.596825],[-73.809133,40.597052],[-73.809275,40.597058],[-73.810355,40.596543],[-73.810089,40.597083],[-73.810201,40.59733],[-73.811127,40.597494],[-73.811467,40.597145],[-73.811218,40.597083],[-73.811498,40.596867],[-73.811519,40.596651],[-73.811411,40.596559],[-73.811526,40.596312],[-73.811435,40.5962],[-73.811127,40.596228],[-73.811105,40.596127],[-73.811373,40.59588],[-73.811413,40.595694],[-73.811157,40.59568],[-73.810818,40.59602],[-73.81017,40.596225],[-73.810386,40.595929],[-73.811109,40.595571],[-73.810941,40.59543],[-73.810355,40.595578],[-73.810509,40.595106],[-73.810269,40.59483],[-73.810266,40.594676],[-73.810077,40.594744],[-73.809707,40.594462],[-73.809676,40.594209],[-73.809244,40.59428],[-73.808495,40.594707],[-73.80838,40.595025],[-73.808935,40.594613],[-73.809372,40.594614],[-73.809341,40.594861],[-73.808657,40.595337],[-73.80838,40.595412],[-73.808287,40.59517],[-73.807886,40.595341],[-73.80735,40.595756],[-73.807234,40.596127],[-73.806836,40.596523],[-73.806116,40.59659],[-73.805885,40.597083],[-73.805455,40.597546],[-73.805347,40.597886],[-73.805452,40.597978],[-73.805418,40.598133],[-73.804651,40.598688],[-73.804384,40.59946],[-73.804046,40.59983],[-73.803503,40.600185],[-73.800787,40.600927],[-73.799237,40.601651],[-73.798812,40.601723],[-73.797124,40.601435],[-73.797701,40.601231],[-73.799363,40.600941],[-73.79733,40.600889],[-73.797219,40.600787],[-73.79723,40.600509],[-73.797546,40.600376],[-73.797628,40.600231],[-73.79696,40.600001],[-73.796003,40.600162],[-73.795139,40.600173],[-73.79483,40.600307],[-73.794506,40.600756],[-73.794182,40.600963],[-73.793966,40.60095],[-73.793781,40.600742],[-73.79304,40.600788],[-73.792373,40.601034],[-73.791929,40.60162],[-73.79233,40.601734],[-73.792786,40.601682],[-73.792808,40.601898],[-73.792685,40.602114],[-73.792176,40.602147],[-73.79159,40.602504],[-73.791396,40.602361],[-73.791403,40.602238],[-73.791832,40.601744],[-73.791219,40.601873],[-73.789108,40.603256],[-73.788618,40.60341],[-73.787608,40.604336],[-73.78732,40.604398],[-73.786219,40.603914],[-73.785708,40.603102],[-73.785639,40.602762],[-73.786836,40.602132],[-73.787323,40.60125],[-73.788102,40.600419],[-73.788535,40.600262],[-73.789526,40.599583],[-73.789558,40.599429],[-73.789306,40.599461],[-73.789182,40.599336],[-73.789843,40.598997],[-73.790017,40.598565],[-73.79034,40.598194],[-73.790221,40.597978],[-73.79045,40.597917],[-73.79054,40.597742],[-73.790378,40.597577],[-73.790725,40.597207],[-73.790741,40.596991],[-73.790545,40.596806],[-73.790756,40.596716],[-73.790769,40.59659],[-73.790509,40.595932],[-73.790324,40.596108],[-73.790162,40.595972],[-73.790059,40.595293],[-73.789954,40.595171],[-73.789991,40.596219],[-73.789738,40.596275],[-73.789583,40.596033],[-73.789541,40.596127],[-73.789581,40.596651],[-73.789814,40.597238],[-73.789484,40.597485],[-73.789551,40.597917],[-73.789458,40.598349],[-73.788997,40.598711],[-73.788071,40.599118],[-73.787392,40.599613],[-73.787214,40.599954],[-73.786245,40.600571],[-73.785926,40.601034],[-73.785939,40.601373],[-73.785435,40.602022],[-73.78541,40.602577],[-73.784954,40.602949],[-73.78465,40.60338],[-73.784536,40.603719],[-73.784578,40.604244],[-73.784912,40.605]],[[-73.809275,40.593963],[-73.809123,40.594028],[-73.809098,40.59409],[-73.809448,40.593966],[-73.809275,40.593963]],[[-73.810201,40.593928],[-73.809955,40.594059],[-73.80994,40.59412],[-73.81017,40.594152],[-73.810387,40.593966],[-73.810201,40.593928]],[[-73.810293,40.593652],[-73.810096,40.593719],[-73.810006,40.593781],[-73.81039,40.593657],[-73.810293,40.593652]],[[-73.819769,40.593221],[-73.819548,40.593318],[-73.81946,40.593417],[-73.819754,40.593349],[-73.819769,40.593221]],[[-73.802855,40.592961],[-73.802917,40.593662],[-73.803472,40.593893],[-73.803657,40.593606],[-73.803671,40.593349],[-73.803349,40.593119],[-73.80304,40.593251],[-73.802855,40.592961]],[[-73.819645,40.592824],[-73.819429,40.592953],[-73.819371,40.593102],[-73.819734,40.593009],[-73.819788,40.592855],[-73.819645,40.592824]],[[-73.912361,40.592724],[-73.912361,40.592867],[-73.912602,40.592793],[-73.912515,40.592705],[-73.912361,40.592724]],[[-73.820077,40.591709],[-73.820077,40.591966],[-73.820293,40.592108],[-73.820472,40.591775],[-73.820077,40.591709]],[[-73.930756,40.591666],[-73.930529,40.592577],[-73.930209,40.593071],[-73.930417,40.593099],[-73.930707,40.59338],[-73.930571,40.59346],[-73.930231,40.593283],[-73.930116,40.593441],[-73.930262,40.593781],[-73.93091,40.5943],[-73.931775,40.594332],[-73.932352,40.594522],[-73.932299,40.594349],[-73.932019,40.594306],[-73.932171,40.594151],[-73.932119,40.593997],[-73.931806,40.593503],[-73.931682,40.593507],[-73.931742,40.593256],[-73.931238,40.592608],[-73.93125,40.592351],[-73.930896,40.592083],[-73.930756,40.591666]],[[-73.81952,40.590818],[-73.819892,40.590904],[-73.819911,40.590972],[-73.819738,40.591159],[-73.81946,40.591182],[-73.819398,40.591096],[-73.81952,40.590818]],[[-73.822369,40.590756],[-73.82251,40.590787],[-73.822176,40.590909],[-73.822176,40.590853],[-73.822369,40.590756]],[[-73.930941,40.590683],[-73.930781,40.591559],[-73.93091,40.591612],[-73.930873,40.591404],[-73.931034,40.591298],[-73.931085,40.591034],[-73.931071,40.590756],[-73.930941,40.590683]],[[-73.930941,40.590382],[-73.930886,40.590448],[-73.930941,40.590514],[-73.931022,40.590417],[-73.930941,40.590382]],[[-73.824431,40.590231],[-73.824632,40.590262],[-73.824151,40.590598],[-73.823688,40.590696],[-73.823502,40.590633],[-73.824431,40.590231]],[[-73.93091,40.590025],[-73.93088,40.590173],[-73.930972,40.590201],[-73.931034,40.590095],[-73.93091,40.590025]],[[-73.850756,40.590013],[-73.850174,40.590201],[-73.849799,40.590687],[-73.848374,40.593935],[-73.848071,40.594387],[-73.847917,40.595262],[-73.848102,40.596279],[-73.84838,40.596148],[-73.848904,40.59619],[-73.849128,40.595849],[-73.849414,40.594336],[-73.851114,40.590293],[-73.851096,40.590128],[-73.850756,40.590013]],[[-73.825749,40.589799],[-73.825845,40.589799],[-73.825896,40.58983],[-73.825612,40.589861],[-73.825749,40.589799]],[[-73.822148,40.588935],[-73.822207,40.588912],[-73.822247,40.588966],[-73.822176,40.589008],[-73.822148,40.588935]],[[-73.821916,40.588904],[-73.821991,40.588899],[-73.822029,40.588935],[-73.821898,40.588971],[-73.821916,40.588904]],[[-73.821079,40.588719],[-73.821341,40.588781],[-73.821421,40.589244],[-73.820818,40.58967],[-73.820637,40.589923],[-73.82088,40.590152],[-73.821062,40.590108],[-73.821091,40.589923],[-73.82125,40.589922],[-73.821384,40.590386],[-73.820972,40.590724],[-73.820725,40.59069],[-73.820201,40.590864],[-73.82037,40.59054],[-73.820122,40.590478],[-73.820499,40.590077],[-73.820293,40.590006],[-73.820447,40.589769],[-73.820404,40.589583],[-73.821079,40.588719]],[[-73.913441,40.588591],[-73.913296,40.58875],[-73.913484,40.589028],[-73.91369,40.58909],[-73.913738,40.588812],[-73.913441,40.588591]],[[-73.819738,40.588403],[-73.819522,40.588521],[-73.819552,40.58865],[-73.819807,40.588472],[-73.819738,40.588403]],[[-73.831065,40.587695],[-73.830925,40.587855],[-73.83088,40.588027],[-73.831362,40.587701],[-73.831065,40.587695]],[[-73.821863,40.587454],[-73.822022,40.587478],[-73.822003,40.587639],[-73.821485,40.587855],[-73.821863,40.587454]],[[-73.899275,40.587128],[-73.899398,40.587336],[-73.899499,40.58733],[-73.899434,40.587207],[-73.899275,40.587128]],[[-73.916065,40.58705],[-73.915972,40.587097],[-73.916003,40.587168],[-73.916164,40.587114],[-73.916065,40.58705]],[[-73.914336,40.586769],[-73.913966,40.587113],[-73.913688,40.586986],[-73.913863,40.587515],[-73.913194,40.587469],[-73.913181,40.587917],[-73.913534,40.588036],[-73.913966,40.587547],[-73.914367,40.587442],[-73.914308,40.587269],[-73.914429,40.587106],[-73.914964,40.587299],[-73.91482,40.586867],[-73.914336,40.586769]],[[-73.917515,40.586304],[-73.917,40.58659],[-73.916964,40.586713],[-73.917361,40.586588],[-73.917628,40.586312],[-73.917515,40.586304]],[[-73.848781,40.586186],[-73.848779,40.586281],[-73.848916,40.58625],[-73.848902,40.586188],[-73.848781,40.586186]],[[-73.833256,40.586186],[-73.83207,40.586682],[-73.830355,40.587563],[-73.830146,40.587762],[-73.831065,40.587557],[-73.832485,40.586851],[-73.833452,40.586188],[-73.833256,40.586186]],[[-73.911991,40.585891],[-73.912263,40.586343],[-73.912588,40.58659],[-73.912555,40.586991],[-73.912855,40.587114],[-73.912762,40.587299],[-73.913256,40.587367],[-73.913306,40.587238],[-73.913091,40.586867],[-73.913308,40.58662],[-73.913344,40.586404],[-73.912855,40.586363],[-73.912238,40.585896],[-73.911991,40.585891]],[[-73.918164,40.585906],[-73.917876,40.586034],[-73.917731,40.5862],[-73.918328,40.58591],[-73.918164,40.585906]],[[-73.920571,40.585013],[-73.919426,40.585355],[-73.918735,40.585756],[-73.91912,40.58572],[-73.919756,40.58588],[-73.920972,40.585489],[-73.92338,40.585607],[-73.924769,40.585425],[-73.925108,40.585504],[-73.925787,40.585944],[-73.926319,40.586559],[-73.927799,40.587855],[-73.928056,40.588256],[-73.928102,40.588583],[-73.928565,40.588623],[-73.928695,40.588873],[-73.928935,40.588974],[-73.929213,40.588929],[-73.929306,40.589122],[-73.930459,40.589367],[-73.930391,40.58875],[-73.929404,40.587855],[-73.929306,40.587364],[-73.928225,40.587137],[-73.927642,40.586806],[-73.927361,40.586779],[-73.927238,40.586522],[-73.926929,40.586478],[-73.926836,40.586288],[-73.926682,40.586309],[-73.926219,40.586018],[-73.926188,40.585772],[-73.925941,40.585756],[-73.925818,40.585561],[-73.925591,40.585509],[-73.92554,40.585288],[-73.925293,40.585347],[-73.924892,40.585105],[-73.924583,40.585153],[-73.924367,40.58505],[-73.923534,40.585138],[-73.922299,40.585014],[-73.920571,40.585013]],[[-73.910941,40.585004],[-73.910947,40.58517],[-73.911155,40.585262],[-73.911065,40.585067],[-73.910941,40.585004]],[[-73.910509,40.584446],[-73.910474,40.584552],[-73.910694,40.584788],[-73.910735,40.584614],[-73.910509,40.584446]],[[-73.845208,40.584429],[-73.845293,40.584428],[-73.845262,40.584526],[-73.845201,40.584509],[-73.845208,40.584429]],[[-73.76,40.584597],[-73.760151,40.584491],[-73.760184,40.584306],[-73.76,40.584286]],[[-73.901096,40.583256],[-73.900732,40.583349],[-73.90057,40.583596],[-73.90091,40.583972],[-73.901404,40.584289],[-73.901633,40.583997],[-73.901581,40.583781],[-73.90173,40.583596],[-73.901435,40.583312],[-73.901096,40.583256]],[[-73.906219,40.583121],[-73.905984,40.583719],[-73.905077,40.584548],[-73.904943,40.584892],[-73.904398,40.585259],[-73.903719,40.585461],[-73.903866,40.585725],[-73.903657,40.58593],[-73.903503,40.585942],[-73.903287,40.58565],[-73.902392,40.585636],[-73.901726,40.586096],[-73.901744,40.586229],[-73.901559,40.586173],[-73.901254,40.586281],[-73.900531,40.586991],[-73.901497,40.58695],[-73.904053,40.586127],[-73.906127,40.585039],[-73.90659,40.585135],[-73.907176,40.585018],[-73.907234,40.58412],[-73.907137,40.583688],[-73.90662,40.583172],[-73.906219,40.583121]],[[-73.934336,40.582236],[-73.934279,40.58233],[-73.934437,40.58233],[-73.934429,40.582251],[-73.934336,40.582236]],[[-73.906713,40.581919],[-73.90636,40.582176],[-73.906404,40.582495],[-73.907471,40.582145],[-73.907238,40.581935],[-73.906713,40.581919]],[[-73.936157,40.581711],[-73.936071,40.581867],[-73.936338,40.581867],[-73.936313,40.581713],[-73.936157,40.581711]],[[-73.937114,40.581613],[-73.937207,40.581753],[-73.937372,40.581682],[-73.937269,40.58162],[-73.937114,40.581613]],[[-73.939306,40.581496],[-73.938441,40.58154],[-73.938249,40.581806],[-73.938024,40.581898],[-73.938565,40.582038],[-73.939336,40.581935],[-73.939674,40.58159],[-73.939306,40.581496]],[[-73.936713,40.581421],[-73.936647,40.581528],[-73.936836,40.581665],[-73.936934,40.58162],[-73.93687,40.581466],[-73.936713,40.581421]],[[-73.941497,40.581247],[-73.941219,40.581429],[-73.941085,40.581775],[-73.942022,40.582312],[-73.943194,40.582304],[-73.943596,40.582566],[-73.944491,40.582874],[-73.946404,40.58287],[-73.946744,40.583146],[-73.947114,40.583118],[-73.947423,40.583252],[-73.94773,40.583102],[-73.947721,40.582608],[-73.947457,40.582052],[-73.946898,40.581959],[-73.94659,40.58204],[-73.946373,40.581864],[-73.945972,40.581888],[-73.944676,40.581498],[-73.943102,40.581433],[-73.942207,40.581239],[-73.941836,40.581355],[-73.941497,40.581247]],[[-73.931713,40.581121],[-73.931312,40.581272],[-73.931153,40.581497],[-73.931898,40.58249],[-73.932176,40.582597],[-73.93233,40.582459],[-73.932731,40.582382],[-73.933627,40.582338],[-73.93299,40.582022],[-73.932743,40.581775],[-73.932145,40.581539],[-73.931713,40.581121]],[[-73.869182,40.580744],[-73.869151,40.580886],[-73.869398,40.580962],[-73.869821,40.580849],[-73.869707,40.580755],[-73.869306,40.58087],[-73.869182,40.580744]],[[-73.863222,40.579244],[-73.863256,40.579222],[-73.863322,40.579336],[-73.863225,40.579334],[-73.863222,40.579244]],[[-73.911806,40.578565],[-73.91162,40.578742],[-73.910972,40.578736],[-73.910262,40.579365],[-73.9092,40.579892],[-73.909124,40.580108],[-73.909192,40.580324],[-73.909086,40.580509],[-73.909243,40.580633],[-73.908979,40.581003],[-73.908968,40.581559],[-73.909244,40.581622],[-73.909491,40.581533],[-73.909684,40.581034],[-73.910012,40.580664],[-73.910461,40.580324],[-73.910872,40.580201],[-73.91159,40.579755],[-73.911744,40.579505],[-73.912284,40.579213],[-73.912157,40.578781],[-73.911806,40.578565]],[[-73.902346,40.576188],[-73.902608,40.576207],[-73.902793,40.576607],[-73.902243,40.576373],[-73.902346,40.576188]],[[-73.900255,40.576188],[-73.900355,40.576173],[-73.900415,40.576219],[-73.900262,40.576256],[-73.900255,40.576188]],[[-73.899697,40.576003],[-73.899954,40.576016],[-73.900055,40.576188],[-73.899799,40.57626],[-73.899574,40.576188],[-73.899547,40.576096],[-73.899697,40.576003]],[[-73.901187,40.575941],[-73.901312,40.575943],[-73.901391,40.576003],[-73.901157,40.576058],[-73.901187,40.575941]],[[-73.930201,40.575878],[-73.930077,40.575994],[-73.929772,40.575972],[-73.929331,40.576528],[-73.92946,40.576671],[-73.92983,40.576731],[-73.930231,40.57734],[-73.930303,40.577176],[-73.930193,40.576497],[-73.930324,40.576391],[-73.930367,40.576065],[-73.930201,40.575878]],[[-73.898869,40.575324],[-73.899294,40.575448],[-73.89875,40.575664],[-73.898446,40.575602],[-73.898869,40.575324]],[[-73.899718,40.575077],[-73.900026,40.575108],[-73.900154,40.575201],[-73.899645,40.575375],[-73.899372,40.575355],[-73.899406,40.575231],[-73.899718,40.575077]],[[-73.928812,40.574822],[-73.928393,40.575077],[-73.928345,40.575293],[-73.928997,40.575079],[-73.929005,40.574892],[-73.928812,40.574822]],[[-73.901018,40.574614],[-73.901836,40.574724],[-73.902035,40.575355],[-73.901744,40.575438],[-73.90045,40.575015],[-73.90054,40.574781],[-73.901018,40.574614]],[[-73.928904,40.573777],[-73.928872,40.573843],[-73.928873,40.573916],[-73.928921,40.573812],[-73.928904,40.573777]],[[-73.89461,40.573627],[-73.894985,40.573605],[-73.89509,40.573688],[-73.894799,40.573893],[-73.894319,40.573873],[-73.894336,40.573738],[-73.89461,40.573627]],[[-73.904824,40.573596],[-73.905032,40.573657],[-73.905514,40.574306],[-73.904367,40.574318],[-73.903922,40.573966],[-73.904028,40.573827],[-73.904824,40.573596]],[[-73.92537,40.573565],[-73.925571,40.573559],[-73.92554,40.573714],[-73.925077,40.573879],[-73.925094,40.573688],[-73.92537,40.573565]],[[-73.940509,40.573004],[-73.940231,40.573154],[-73.940171,40.573349],[-73.94054,40.573418],[-73.941155,40.573102],[-73.940972,40.572999],[-73.940509,40.573004]],[[-73.921713,40.571738],[-73.919275,40.571832],[-73.918455,40.572299],[-73.917306,40.572577],[-73.916343,40.573039],[-73.91554,40.573082],[-73.915364,40.573318],[-73.915585,40.573657],[-73.915972,40.573894],[-73.920262,40.574204],[-73.920822,40.574367],[-73.920695,40.574583],[-73.920324,40.574718],[-73.917361,40.574859],[-73.916898,40.57517],[-73.916626,40.575602],[-73.916744,40.575804],[-73.921682,40.575555],[-73.923873,40.575613],[-73.92554,40.575472],[-73.92676,40.574954],[-73.927485,40.574073],[-73.927699,40.573503],[-73.927701,40.573004],[-73.927083,40.572948],[-73.926359,40.572423],[-73.926127,40.572371],[-73.925502,40.572577],[-73.925193,40.573194],[-73.924275,40.573604],[-73.923256,40.572639],[-73.922177,40.572269],[-73.921727,40.571929],[-73.921713,40.571738]],[[-73.929645,40.571455],[-73.929506,40.571806],[-73.929583,40.572075],[-73.929783,40.571744],[-73.92976,40.571528],[-73.929645,40.571455]],[[-73.91875,40.571404],[-73.918565,40.571466],[-73.918578,40.571559],[-73.919172,40.571713],[-73.91875,40.571404]],[[-73.929367,40.570786],[-73.92897,40.571034],[-73.928823,40.57162],[-73.928835,40.571867],[-73.929213,40.572192],[-73.929423,40.571806],[-73.929546,40.571188],[-73.929497,40.570818],[-73.929367,40.570786]],[[-73.932515,40.56983],[-73.931065,40.570138],[-73.930775,40.570602],[-73.930366,40.57091],[-73.930324,40.571549],[-73.929821,40.572145],[-73.929767,40.572824],[-73.92913,40.57375],[-73.928873,40.57469],[-73.929213,40.574662],[-73.930077,40.574223],[-73.93054,40.573721],[-73.931466,40.573192],[-73.931633,40.572886],[-73.931477,40.572515],[-73.931997,40.571744],[-73.932481,40.571497],[-73.933102,40.570767],[-73.933671,40.570571],[-73.933688,40.570373],[-73.933472,40.569927],[-73.932515,40.56983]],[[-73.950694,40.569395],[-73.949923,40.569674],[-73.947793,40.571258],[-73.947269,40.571474],[-73.946932,40.571836],[-73.948009,40.571756],[-73.950015,40.57108],[-73.951929,40.570727],[-73.95269,40.57125],[-73.952563,40.571651],[-73.952578,40.572052],[-73.952252,40.572299],[-73.951927,40.572701],[-73.95196,40.572787],[-73.952793,40.572793],[-73.954429,40.572578],[-73.955756,40.572676],[-73.956867,40.572407],[-73.958164,40.572408],[-73.958975,40.571929],[-73.958886,40.571682],[-73.958326,40.571219],[-73.957114,40.570706],[-73.956713,40.57063],[-73.955602,40.570784],[-73.953318,40.570459],[-73.952785,40.570046],[-73.952361,40.569913],[-73.952402,40.569799],[-73.952262,40.569707],[-73.951343,40.569399],[-73.950694,40.569395]],[[-73.936528,40.567452],[-73.93679,40.567917],[-73.936407,40.568287],[-73.935417,40.568314],[-73.935073,40.568441],[-73.935343,40.568781],[-73.935417,40.569166],[-73.936682,40.569093],[-73.93724,40.568627],[-73.937274,40.56838],[-73.937024,40.567978],[-73.936992,40.567577],[-73.936775,40.567444],[-73.936528,40.567452]],[[-73.930725,40.567228],[-73.930139,40.569306],[-73.93017,40.56966],[-73.930552,40.569398],[-73.93085,40.568812],[-73.931019,40.56767],[-73.930839,40.567269],[-73.930725,40.567228]],[[-73.930262,40.566522],[-73.930137,40.566713],[-73.930109,40.567083],[-73.929749,40.567701],[-73.929676,40.568322],[-73.929522,40.568548],[-73.929389,40.568318],[-73.929468,40.56804],[-73.929398,40.567841],[-73.928904,40.567707],[-73.928719,40.567772],[-73.928433,40.568164],[-73.927606,40.568812],[-73.926373,40.569005],[-73.924565,40.569491],[-73.923997,40.569826],[-73.924028,40.570155],[-73.924506,40.570478],[-73.924673,40.571559],[-73.926744,40.570777],[-73.926915,40.570941],[-73.926937,40.571343],[-73.926682,40.571936],[-73.926708,40.572114],[-73.92696,40.572247],[-73.927658,40.572114],[-73.9282,40.570725],[-73.928296,40.570139],[-73.928893,40.569676],[-73.929367,40.568958],[-73.929552,40.569155],[-73.929716,40.569707],[-73.929902,40.569552],[-73.930433,40.567052],[-73.930262,40.566522]],[[-73.930478,40.566199],[-73.930571,40.566526],[-73.930924,40.566466],[-73.93091,40.566309],[-73.930478,40.566199]],[[-73.908267,40.565818],[-73.90835,40.565818],[-73.908389,40.56588],[-73.908287,40.565898],[-73.908267,40.565818]],[[-73.959492,40.564275],[-73.95958,40.564306],[-73.959552,40.564399],[-73.959491,40.564337],[-73.959492,40.564275]],[[-73.953262,40.56409],[-73.953363,40.56409],[-73.953318,40.564203],[-73.953254,40.564182],[-73.953262,40.56409]],[[-73.955528,40.563873],[-73.955588,40.563904],[-73.95554,40.564016],[-73.955487,40.563935],[-73.955528,40.563873]],[[-73.952083,40.563873],[-73.952171,40.563904],[-73.952176,40.563966],[-73.952114,40.563954],[-73.952083,40.563873]],[[-73.949645,40.563826],[-73.949636,40.563904],[-73.949676,40.563949],[-73.949741,40.563873],[-73.949645,40.563826]],[[-73.946559,40.563426],[-73.94656,40.563534],[-73.946643,40.563565],[-73.94662,40.563438],[-73.946559,40.563426]],[[-73.96414,40.563164],[-73.964282,40.563225],[-73.964213,40.563384],[-73.96414,40.563318],[-73.96414,40.563164]],[[-73.938657,40.562941],[-73.938472,40.562979],[-73.938365,40.563133],[-73.93867,40.563133],[-73.938657,40.562941]],[[-73.948156,40.562886],[-73.948225,40.562938],[-73.948194,40.563016],[-73.948133,40.562954],[-73.948156,40.562886]],[[-73.946096,40.562855],[-73.946033,40.563164],[-73.946096,40.563273],[-73.946274,40.563102],[-73.946096,40.562855]],[[-73.937454,40.562689],[-73.937299,40.562798],[-73.937299,40.562869],[-73.937645,40.562793],[-73.937454,40.562689]],[[-73.938596,40.562573],[-73.93841,40.562627],[-73.938353,40.562701],[-73.938648,40.562639],[-73.938596,40.562573]],[[-73.93946,40.562451],[-73.939439,40.562546],[-73.939552,40.562581],[-73.939522,40.562433],[-73.93946,40.562451]],[[-73.948292,40.562423],[-73.94856,40.562515],[-73.948472,40.562682],[-73.948305,40.562546],[-73.948292,40.562423]],[[-73.950235,40.562176],[-73.950293,40.562168],[-73.950324,40.562251],[-73.950231,40.562243],[-73.950235,40.562176]],[[-73.938194,40.562169],[-73.937824,40.562449],[-73.937778,40.562577],[-73.938009,40.562593],[-73.938595,40.562207],[-73.938194,40.562169]],[[-73.939985,40.562141],[-73.939938,40.562238],[-73.940077,40.56232],[-73.940106,40.562176],[-73.939985,40.562141]],[[-73.939552,40.562046],[-73.939105,40.562114],[-73.939017,40.562423],[-73.93946,40.562323],[-73.939636,40.562114],[-73.939552,40.562046]],[[-73.96338,40.559977],[-73.963441,40.560146],[-73.963563,40.560139],[-73.963545,40.560015],[-73.96338,40.559977]],[[-73.964738,40.55912],[-73.964666,40.559213],[-73.965045,40.559151],[-73.964985,40.559098],[-73.964738,40.55912]],[[-73.964707,40.558776],[-73.964738,40.558844],[-73.964838,40.558812],[-73.964799,40.558755],[-73.964707,40.558776]],[[-73.963873,40.558774],[-73.963816,40.558904],[-73.963873,40.559011],[-73.963968,40.558873],[-73.963873,40.558774]],[[-73.964676,40.558286],[-73.964583,40.558474],[-73.964935,40.558441],[-73.964923,40.558338],[-73.964676,40.558286]],[[-73.963904,40.558065],[-73.963904,40.558146],[-73.963966,40.558191],[-73.963967,40.558102],[-73.963904,40.558065]],[[-73.959182,40.557702],[-73.959212,40.557793],[-73.95938,40.557824],[-73.959306,40.557762],[-73.959182,40.557702]],[[-73.965868,40.557639],[-73.96597,40.557639],[-73.965985,40.557731],[-73.96591,40.557734],[-73.965868,40.557639]],[[-73.965542,40.55733],[-73.965689,40.557361],[-73.965664,40.557509],[-73.96549,40.557454],[-73.965542,40.55733]],[[-73.965911,40.557269],[-73.965972,40.557246],[-73.966038,40.557299],[-73.965941,40.557346],[-73.965911,40.557269]],[[-73.966603,40.556466],[-73.966728,40.556466],[-73.966651,40.556587],[-73.966575,40.556559],[-73.966603,40.556466]],[[-73.964221,40.556034],[-73.964288,40.556034],[-73.964306,40.556113],[-73.964244,40.556123],[-73.964221,40.556034]],[[-73.963819,40.556003],[-73.963978,40.556034],[-73.963904,40.556243],[-73.963798,40.556157],[-73.963819,40.556003]],[[-73.964162,40.555509],[-73.964237,40.555571],[-73.964182,40.555626],[-73.964118,40.555571],[-73.964162,40.555509]],[[-73.959738,40.553126],[-73.959738,40.553229],[-73.959861,40.553249],[-73.959862,40.553133],[-73.959738,40.553126]],[[-73.959522,40.552379],[-73.959502,40.552485],[-73.959642,40.552454],[-73.959614,40.55237],[-73.959522,40.552379]],[[-73.959336,40.550036],[-73.959308,40.550201],[-73.959367,40.550244],[-73.959471,40.550077],[-73.959336,40.550036]],[[-73.959336,40.549736],[-73.959213,40.549761],[-73.959205,40.549799],[-73.959429,40.549738],[-73.959336,40.549736]],[[-73.951862,40.541651],[-73.951987,40.541682],[-73.952022,40.541845],[-73.951867,40.541736],[-73.951862,40.541651]],[[-73.952257,40.541281],[-73.95233,40.541289],[-73.95236,40.541404],[-73.952269,40.541388],[-73.952257,40.541281]],[[-73.95178,40.54125],[-73.951867,40.541224],[-73.951895,40.541312],[-73.951806,40.541343],[-73.95178,40.54125]],[[-73.951301,40.541188],[-73.951465,40.541188],[-73.951496,40.541281],[-73.951404,40.541323],[-73.951301,40.541188]],[[-73.95232,40.540818],[-73.952413,40.54088],[-73.952361,40.540945],[-73.952282,40.54088],[-73.95232,40.540818]],[[-73.951853,40.540509],[-73.952022,40.540556],[-73.952143,40.540725],[-73.951898,40.540717],[-73.951853,40.540509]],[[-73.895643,40.605],[-73.895692,40.604861],[-73.895478,40.604632],[-73.894923,40.604447],[-73.894707,40.604084],[-73.89446,40.603946],[-73.894028,40.603995],[-73.893225,40.6043],[-73.892855,40.604076],[-73.892392,40.604165],[-73.890344,40.605]],[[-73.882608,40.605],[-73.882423,40.604761],[-73.881373,40.602361],[-73.880857,40.601404],[-73.879857,40.599954],[-73.879897,40.599769],[-73.880227,40.599491],[-73.880234,40.59912],[-73.879448,40.595386],[-73.879742,40.595324],[-73.879708,40.594861],[-73.87946,40.594542],[-73.879465,40.594275],[-73.879287,40.594151],[-73.87935,40.593935],[-73.879055,40.593812],[-73.878804,40.592546],[-73.878639,40.592361],[-73.878651,40.592114],[-73.878947,40.591806],[-73.878545,40.591682],[-73.878132,40.59054],[-73.878013,40.589985],[-73.87801,40.588688],[-73.877762,40.58835],[-73.877378,40.588256],[-73.877485,40.588124],[-73.877824,40.58804],[-73.877639,40.587883],[-73.877454,40.58795],[-73.877357,40.587793],[-73.877436,40.587114],[-73.877598,40.586867],[-73.87733,40.586637],[-73.87732,40.586312],[-73.877149,40.586065],[-73.876572,40.585571],[-73.876163,40.585386],[-73.876466,40.585183],[-73.876466,40.584821],[-73.878142,40.582083],[-73.879522,40.580152],[-73.879959,40.579738],[-73.87989,40.579614],[-73.880063,40.579244],[-73.880344,40.579306],[-73.880293,40.579459],[-73.880522,40.579213],[-73.88054,40.578989],[-73.881373,40.578824],[-73.881651,40.578663],[-73.882882,40.578688],[-73.885139,40.578006],[-73.888099,40.577454],[-73.888704,40.577207],[-73.88838,40.577022],[-73.888318,40.576823],[-73.888675,40.576744],[-73.88875,40.576556],[-73.888923,40.576651],[-73.889707,40.576119],[-73.889923,40.576193],[-73.890417,40.575934],[-73.891559,40.575797],[-73.892176,40.57596],[-73.892515,40.575827],[-73.893873,40.575879],[-73.894799,40.575812],[-73.894985,40.575657],[-73.897269,40.575875],[-73.898638,40.576219],[-73.899367,40.576242],[-73.900571,40.576769],[-73.901188,40.576894],[-73.901528,40.57679],[-73.901836,40.576847],[-73.902051,40.577052],[-73.901744,40.577277],[-73.90163,40.577515],[-73.90233,40.577775],[-73.902151,40.577948],[-73.902102,40.57838],[-73.902855,40.579039],[-73.903544,40.579028],[-73.903224,40.57838],[-73.902532,40.577855],[-73.903009,40.577467],[-73.903256,40.57741],[-73.903758,40.577577],[-73.903834,40.577762],[-73.904028,40.577834],[-73.904429,40.57762],[-73.905077,40.577578],[-73.90554,40.57785],[-73.905941,40.577881],[-73.906106,40.578287],[-73.90663,40.578349],[-73.906778,40.578904],[-73.907392,40.579565],[-73.907762,40.579175],[-73.909892,40.578882],[-73.91033,40.578596],[-73.91025,40.578225],[-73.90983,40.57799],[-73.908472,40.577639],[-73.908153,40.577299],[-73.907948,40.576312],[-73.907747,40.575972],[-73.906911,40.575386],[-73.906312,40.575286],[-73.90588,40.575695],[-73.904799,40.575527],[-73.904182,40.575973],[-73.903472,40.575653],[-73.903372,40.575448],[-73.903657,40.575233],[-73.904213,40.575139],[-73.905633,40.575222],[-73.905754,40.575046],[-73.905743,40.574244],[-73.90625,40.573991],[-73.906895,40.573843],[-73.907043,40.573287],[-73.909151,40.572948],[-73.909617,40.572361],[-73.910571,40.571825],[-73.911466,40.571633],[-73.911678,40.571682],[-73.911695,40.571867],[-73.912022,40.572115],[-73.912824,40.571966],[-73.912978,40.572025],[-73.91304,40.571908],[-73.913565,40.572011],[-73.913747,40.571744],[-73.913534,40.571617],[-73.912539,40.571528],[-73.913627,40.571256],[-73.913904,40.571332],[-73.915849,40.57123],[-73.917269,40.570392],[-73.917584,40.570355],[-73.917608,40.569942],[-73.91838,40.569894],[-73.919275,40.569682],[-73.919352,40.569552],[-73.918938,40.569244],[-73.918988,40.56909],[-73.92054,40.568142],[-73.923472,40.566862],[-73.926312,40.565921],[-73.929429,40.565258],[-73.932361,40.56437],[-73.932917,40.564351],[-73.93409,40.563891],[-73.936836,40.562434],[-73.937022,40.562501],[-73.937546,40.562356],[-73.938102,40.562127],[-73.93838,40.561883],[-73.938627,40.562013],[-73.938966,40.561744],[-73.939306,40.561788],[-73.939636,40.561497],[-73.940046,40.561428],[-73.940945,40.560756],[-73.941127,40.560501],[-73.941343,40.560498],[-73.941605,40.560077],[-73.942613,40.559244],[-73.942824,40.559221],[-73.942886,40.559013],[-73.943049,40.559059],[-73.943133,40.558705],[-73.943318,40.558794],[-73.943812,40.558008],[-73.94423,40.557917],[-73.944856,40.557052],[-73.945203,40.556867],[-73.945722,40.556281],[-73.946891,40.554429],[-73.947426,40.553256],[-73.947673,40.552176],[-73.947608,40.551775],[-73.947763,40.55125],[-73.94774,40.55088],[-73.947365,40.54875],[-73.946138,40.545231],[-73.945702,40.544614],[-73.944194,40.542978],[-73.943954,40.542515],[-73.943643,40.541219],[-73.94304,40.540475],[-73.94272,40.540509],[-73.942788,40.54088],[-73.942948,40.540888],[-73.942987,40.541003],[-73.942782,40.541898],[-73.942446,40.542361],[-73.942371,40.542701],[-73.942458,40.542917],[-73.942691,40.54304],[-73.942683,40.543873],[-73.942919,40.544769],[-73.943688,40.546219],[-73.943889,40.546929],[-73.944037,40.548071],[-73.94404,40.549275],[-73.943699,40.550941],[-73.943565,40.551053],[-73.94341,40.550965],[-73.943197,40.551775],[-73.942716,40.552793],[-73.941435,40.554489],[-73.940201,40.555737],[-73.93838,40.557168],[-73.935849,40.558651],[-73.934707,40.559206],[-73.931713,40.560322],[-73.92997,40.561404],[-73.928472,40.561805],[-73.923596,40.562678],[-73.921898,40.562723],[-73.920015,40.563183],[-73.919522,40.563187],[-73.917515,40.564201],[-73.91625,40.564639],[-73.916003,40.564928],[-73.915015,40.565237],[-73.91483,40.56509],[-73.914383,40.56517],[-73.914073,40.565509],[-73.913318,40.56563],[-73.912701,40.565886],[-73.911003,40.565944],[-73.908664,40.56517],[-73.908009,40.565112],[-73.907546,40.565138],[-73.906991,40.565441],[-73.906188,40.565583],[-73.902361,40.56609],[-73.901836,40.566054],[-73.900972,40.566267],[-73.900694,40.56666],[-73.899707,40.566975],[-73.89912,40.567035],[-73.898627,40.56688],[-73.897762,40.567011],[-73.896497,40.567627],[-73.895478,40.568339],[-73.892052,40.569252],[-73.889923,40.569125],[-73.889738,40.569246],[-73.888596,40.569391],[-73.886312,40.568943],[-73.885633,40.569019],[-73.884769,40.568796],[-73.883843,40.568952],[-73.882515,40.568773],[-73.88236,40.568812],[-73.882299,40.569022],[-73.881157,40.568957],[-73.877145,40.56946],[-73.875907,40.570077],[-73.87517,40.570702],[-73.872895,40.571682],[-73.872356,40.572052],[-73.869861,40.573228],[-73.868596,40.573695],[-73.867762,40.573825],[-73.867022,40.574199],[-73.866435,40.574765],[-73.866313,40.574738],[-73.866343,40.574572],[-73.865703,40.574676],[-73.865381,40.574861],[-73.864442,40.575818],[-73.863764,40.57625],[-73.861392,40.577299],[-73.860417,40.577922],[-73.858849,40.578688],[-73.858291,40.57909],[-73.858173,40.579275],[-73.858215,40.579429],[-73.859799,40.57939],[-73.860077,40.579483],[-73.859972,40.579769],[-73.857948,40.581424],[-73.857052,40.581661],[-73.85625,40.58199],[-73.856188,40.582131],[-73.856034,40.582081],[-73.85517,40.582306],[-73.854306,40.582104],[-73.85338,40.582252],[-73.852762,40.582201],[-73.851188,40.582471],[-73.849769,40.582562],[-73.847423,40.582339],[-73.846137,40.582083],[-73.844213,40.582032],[-73.842392,40.582406],[-73.839583,40.582535],[-73.839427,40.582855],[-73.839244,40.582938],[-73.835046,40.583534],[-73.833627,40.583619],[-73.832022,40.584115],[-73.83162,40.584356],[-73.830941,40.584289],[-73.829671,40.584645],[-73.828688,40.585066],[-73.828358,40.58588],[-73.827978,40.586235],[-73.824336,40.587364],[-73.822917,40.587658],[-73.821713,40.587142],[-73.820999,40.587145],[-73.820385,40.587515],[-73.820526,40.58767],[-73.820154,40.587855],[-73.819981,40.588318],[-73.820363,40.588627],[-73.820324,40.589144],[-73.820035,40.588966],[-73.820124,40.588812],[-73.820039,40.588719],[-73.819614,40.588693],[-73.81946,40.588881],[-73.819028,40.588917],[-73.818194,40.589443],[-73.818108,40.590015],[-73.817762,40.590337],[-73.816867,40.590524],[-73.816435,40.590432],[-73.815849,40.590674],[-73.815181,40.591281],[-73.814401,40.591682],[-73.814269,40.592083],[-73.814302,40.592423],[-73.814155,40.592639],[-73.81314,40.593256],[-73.813001,40.593503],[-73.812824,40.593461],[-73.812485,40.593662],[-73.812275,40.593997],[-73.812573,40.594059],[-73.812639,40.594187],[-73.813225,40.593894],[-73.813657,40.593887],[-73.813904,40.593736],[-73.814429,40.593676],[-73.81487,40.593194],[-73.815108,40.593113],[-73.815417,40.592555],[-73.816062,40.591898],[-73.818194,40.590862],[-73.818555,40.591096],[-73.818465,40.591404],[-73.818774,40.591466],[-73.817485,40.592294],[-73.817177,40.59267],[-73.817731,40.592665],[-73.818935,40.592232],[-73.818966,40.592488],[-73.819467,40.592423],[-73.81911,40.592762],[-73.819429,40.592819],[-73.819694,40.592485],[-73.819426,40.592022],[-73.819522,40.591811],[-73.820787,40.591255],[-73.820972,40.591056],[-73.821065,40.591178],[-73.821373,40.591188],[-73.822052,40.590943],[-73.822072,40.591096],[-73.822577,40.591504],[-73.824213,40.590648],[-73.825714,40.590108],[-73.825942,40.589861],[-73.826528,40.589711],[-73.82663,40.589398],[-73.826929,40.589334],[-73.828035,40.588318],[-73.829714,40.58767],[-73.8301,40.587361],[-73.830177,40.587052],[-73.830626,40.586806],[-73.83162,40.586402],[-73.832417,40.58625],[-73.834151,40.585288],[-73.836219,40.58489],[-73.838133,40.584883],[-73.840262,40.585295],[-73.841744,40.585426],[-73.842546,40.585279],[-73.843075,40.585386],[-73.843873,40.584722],[-73.844398,40.584765],[-73.844583,40.584569],[-73.84483,40.584718],[-73.844954,40.584583],[-73.845046,40.584694],[-73.845231,40.584686],[-73.84554,40.58451],[-73.846157,40.584901],[-73.847299,40.585144],[-73.84909,40.584906],[-73.849735,40.584923],[-73.850355,40.585051],[-73.850827,40.585355],[-73.85099,40.585756],[-73.850888,40.58591],[-73.850991,40.586157],[-73.85096,40.58659],[-73.851137,40.586713],[-73.850896,40.586867],[-73.85159,40.587082],[-73.851867,40.586875],[-73.85446,40.585866],[-73.856157,40.585387],[-73.856603,40.585972],[-73.856424,40.586466],[-73.856836,40.586894],[-73.857238,40.587085],[-73.857593,40.58696],[-73.857716,40.587423],[-73.857917,40.58764],[-73.858534,40.587708],[-73.859707,40.586577],[-73.859923,40.586177],[-73.860756,40.585844],[-73.862608,40.584613],[-73.863719,40.58317],[-73.864429,40.582861],[-73.865324,40.582987],[-73.865664,40.582929],[-73.866744,40.582032],[-73.867616,40.581651],[-73.867972,40.580972],[-73.867762,40.58098],[-73.867625,40.58125],[-73.867488,40.58125],[-73.86805,40.580293],[-73.867762,40.579956],[-73.868071,40.579947],[-73.868688,40.579559],[-73.869336,40.579392],[-73.869608,40.579614],[-73.86963,40.579923],[-73.869491,40.580168],[-73.86983,40.580257],[-73.870293,40.580981],[-73.870564,40.58233],[-73.870856,40.582546],[-73.87188,40.588472],[-73.871713,40.588573],[-73.871157,40.588297],[-73.870977,40.588318],[-73.87079,40.588627],[-73.870816,40.588966],[-73.870201,40.589168],[-73.869991,40.589367],[-73.869985,40.589597],[-73.869791,40.589738],[-73.869367,40.58981],[-73.86912,40.590045],[-73.868125,40.590386],[-73.868016,40.591034],[-73.867731,40.591045],[-73.867546,40.591322],[-73.867133,40.591404],[-73.867104,40.591559],[-73.867361,40.591767],[-73.867498,40.592207],[-73.867766,40.592485],[-73.867394,40.592886],[-73.867404,40.593287],[-73.867575,40.593534],[-73.867637,40.593904],[-73.867628,40.594398],[-73.868256,40.595885],[-73.868534,40.596131],[-73.869552,40.596344],[-73.869636,40.596528],[-73.869557,40.596775],[-73.869755,40.597269],[-73.870077,40.597554],[-73.870509,40.598308],[-73.871732,40.599028],[-73.871806,40.59945],[-73.872002,40.599738],[-73.872328,40.601867],[-73.872917,40.602686],[-73.873287,40.602704],[-73.873256,40.602516],[-73.874275,40.602582],[-73.874583,40.602442],[-73.875293,40.602746],[-73.875423,40.603009],[-73.876093,40.603349],[-73.876034,40.60365],[-73.877824,40.604211],[-73.878873,40.604985],[-73.878887,40.605]],[[-73.76,40.58195],[-73.760324,40.582051],[-73.761713,40.582201],[-73.762639,40.582137],[-73.763318,40.582366],[-73.766188,40.582666],[-73.766373,40.582809],[-73.767041,40.582824],[-73.767392,40.582972],[-73.76804,40.583026],[-73.770355,40.583665],[-73.772269,40.58371],[-73.772358,40.583596],[-73.772343,40.583194],[-73.772454,40.583113],[-73.772515,40.583244],[-73.773012,40.583287],[-73.774261,40.583904],[-73.775293,40.584892],[-73.776404,40.585657],[-73.780015,40.587466],[-73.780682,40.58733],[-73.780262,40.587014],[-73.778966,40.586666],[-73.77804,40.586284],[-73.775932,40.584954],[-73.775252,40.584336],[-73.774369,40.583225],[-73.77446,40.582608],[-73.774676,40.5825],[-73.77489,40.58267],[-73.777485,40.583545],[-73.778904,40.584262],[-73.779522,40.584415],[-73.779812,40.584676],[-73.783596,40.586622],[-73.783489,40.586435],[-73.782626,40.585818],[-73.781021,40.58483],[-73.780356,40.58409],[-73.780633,40.584031],[-73.78292,40.584985],[-73.78588,40.585816],[-73.786497,40.585815],[-73.787886,40.586056],[-73.788952,40.585941],[-73.788318,40.585251],[-73.787858,40.585108],[-73.787448,40.584799],[-73.787454,40.584635],[-73.788194,40.584772],[-73.789554,40.585417],[-73.789886,40.585478],[-73.78843,40.58409],[-73.788225,40.583704],[-73.790395,40.584583],[-73.79196,40.585059],[-73.793133,40.584985],[-73.792648,40.584367],[-73.792793,40.584213],[-73.795448,40.584711],[-73.795071,40.58412],[-73.794503,40.583627],[-73.794552,40.583451],[-73.796497,40.584028],[-73.796127,40.583164],[-73.796219,40.583054],[-73.798688,40.583472],[-73.799275,40.583267],[-73.800108,40.583176],[-73.800633,40.582956],[-73.802207,40.583071],[-73.802276,40.583009],[-73.802102,40.58267],[-73.802145,40.582414],[-73.803873,40.582447],[-73.805558,40.581991],[-73.806188,40.581656],[-73.809861,40.580915],[-73.810849,40.580612],[-73.812052,40.580487],[-73.812207,40.580407],[-73.812299,40.580139],[-73.813904,40.579928],[-73.814306,40.579977],[-73.816157,40.579401],[-73.816898,40.579407],[-73.819004,40.578627],[-73.822392,40.57775],[-73.823194,40.577335],[-73.824244,40.57711],[-73.825912,40.576466],[-73.827762,40.576061],[-73.828318,40.575828],[-73.82909,40.575724],[-73.829182,40.575574],[-73.830913,40.575293],[-73.831127,40.575078],[-73.831685,40.57517],[-73.831651,40.574935],[-73.831806,40.574874],[-73.832361,40.575076],[-73.832485,40.574584],[-73.832793,40.574515],[-73.833346,40.574645],[-73.833343,40.574151],[-73.834398,40.573731],[-73.834923,40.573755],[-73.835448,40.573348],[-73.836898,40.57294],[-73.83733,40.572706],[-73.838195,40.572731],[-73.838188,40.572361],[-73.839151,40.572125],[-73.839398,40.571799],[-73.840972,40.571527],[-73.841435,40.571311],[-73.844923,40.570417],[-73.84626,40.570201],[-73.846651,40.569948],[-73.847978,40.56986],[-73.848256,40.569427],[-73.849213,40.569436],[-73.849213,40.569033],[-73.849336,40.569168],[-73.849541,40.569182],[-73.849735,40.569028],[-73.849676,40.568833],[-73.850201,40.568926],[-73.85017,40.568677],[-73.850417,40.568728],[-73.850571,40.568585],[-73.85125,40.568586],[-73.851373,40.568408],[-73.851744,40.568335],[-73.851851,40.568164],[-73.852207,40.568225],[-73.852639,40.567878],[-73.852893,40.567886],[-73.852917,40.567731],[-73.854137,40.567299],[-73.854491,40.5673],[-73.854429,40.566961],[-73.854769,40.566975],[-73.855509,40.566679],[-73.856034,40.566674],[-73.855972,40.566399],[-73.857238,40.566149],[-73.857269,40.56593],[-73.858071,40.56593],[-73.858102,40.565689],[-73.858596,40.56581],[-73.858596,40.565507],[-73.860553,40.564985],[-73.86125,40.564692],[-73.862949,40.564398],[-73.864359,40.56375],[-73.867793,40.562635],[-73.868071,40.562686],[-73.868194,40.56249],[-73.868534,40.562348],[-73.875355,40.560243],[-73.877423,40.559446],[-73.892515,40.554976],[-73.900633,40.552983],[-73.903759,40.551991],[-73.90733,40.550677],[-73.911034,40.549538],[-73.911991,40.549165],[-73.912067,40.548997],[-73.912269,40.548905],[-73.913194,40.548738],[-73.913285,40.548472],[-73.914028,40.548116],[-73.915077,40.547905],[-73.922207,40.545701],[-73.924244,40.545174],[-73.928662,40.54375],[-73.935108,40.542306],[-73.937392,40.541454],[-73.94017,40.540112],[-73.940592,40.540108],[-73.940787,40.539908],[-73.941096,40.539963],[-73.941713,40.53972],[-73.942299,40.539664],[-73.942446,40.539861],[-73.942525,40.540293],[-73.942731,40.540357],[-73.942823,40.540262],[-73.942701,40.539734],[-73.94341,40.539661],[-73.943812,40.539478],[-73.946281,40.539744],[-73.946497,40.539686],[-73.947022,40.539826],[-73.947145,40.539674],[-73.947515,40.540005],[-73.947762,40.539739],[-73.948006,40.540108],[-73.948194,40.540011],[-73.94869,40.540262],[-73.949523,40.541065],[-73.950161,40.541281],[-73.950085,40.541435],[-73.950478,40.541512],[-73.950509,40.541347],[-73.950602,40.541341],[-73.950541,40.541497],[-73.950801,40.541867],[-73.951347,40.54196],[-73.95196,40.542531],[-73.95212,40.542515],[-73.951991,40.542107],[-73.952299,40.542152],[-73.952435,40.542762],[-73.952852,40.543225],[-73.952824,40.543435],[-73.953159,40.543596],[-73.953222,40.543812],[-73.954199,40.544799],[-73.954923,40.544947],[-73.955293,40.544837],[-73.955812,40.544861],[-73.95608,40.545046],[-73.956037,40.545448],[-73.956127,40.545613],[-73.956497,40.545813],[-73.95733,40.545855],[-73.957577,40.546197],[-73.957948,40.546094],[-73.958538,40.54625],[-73.958554,40.546497],[-73.958961,40.546497],[-73.958966,40.546707],[-73.959276,40.546898],[-73.959293,40.547207],[-73.959589,40.547269],[-73.95922,40.547515],[-73.959517,40.54767],[-73.959113,40.547948],[-73.95933,40.54838],[-73.959492,40.548472],[-73.959067,40.548627],[-73.959367,40.54871],[-73.959423,40.548812],[-73.959295,40.549028],[-73.959551,40.549244],[-73.959491,40.549384],[-73.95932,40.549336],[-73.959571,40.549583],[-73.959442,40.549707],[-73.959657,40.549954],[-73.959539,40.550201],[-73.959584,40.550355],[-73.959421,40.550509],[-73.959738,40.550632],[-73.959681,40.550787],[-73.95983,40.550891],[-73.960539,40.550972],[-73.960583,40.551127],[-73.960417,40.551096],[-73.960386,40.551279],[-73.96074,40.551312],[-73.960572,40.551528],[-73.960986,40.551682],[-73.960941,40.551772],[-73.959923,40.552055],[-73.959988,40.552238],[-73.959721,40.552392],[-73.960135,40.552546],[-73.959941,40.552824],[-73.96024,40.552917],[-73.959948,40.553133],[-73.96001,40.55375],[-73.959899,40.553904],[-73.960171,40.554028],[-73.959917,40.554213],[-73.960123,40.55446],[-73.960003,40.554954],[-73.960303,40.555201],[-73.960235,40.555324],[-73.960342,40.555509],[-73.960324,40.555891],[-73.960478,40.555882],[-73.960705,40.556127],[-73.960664,40.556254],[-73.960368,40.556373],[-73.960339,40.556651],[-73.960429,40.556744],[-73.960325,40.556898],[-73.960777,40.557052],[-73.960756,40.557184],[-73.960478,40.557194],[-73.960324,40.557389],[-73.96017,40.557394],[-73.960081,40.557886],[-73.960324,40.557673],[-73.960414,40.557824],[-73.960108,40.558089],[-73.959481,40.557886],[-73.959614,40.558193],[-73.959998,40.558349],[-73.959799,40.558325],[-73.959558,40.558472],[-73.959626,40.558688],[-73.959483,40.558812],[-73.959664,40.55909],[-73.959552,40.559173],[-73.959522,40.559449],[-73.959336,40.559412],[-73.958704,40.559676],[-73.958472,40.560152],[-73.957762,40.560573],[-73.957269,40.5607],[-73.956991,40.560941],[-73.956065,40.56127],[-73.955818,40.561285],[-73.955868,40.561127],[-73.955664,40.561097],[-73.95483,40.561493],[-73.954491,40.561401],[-73.954275,40.561543],[-73.953812,40.56142],[-73.953318,40.561697],[-73.95304,40.561596],[-73.952762,40.561675],[-73.952639,40.561838],[-73.952454,40.561674],[-73.951559,40.561866],[-73.951188,40.561839],[-73.950941,40.561966],[-73.950231,40.561947],[-73.949892,40.562074],[-73.94909,40.562003],[-73.948812,40.562261],[-73.948596,40.562103],[-73.948194,40.56211],[-73.947948,40.562226],[-73.947793,40.562465],[-73.94767,40.562259],[-73.947361,40.56225],[-73.947031,40.562392],[-73.947278,40.562515],[-73.947269,40.562633],[-73.946519,40.562701],[-73.946422,40.562886],[-73.946516,40.563102],[-73.94662,40.563107],[-73.946593,40.562978],[-73.946682,40.562946],[-73.946836,40.563197],[-73.947299,40.563126],[-73.947355,40.563225],[-73.947269,40.563323],[-73.947423,40.563497],[-73.94761,40.563194],[-73.947789,40.563194],[-73.948071,40.563418],[-73.948225,40.563162],[-73.948318,40.563445],[-73.948534,40.563368],[-73.948719,40.563576],[-73.949074,40.563503],[-73.949213,40.56382],[-73.949614,40.56375],[-73.949738,40.563628],[-73.949923,40.563864],[-73.95017,40.563567],[-73.950213,40.563843],[-73.950355,40.563976],[-73.950725,40.563763],[-73.950828,40.563935],[-73.951096,40.564038],[-73.95125,40.563885],[-73.951713,40.563948],[-73.95196,40.564166],[-73.952762,40.564091],[-73.952855,40.564299],[-73.952978,40.564167],[-73.953102,40.564331],[-73.953441,40.564352],[-73.953565,40.564165],[-73.953688,40.564396],[-73.953873,40.564285],[-73.954028,40.564408],[-73.954151,40.564248],[-73.954583,40.564459],[-73.954645,40.564214],[-73.954892,40.564549],[-73.955036,40.564491],[-73.954892,40.564335],[-73.955386,40.564576],[-73.955725,40.564436],[-73.95591,40.564677],[-73.956096,40.564659],[-73.956312,40.564895],[-73.956991,40.564687],[-73.957978,40.564941],[-73.958318,40.56485],[-73.959182,40.564892],[-73.959429,40.564742],[-73.959769,40.564873],[-73.960094,40.564799],[-73.96017,40.564558],[-73.960324,40.564786],[-73.960571,40.564718],[-73.960941,40.564846],[-73.961151,40.564769],[-73.961065,40.564527],[-73.961343,40.564634],[-73.961404,40.564445],[-73.961528,40.564638],[-73.961544,40.56446],[-73.961724,40.564398],[-73.961744,40.564269],[-73.961867,40.564392],[-73.962299,40.564293],[-73.962886,40.563786],[-73.964244,40.563432],[-73.964459,40.562978],[-73.964357,40.562762],[-73.964491,40.562772],[-73.964585,40.562948],[-73.964834,40.562639],[-73.964663,40.562485],[-73.964296,40.562454],[-73.964412,40.562176],[-73.963997,40.562056],[-73.963503,40.561744],[-73.963318,40.561794],[-73.963215,40.561312],[-73.962917,40.561142],[-73.962997,40.560941],[-73.96274,40.560664],[-73.962793,40.559937],[-73.963177,40.560077],[-73.962686,40.559614],[-73.962917,40.55979],[-73.963131,40.559799],[-73.963133,40.559626],[-73.962884,40.559552],[-73.963349,40.559309],[-73.963519,40.559367],[-73.963719,40.559199],[-73.963626,40.558812],[-73.96397,40.558534],[-73.963935,40.558317],[-73.96375,40.558396],[-73.96351,40.558318],[-73.963503,40.557996],[-73.962694,40.557608],[-73.962801,40.556867],[-73.962956,40.55659],[-73.963071,40.55654],[-73.963534,40.55673],[-73.963935,40.557177],[-73.96428,40.557361],[-73.964306,40.557762],[-73.964508,40.557824],[-73.964497,40.558071],[-73.964676,40.558134],[-73.964851,40.558009],[-73.964679,40.557762],[-73.964787,40.557639],[-73.964769,40.557415],[-73.965224,40.557855],[-73.966003,40.557965],[-73.96662,40.557647],[-73.966898,40.557044],[-73.967269,40.556938],[-73.967978,40.557012],[-73.968045,40.556867],[-73.96781,40.556744],[-73.967917,40.556326],[-73.968094,40.556404],[-73.968133,40.556799],[-73.968406,40.55659],[-73.969006,40.555633],[-73.969059,40.554809],[-73.969228,40.554769],[-73.969828,40.553565],[-73.97,40.553422]],[[-73.942604,40.539398],[-73.942639,40.53937],[-73.94267,40.539531],[-73.942608,40.539479],[-73.942604,40.539398]],[[-73.918716,40.529985],[-73.918776,40.529985],[-73.918918,40.530015],[-73.91875,40.530053],[-73.918716,40.529985]],[[-73.919614,40.529767],[-73.919544,40.529799],[-73.919645,40.529937],[-73.91969,40.529861],[-73.919614,40.529767]],[[-73.91894,40.529645],[-73.919182,40.529673],[-73.919208,40.529707],[-73.918812,40.529707],[-73.91894,40.529645]],[[-73.920094,40.528441],[-73.92017,40.528425],[-73.920204,40.528441],[-73.920139,40.528501],[-73.920094,40.528441]],[[-73.923036,40.528256],[-73.923534,40.52835],[-73.924429,40.528263],[-73.926065,40.528509],[-73.927145,40.528806],[-73.927991,40.528781],[-73.929954,40.529283],[-73.930756,40.529653],[-73.93125,40.529724],[-73.931682,40.53001],[-73.931898,40.530009],[-73.932392,40.530271],[-73.933164,40.530817],[-73.93384,40.531528],[-73.934101,40.532299],[-73.93421,40.532361],[-73.934028,40.532566],[-73.934086,40.533133],[-73.934582,40.534552],[-73.935203,40.535448],[-73.936486,40.536651],[-73.936543,40.53696],[-73.936157,40.537207],[-73.934429,40.537329],[-73.932701,40.537051],[-73.930849,40.537167],[-73.929583,40.53704],[-73.926898,40.536199],[-73.92435,40.535015],[-73.923194,40.534306],[-73.923061,40.53409],[-73.922352,40.533904],[-73.922431,40.533719],[-73.921608,40.533225],[-73.921552,40.533071],[-73.921129,40.532917],[-73.921126,40.532731],[-73.920763,40.532454],[-73.920448,40.53234],[-73.920279,40.531898],[-73.919859,40.531806],[-73.919645,40.531525],[-73.919059,40.531475],[-73.919279,40.531281],[-73.919151,40.530557],[-73.919522,40.531219],[-73.919835,40.531096],[-73.919703,40.530664],[-73.920001,40.530571],[-73.919552,40.530452],[-73.919491,40.530252],[-73.919269,40.530139],[-73.919491,40.529985],[-73.919503,40.529861],[-73.919337,40.529676],[-73.919367,40.529454],[-73.91912,40.529486],[-73.919052,40.529398],[-73.919151,40.529246],[-73.919429,40.529301],[-73.919567,40.528904],[-73.919892,40.529011],[-73.919892,40.528854],[-73.920015,40.528771],[-73.92017,40.528913],[-73.92017,40.528777],[-73.920509,40.528832],[-73.92091,40.528558],[-73.921237,40.528688],[-73.921343,40.528407],[-73.923036,40.528256]],[[-73.97,40.528795],[-73.969923,40.528824],[-73.969926,40.528349],[-73.97,40.528222]]]}},
{"type":"Feature","properties":{"depthFt":20},"geometry":{"type":"MultiLineString","coordinates":[[[-73.82363,40.605],[-73.823615,40.604985],[-73.823349,40.604954],[-73.823298,40.605]],[[-73.81668,40.605],[-73.816991,40.604552],[-73.81696,40.60439],[-73.816097,40.605]],[[-73.804645,40.604295],[-73.804645,40.604376],[-73.804707,40.604438],[-73.804714,40.604336],[-73.804645,40.604295]],[[-73.899151,40.604242],[-73.899047,40.604275],[-73.899106,40.604429],[-73.898935,40.604501],[-73.898391,40.604398],[-73.89841,40.604261],[-73.89804,40.604267],[-73.897824,40.604532],[-73.897545,40.604583],[-73.898225,40.604831],[-73.898441,40.60471],[-73.89912,40.604781],[-73.900139,40.604674],[-73.900833,40.60446],[-73.899645,40.604432],[-73.899151,40.604242]],[[-73.77298,40.603596],[-73.773225,40.603579],[-73.773252,40.603657],[-73.773102,40.603925],[-73.772855,40.604053],[-73.772678,40.603781],[-73.77298,40.603596]],[[-73.841682,40.602882],[-73.840139,40.603256],[-73.839756,40.603534],[-73.841306,40.603287],[-73.841897,40.602978],[-73.841682,40.602882]],[[-73.916235,40.605],[-73.915378,40.604151],[-73.914954,40.603835],[-73.914526,40.603719],[-73.914534,40.603472],[-73.914275,40.603252],[-73.911343,40.602646],[-73.909892,40.602599],[-73.909151,40.602743],[-73.908657,40.602532],[-73.908164,40.602542],[-73.907515,40.602596],[-73.906867,40.602889],[-73.904676,40.602988],[-73.903997,40.603133],[-73.903144,40.603534],[-73.902991,40.60412],[-73.901911,40.604336],[-73.901773,40.604799],[-73.901919,40.605]],[[-73.903272,40.605],[-73.904552,40.604573],[-73.905478,40.604562],[-73.905821,40.605]],[[-73.907983,40.605],[-73.908085,40.604398],[-73.908328,40.604028],[-73.908904,40.60355],[-73.911065,40.603231],[-73.913349,40.603476],[-73.914358,40.604028],[-73.915214,40.605]],[[-73.771497,40.602328],[-73.771278,40.602577],[-73.771466,40.603018],[-73.771713,40.603083],[-73.77181,40.602546],[-73.771497,40.602328]],[[-73.793622,40.601991],[-73.793843,40.602022],[-73.793435,40.602299],[-73.793503,40.602112],[-73.793622,40.601991]],[[-73.875384,40.601929],[-73.87554,40.60192],[-73.875574,40.602052],[-73.875379,40.602083],[-73.875384,40.601929]],[[-73.791651,40.601827],[-73.791577,40.601867],[-73.791553,40.601898],[-73.791729,40.601836],[-73.791651,40.601827]],[[-73.87499,40.600818],[-73.875077,40.600802],[-73.875125,40.60088],[-73.875027,40.60088],[-73.87499,40.600818]],[[-73.875747,40.600787],[-73.87601,40.600849],[-73.875694,40.601101],[-73.87543,40.601065],[-73.875448,40.600912],[-73.875747,40.600787]],[[-73.818318,40.600043],[-73.817908,40.600448],[-73.818,40.601343],[-73.817515,40.60211],[-73.817324,40.60267],[-73.81733,40.603018],[-73.817546,40.60288],[-73.817855,40.602364],[-73.818194,40.601488],[-73.818295,40.600849],[-73.818222,40.600633],[-73.818431,40.600139],[-73.818318,40.600043]],[[-73.875198,40.599429],[-73.875478,40.599471],[-73.875509,40.599634],[-73.875077,40.599712],[-73.875198,40.599429]],[[-73.773597,40.605],[-73.773605,40.604985],[-73.773607,40.604676],[-73.773901,40.604306],[-73.774068,40.603565],[-73.773966,40.603161],[-73.773781,40.603326],[-73.773651,40.603287],[-73.773904,40.603133],[-73.773888,40.602762],[-73.774447,40.602299],[-73.774201,40.602083],[-73.774461,40.601806],[-73.774228,40.601466],[-73.774332,40.601034],[-73.773509,40.59983],[-73.773703,40.59946],[-73.773688,40.599077],[-73.773268,40.598719],[-73.772731,40.598622],[-73.772546,40.598835],[-73.771906,40.59909],[-73.771682,40.599473],[-73.771549,40.600231],[-73.771608,40.600571],[-73.771454,40.600972],[-73.771689,40.601312],[-73.771362,40.601682],[-73.77159,40.602029],[-73.772509,40.602485],[-73.772813,40.602824],[-73.772511,40.60338],[-73.771869,40.603997],[-73.772238,40.604312],[-73.772392,40.604312],[-73.772515,40.604155],[-73.772684,40.604244],[-73.772334,40.605]],[[-73.808194,40.598312],[-73.808009,40.598464],[-73.807608,40.598526],[-73.807587,40.598657],[-73.808194,40.598603],[-73.808316,40.598472],[-73.808194,40.598312]],[[-73.80838,40.598095],[-73.80833,40.598318],[-73.808441,40.598432],[-73.808598,40.59838],[-73.808608,40.598256],[-73.80838,40.598095]],[[-73.780124,40.597855],[-73.780201,40.597842],[-73.780204,40.597917],[-73.780139,40.597927],[-73.780124,40.597855]],[[-73.867855,40.59773],[-73.867482,40.598966],[-73.867454,40.599629],[-73.867677,40.599275],[-73.867978,40.597945],[-73.867972,40.597762],[-73.867855,40.59773]],[[-73.809429,40.597729],[-73.80875,40.598009],[-73.80909,40.598437],[-73.809896,40.598009],[-73.809799,40.597847],[-73.809429,40.597729]],[[-73.780231,40.597729],[-73.779954,40.597859],[-73.779769,40.597747],[-73.779367,40.597866],[-73.778976,40.598102],[-73.779028,40.598381],[-73.778781,40.598361],[-73.77875,40.598473],[-73.778168,40.598719],[-73.776332,40.601559],[-73.775254,40.602052],[-73.775262,40.602421],[-73.775571,40.602358],[-73.776188,40.601776],[-73.776929,40.601284],[-73.777877,40.60017],[-73.77838,40.600011],[-73.77909,40.600138],[-73.77983,40.600118],[-73.780231,40.599953],[-73.780386,40.599723],[-73.780948,40.59946],[-73.781095,40.599182],[-73.78162,40.598902],[-73.781652,40.598596],[-73.781461,40.598318],[-73.780941,40.597965],[-73.780231,40.597729]],[[-73.867917,40.597416],[-73.867887,40.597485],[-73.867917,40.597531],[-73.867963,40.597485],[-73.867917,40.597416]],[[-73.914522,40.59695],[-73.914522,40.597074],[-73.914688,40.597052],[-73.914639,40.59696],[-73.914522,40.59695]],[[-73.849182,40.596895],[-73.848723,40.598349],[-73.848583,40.599028],[-73.848657,40.599285],[-73.848904,40.599197],[-73.84917,40.598904],[-73.849357,40.598349],[-73.849383,40.597423],[-73.849182,40.596895]],[[-73.811127,40.596303],[-73.81091,40.596579],[-73.810602,40.596505],[-73.810364,40.596682],[-73.810305,40.596991],[-73.810386,40.597219],[-73.811034,40.597272],[-73.810938,40.597022],[-73.811096,40.596822],[-73.811382,40.596713],[-73.811251,40.59659],[-73.811274,40.596312],[-73.811127,40.596303]],[[-73.804985,40.596022],[-73.804974,40.596127],[-73.805077,40.596152],[-73.805096,40.596065],[-73.804985,40.596022]],[[-73.811188,40.595751],[-73.811097,40.595849],[-73.811219,40.595938],[-73.811318,40.595787],[-73.811188,40.595751]],[[-73.810015,40.595441],[-73.809919,40.595571],[-73.810012,40.595849],[-73.809244,40.596537],[-73.809892,40.596385],[-73.80983,40.596654],[-73.810299,40.596497],[-73.810476,40.596343],[-73.810101,40.59625],[-73.810262,40.595948],[-73.810478,40.595759],[-73.811002,40.595571],[-73.810849,40.595499],[-73.810293,40.595707],[-73.810231,40.595444],[-73.810015,40.595441]],[[-73.807917,40.595352],[-73.807379,40.595756],[-73.80725,40.596157],[-73.806863,40.596559],[-73.80659,40.596649],[-73.806281,40.596562],[-73.806139,40.596651],[-73.805987,40.597022],[-73.805491,40.597546],[-73.805416,40.597824],[-73.805482,40.598133],[-73.804706,40.598688],[-73.804674,40.599306],[-73.80409,40.599879],[-73.803225,40.600385],[-73.800787,40.601049],[-73.800377,40.601281],[-73.801373,40.601121],[-73.801806,40.601178],[-73.804213,40.600674],[-73.805201,40.600639],[-73.807114,40.599506],[-73.807393,40.598812],[-73.807533,40.598719],[-73.807367,40.598534],[-73.806497,40.598623],[-73.805664,40.59934],[-73.805293,40.599502],[-73.804985,40.599505],[-73.804859,40.599244],[-73.805291,40.598719],[-73.806373,40.59793],[-73.806407,40.597639],[-73.80659,40.597392],[-73.808258,40.596219],[-73.808512,40.595633],[-73.808282,40.595571],[-73.808194,40.595335],[-73.807917,40.595352]],[[-73.79451,40.605],[-73.795386,40.604568],[-73.796775,40.603374],[-73.797361,40.603204],[-73.798349,40.603189],[-73.799213,40.602952],[-73.799491,40.602757],[-73.79972,40.602762],[-73.799799,40.602464],[-73.800269,40.602114],[-73.800235,40.601867],[-73.799985,40.601688],[-73.799645,40.601637],[-73.798843,40.601764],[-73.798318,40.601613],[-73.796528,40.601602],[-73.796559,40.601494],[-73.797287,40.601096],[-73.797178,40.600509],[-73.797596,40.600231],[-73.796929,40.60002],[-73.796003,40.60018],[-73.795262,40.600172],[-73.79489,40.600324],[-73.794151,40.601076],[-73.79375,40.600818],[-73.793133,40.600812],[-73.79233,40.601108],[-73.792268,40.601281],[-73.792454,40.601444],[-73.792981,40.601651],[-73.792793,40.60223],[-73.792485,40.602321],[-73.792176,40.602243],[-73.791528,40.602655],[-73.791321,40.60233],[-73.791521,40.601929],[-73.79125,40.601889],[-73.78925,40.603194],[-73.788596,40.603505],[-73.787577,40.604384],[-73.787299,40.60442],[-73.786312,40.604015],[-73.786016,40.603719],[-73.785679,40.603102],[-73.785648,40.602701],[-73.786815,40.602114],[-73.787281,40.60125],[-73.788062,40.600386],[-73.788534,40.600239],[-73.789512,40.599552],[-73.789522,40.599472],[-73.789275,40.599479],[-73.789028,40.599243],[-73.789336,40.599299],[-73.789739,40.599028],[-73.789985,40.598497],[-73.790264,40.598194],[-73.790209,40.597948],[-73.790464,40.597762],[-73.79035,40.597577],[-73.790647,40.597238],[-73.790674,40.596991],[-73.790485,40.596806],[-73.790696,40.596682],[-73.790688,40.596373],[-73.790509,40.595994],[-73.790324,40.596128],[-73.790162,40.596003],[-73.789985,40.595273],[-73.790008,40.596219],[-73.789738,40.596291],[-73.789568,40.596188],[-73.789606,40.596651],[-73.789921,40.59733],[-73.789583,40.597411],[-73.789495,40.597577],[-73.789614,40.59785],[-73.789954,40.597856],[-73.790012,40.597948],[-73.789615,40.598009],[-73.789491,40.598383],[-73.78921,40.598627],[-73.788071,40.599155],[-73.78742,40.599614],[-73.787238,40.599968],[-73.786265,40.600602],[-73.785935,40.601065],[-73.785964,40.601373],[-73.785474,40.602022],[-73.785458,40.602577],[-73.784962,40.602978],[-73.784679,40.60338],[-73.78456,40.603719],[-73.784606,40.604244],[-73.784939,40.605]],[[-73.809645,40.594613],[-73.809123,40.595108],[-73.809481,40.595293],[-73.809213,40.595453],[-73.809182,40.595763],[-73.809799,40.595616],[-73.809954,40.595359],[-73.810208,40.595293],[-73.810043,40.59483],[-73.809799,40.594598],[-73.809645,40.594613]],[[-73.80946,40.594242],[-73.808719,40.594564],[-73.808503,40.59483],[-73.808966,40.594529],[-73.809614,40.594447],[-73.809676,40.594275],[-73.80946,40.594242]],[[-73.810139,40.593991],[-73.810023,40.594059],[-73.810015,40.594111],[-73.810261,40.593997],[-73.810139,40.593991]],[[-73.802917,40.593162],[-73.802935,40.593472],[-73.803097,40.593503],[-73.803003,40.593657],[-73.803441,40.593831],[-73.803641,40.593596],[-73.803648,40.593349],[-73.803287,40.593148],[-73.803133,40.593191],[-73.803071,40.593353],[-73.802917,40.593162]],[[-73.819645,40.592852],[-73.81946,40.592966],[-73.819419,40.593071],[-73.819707,40.593003],[-73.819758,40.592886],[-73.819645,40.592852]],[[-73.819522,40.592445],[-73.819209,40.59267],[-73.819182,40.592783],[-73.81956,40.592701],[-73.819639,40.592485],[-73.819522,40.592445]],[[-73.930756,40.591794],[-73.93055,40.592608],[-73.930329,40.593009],[-73.93074,40.59338],[-73.930602,40.593504],[-73.930201,40.593391],[-73.930293,40.59376],[-73.93091,40.594274],[-73.931651,40.59435],[-73.931744,40.59424],[-73.931867,40.594398],[-73.932238,40.59444],[-73.931995,40.594306],[-73.932114,40.594026],[-73.931806,40.59356],[-73.931682,40.593565],[-73.931716,40.593256],[-73.931218,40.592608],[-73.931219,40.592361],[-73.93085,40.592083],[-73.930756,40.591794]],[[-73.820139,40.591732],[-73.820201,40.591912],[-73.820407,40.591806],[-73.820355,40.59176],[-73.820139,40.591732]],[[-73.822546,40.590967],[-73.822455,40.591188],[-73.822577,40.591307],[-73.822668,40.591003],[-73.822546,40.590967]],[[-73.850417,40.59038],[-73.849713,40.591096],[-73.848873,40.592965],[-73.848301,40.594583],[-73.848445,40.59517],[-73.848565,40.595267],[-73.848873,40.595268],[-73.849059,40.594964],[-73.849559,40.593534],[-73.850248,40.592083],[-73.850622,40.590849],[-73.850571,40.590448],[-73.850417,40.59038]],[[-73.819165,40.590324],[-73.819275,40.590298],[-73.81935,40.590355],[-73.819182,40.590426],[-73.819165,40.590324]],[[-73.825417,40.590077],[-73.825448,40.590126],[-73.825556,40.590077],[-73.825509,40.590062],[-73.825417,40.590077]],[[-73.819652,40.58983],[-73.819738,40.58981],[-73.819738,40.589907],[-73.819645,40.589895],[-73.819652,40.58983]],[[-73.819707,40.588749],[-73.819429,40.588917],[-73.818997,40.588984],[-73.818671,40.589244],[-73.818719,40.589407],[-73.818503,40.589332],[-73.818225,40.58949],[-73.818217,40.589799],[-73.818424,40.590139],[-73.818071,40.590447],[-73.816929,40.59058],[-73.816497,40.590455],[-73.816219,40.590501],[-73.815821,40.590725],[-73.815231,40.591316],[-73.814501,40.591651],[-73.814375,40.592083],[-73.814443,40.592454],[-73.814109,40.592855],[-73.81418,40.59304],[-73.815077,40.592747],[-73.815972,40.591886],[-73.816528,40.591506],[-73.817762,40.590886],[-73.818256,40.590756],[-73.818503,40.590767],[-73.818657,40.591015],[-73.818559,40.591343],[-73.818965,40.591404],[-73.817824,40.592135],[-73.817495,40.592485],[-73.817793,40.592506],[-73.81912,40.592135],[-73.818973,40.592454],[-73.819491,40.592355],[-73.819505,40.592176],[-73.819347,40.592022],[-73.819429,40.591732],[-73.819794,40.591651],[-73.820262,40.591369],[-73.820448,40.5911],[-73.820756,40.591102],[-73.820806,40.59088],[-73.820602,40.590809],[-73.820386,40.591002],[-73.820015,40.59099],[-73.819799,40.591201],[-73.819385,40.591188],[-73.819406,40.590694],[-73.819923,40.590845],[-73.820094,40.590756],[-73.819781,40.590633],[-73.820307,40.590231],[-73.820212,40.590015],[-73.820382,40.589769],[-73.820242,40.589645],[-73.820434,40.589398],[-73.819969,40.589028],[-73.81995,40.58875],[-73.819707,40.588749]],[[-73.913472,40.588678],[-73.913423,40.588812],[-73.913657,40.588985],[-73.913707,40.588843],[-73.913472,40.588678]],[[-73.87767,40.587973],[-73.877608,40.588003],[-73.87758,40.58804],[-73.877742,40.58804],[-73.87767,40.587973]],[[-73.821096,40.587762],[-73.821219,40.587753],[-73.821254,40.587793],[-73.821157,40.587878],[-73.821096,40.587762]],[[-73.913225,40.587569],[-73.913245,40.587793],[-73.91338,40.587891],[-73.913753,40.587762],[-73.913719,40.587671],[-73.913225,40.587569]],[[-73.821065,40.587141],[-73.820548,40.587515],[-73.820818,40.587637],[-73.820849,40.587807],[-73.82054,40.587753],[-73.820153,40.587948],[-73.820059,40.588318],[-73.820425,40.588596],[-73.820559,40.588904],[-73.820509,40.589121],[-73.821034,40.588686],[-73.821435,40.588595],[-73.82169,40.588133],[-73.82127,40.587762],[-73.821281,40.587646],[-73.821909,40.587269],[-73.82162,40.587161],[-73.821343,40.587274],[-73.821065,40.587141]],[[-73.831775,40.586988],[-73.831364,40.587176],[-73.831063,40.587392],[-73.831869,40.586991],[-73.831775,40.586988]],[[-73.914429,40.586863],[-73.914336,40.587021],[-73.914712,40.587052],[-73.914676,40.586879],[-73.914429,40.586863]],[[-73.832701,40.586522],[-73.832483,40.58662],[-73.832374,40.586713],[-73.83266,40.58662],[-73.832701,40.586522]],[[-73.912855,40.586426],[-73.912713,40.58662],[-73.912824,40.586941],[-73.91311,40.586528],[-73.912855,40.586426]],[[-73.912269,40.586053],[-73.91233,40.586317],[-73.912639,40.586343],[-73.912536,40.586157],[-73.912269,40.586053]],[[-73.91804,40.586],[-73.917977,40.586034],[-73.917945,40.586065],[-73.91809,40.586003],[-73.91804,40.586]],[[-73.920633,40.585043],[-73.919429,40.585385],[-73.91903,40.585633],[-73.919923,40.585795],[-73.920571,40.585524],[-73.921127,40.585431],[-73.923843,40.58557],[-73.924861,40.585398],[-73.925818,40.585929],[-73.926343,40.58656],[-73.927515,40.587491],[-73.928108,40.588133],[-73.928165,40.588503],[-73.928596,40.588601],[-73.928904,40.588924],[-73.929213,40.588898],[-73.929367,40.589118],[-73.930139,40.589311],[-73.930454,40.589213],[-73.930344,40.588719],[-73.929398,40.587877],[-73.929275,40.587413],[-73.928194,40.587149],[-73.928009,40.586984],[-73.927361,40.586793],[-73.927207,40.586548],[-73.926929,40.586495],[-73.926806,40.586316],[-73.926219,40.586034],[-73.92616,40.585787],[-73.925941,40.585774],[-73.925797,40.585571],[-73.925563,40.585509],[-73.925509,40.585304],[-73.925293,40.585359],[-73.924861,40.585135],[-73.924583,40.585187],[-73.924398,40.5851],[-73.923565,40.585173],[-73.920633,40.585043]],[[-73.905972,40.584367],[-73.905725,40.584483],[-73.905713,40.584799],[-73.905571,40.585048],[-73.904963,40.585324],[-73.904861,40.585517],[-73.903935,40.58561],[-73.903846,40.585818],[-73.903534,40.585998],[-73.90338,40.585891],[-73.903102,40.585949],[-73.902824,40.585705],[-73.902454,40.585725],[-73.90159,40.586362],[-73.901408,40.58662],[-73.90159,40.586585],[-73.901898,40.586724],[-73.902281,40.586651],[-73.902855,40.586352],[-73.904561,40.585849],[-73.906352,40.58483],[-73.906404,40.584374],[-73.905972,40.584367]],[[-73.841963,40.583812],[-73.841976,40.583904],[-73.841766,40.583873],[-73.841867,40.583865],[-73.841963,40.583812]],[[-73.779367,40.583637],[-73.779497,40.583873],[-73.779645,40.583971],[-73.779429,40.583684],[-73.779367,40.583637]],[[-73.906744,40.581954],[-73.906458,40.582145],[-73.906435,40.582336],[-73.907266,40.582052],[-73.906744,40.581954]],[[-73.938503,40.581621],[-73.938503,40.581839],[-73.938379,40.581898],[-73.938651,40.581929],[-73.938757,40.581775],[-73.938503,40.581621]],[[-73.939398,40.581587],[-73.939254,40.581651],[-73.93928,40.581744],[-73.939477,40.581713],[-73.939398,40.581587]],[[-73.931806,40.581336],[-73.931774,40.581682],[-73.931898,40.582052],[-73.932361,40.582097],[-73.931806,40.581336]],[[-73.94159,40.581306],[-73.941287,40.581466],[-73.941271,40.58162],[-73.941559,40.582068],[-73.942022,40.582273],[-73.943225,40.582283],[-73.943627,40.582552],[-73.94446,40.582835],[-73.944799,40.582765],[-73.945293,40.582896],[-73.946034,40.582912],[-73.946404,40.582837],[-73.946775,40.58314],[-73.947114,40.583111],[-73.947423,40.583231],[-73.947684,40.583102],[-73.947691,40.582639],[-73.947447,40.582114],[-73.946929,40.582023],[-73.94659,40.582096],[-73.946343,40.581902],[-73.945972,40.581913],[-73.944737,40.581528],[-73.943873,40.581543],[-73.94159,40.581306]],[[-73.869645,40.580813],[-73.869547,40.58088],[-73.869762,40.580849],[-73.869738,40.580805],[-73.869645,40.580813]],[[-73.867165,40.579892],[-73.867269,40.57988],[-73.867343,40.579954],[-73.867238,40.579978],[-73.867165,40.579892]],[[-73.864486,40.579336],[-73.864601,40.579398],[-73.864583,40.579508],[-73.864504,40.57946],[-73.864486,40.579336]],[[-73.863164,40.578806],[-73.863194,40.578944],[-73.863349,40.579039],[-73.863356,40.578843],[-73.863164,40.578806]],[[-73.911836,40.578592],[-73.911651,40.578771],[-73.910972,40.578762],[-73.910293,40.579382],[-73.909244,40.579892],[-73.909176,40.58017],[-73.909383,40.580324],[-73.909396,40.58054],[-73.909027,40.580972],[-73.909008,40.581528],[-73.909275,40.581585],[-73.909489,40.581497],[-73.909638,40.580756],[-73.911416,40.579738],[-73.911842,40.579306],[-73.912212,40.579151],[-73.912141,40.578812],[-73.911836,40.578592]],[[-73.863244,40.578349],[-73.863503,40.578353],[-73.863655,40.578503],[-73.863392,40.57875],[-73.863627,40.579084],[-73.863627,40.578838],[-73.863812,40.578736],[-73.863948,40.578873],[-73.863863,40.578997],[-73.864151,40.578894],[-73.864376,40.579059],[-73.864158,40.579151],[-73.864545,40.579645],[-73.863772,40.580108],[-73.863721,40.580324],[-73.86341,40.580346],[-73.862978,40.580641],[-73.862609,40.580478],[-73.863068,40.580108],[-73.863185,40.579707],[-73.863024,40.579614],[-73.862917,40.579182],[-73.863071,40.579111],[-73.863068,40.578966],[-73.862745,40.578534],[-73.863244,40.578349]],[[-73.907762,40.578256],[-73.908027,40.578256],[-73.90803,40.578441],[-73.907512,40.578503],[-73.907522,40.57838],[-73.907762,40.578256]],[[-73.902299,40.577914],[-73.902194,40.578009],[-73.902149,40.57838],[-73.902762,40.578901],[-73.902917,40.578901],[-73.902948,40.578631],[-73.903318,40.57867],[-73.903195,40.57838],[-73.902948,40.578172],[-73.902299,40.577914]],[[-73.92983,40.576055],[-73.929773,40.576466],[-73.930139,40.577026],[-73.930053,40.576373],[-73.92983,40.576055]],[[-73.906312,40.575322],[-73.90591,40.575751],[-73.90483,40.575545],[-73.904182,40.57602],[-73.90375,40.575998],[-73.903225,40.575649],[-73.902577,40.575557],[-73.90249,40.575787],[-73.90267,40.576036],[-73.902714,40.576343],[-73.902966,40.57662],[-73.902793,40.576696],[-73.901883,40.576404],[-73.901497,40.576142],[-73.90088,40.576237],[-73.900818,40.576504],[-73.899931,40.576404],[-73.900262,40.576491],[-73.900549,40.576713],[-73.901535,40.576651],[-73.902382,40.57696],[-73.90233,40.577145],[-73.901777,40.577392],[-73.901748,40.577515],[-73.901867,40.577595],[-73.902515,40.57771],[-73.903009,40.577411],[-73.903318,40.577362],[-73.903887,40.577577],[-73.904028,40.577782],[-73.904244,40.577587],[-73.904583,40.577522],[-73.905201,40.577539],[-73.905602,40.577813],[-73.906034,40.57778],[-73.906219,40.578244],[-73.906867,40.578045],[-73.906926,40.578287],[-73.906801,40.578812],[-73.90733,40.579319],[-73.907639,40.579072],[-73.909799,40.578824],[-73.910279,40.578596],[-73.910249,40.578287],[-73.910077,40.57812],[-73.908472,40.577664],[-73.908118,40.577299],[-73.907855,40.576249],[-73.907556,40.576096],[-73.907532,40.57591],[-73.906874,40.575417],[-73.906312,40.575322]],[[-73.928873,40.574858],[-73.928485,40.575046],[-73.92841,40.575257],[-73.928966,40.575082],[-73.929002,40.574954],[-73.928873,40.574858]],[[-73.903346,40.574367],[-73.903537,40.574398],[-73.903578,40.57446],[-73.903378,40.574522],[-73.903346,40.574367]],[[-73.921577,40.573843],[-73.921682,40.573849],[-73.92174,40.573904],[-73.921528,40.57397],[-73.921577,40.573843]],[[-73.894689,40.573534],[-73.895201,40.573546],[-73.895246,40.573843],[-73.894583,40.573994],[-73.894164,40.573873],[-73.894244,40.573686],[-73.894689,40.573534]],[[-73.940571,40.573094],[-73.940355,40.573273],[-73.940664,40.573267],[-73.940878,40.573133],[-73.940571,40.573094]],[[-73.919923,40.572021],[-73.917361,40.572631],[-73.916312,40.573103],[-73.915525,40.573194],[-73.915467,40.573349],[-73.915571,40.573567],[-73.916003,40.57387],[-73.92054,40.574193],[-73.92094,40.574336],[-73.920754,40.574614],[-73.920355,40.574763],[-73.918873,40.5749],[-73.917392,40.574892],[-73.916983,40.57517],[-73.916898,40.575652],[-73.918997,40.575687],[-73.925509,40.575384],[-73.92625,40.575092],[-73.92659,40.574828],[-73.927423,40.574012],[-73.927662,40.573441],[-73.927639,40.573054],[-73.926991,40.57301],[-73.92645,40.572701],[-73.926281,40.572476],[-73.92591,40.572478],[-73.925642,40.572608],[-73.925365,40.572978],[-73.925329,40.573318],[-73.925719,40.573472],[-73.925726,40.573781],[-73.925374,40.574151],[-73.925046,40.574139],[-73.92483,40.573582],[-73.924275,40.573686],[-73.923596,40.573092],[-73.921685,40.572515],[-73.921466,40.572172],[-73.92091,40.571999],[-73.919923,40.572021]],[[-73.912114,40.571802],[-73.911958,40.571898],[-73.912083,40.572005],[-73.912555,40.571836],[-73.912114,40.571802]],[[-73.929275,40.570879],[-73.929048,40.571065],[-73.928893,40.57162],[-73.929213,40.572063],[-73.929372,40.571836],[-73.929512,40.571188],[-73.929398,40.57087],[-73.929275,40.570879]],[[-73.956682,40.570785],[-73.955818,40.571005],[-73.954645,40.570806],[-73.953812,40.570877],[-73.95338,40.57118],[-73.953178,40.571651],[-73.953429,40.572176],[-73.954213,40.572429],[-73.956188,40.572458],[-73.957485,40.572135],[-73.958256,40.57216],[-73.958596,40.57191],[-73.958479,40.571559],[-73.957917,40.571198],[-73.957269,40.570877],[-73.956682,40.570785]],[[-73.932577,40.569921],[-73.931157,40.570289],[-73.930528,40.57091],[-73.930372,40.571651],[-73.929906,40.572238],[-73.929818,40.572886],[-73.929145,40.573812],[-73.928925,40.57446],[-73.928966,40.574642],[-73.929244,40.574622],[-73.930107,40.574182],[-73.93054,40.573669],[-73.931466,40.573042],[-73.931542,40.572886],[-73.931312,40.572546],[-73.93191,40.571682],[-73.932392,40.571446],[-73.933102,40.57067],[-73.933653,40.57054],[-73.933565,40.570179],[-73.933408,40.570015],[-73.932577,40.569921]],[[-73.950725,40.569667],[-73.949994,40.569954],[-73.949306,40.570419],[-73.948547,40.571034],[-73.948565,40.571261],[-73.94912,40.571242],[-73.95162,40.570556],[-73.952057,40.570262],[-73.951898,40.570199],[-73.951929,40.570046],[-73.95159,40.569771],[-73.950725,40.569667]],[[-73.936806,40.56806],[-73.936281,40.568418],[-73.935205,40.568472],[-73.935417,40.568781],[-73.935448,40.569115],[-73.935818,40.569132],[-73.937073,40.568781],[-73.937243,40.568565],[-73.937238,40.568346],[-73.93696,40.568076],[-73.936806,40.56806]],[[-73.928997,40.567789],[-73.927701,40.568827],[-73.924501,40.569583],[-73.924053,40.56983],[-73.924027,40.570077],[-73.924464,40.570355],[-73.924982,40.570386],[-73.924752,40.570602],[-73.924736,40.570787],[-73.925077,40.571228],[-73.926898,40.570622],[-73.927117,40.571373],[-73.926748,40.572022],[-73.926898,40.572112],[-73.927515,40.572012],[-73.928048,40.570849],[-73.927961,40.570293],[-73.928812,40.569674],[-73.929391,40.56875],[-73.929355,40.567948],[-73.929244,40.567817],[-73.928997,40.567789]],[[-73.930756,40.567414],[-73.930173,40.569275],[-73.93017,40.569592],[-73.930474,40.569429],[-73.930775,40.568935],[-73.930963,40.567793],[-73.930756,40.567414]],[[-73.930262,40.56662],[-73.930196,40.567083],[-73.929835,40.567701],[-73.92974,40.568349],[-73.929546,40.568719],[-73.929671,40.569552],[-73.929769,40.569641],[-73.92988,40.569522],[-73.930401,40.567052],[-73.930262,40.56662]],[[-73.930509,40.566234],[-73.930571,40.566433],[-73.93088,40.566416],[-73.930849,40.566328],[-73.930509,40.566234]],[[-73.907238,40.565625],[-73.906373,40.565727],[-73.906062,40.565849],[-73.90696,40.565798],[-73.90733,40.565664],[-73.907238,40.565625]],[[-73.952485,40.562818],[-73.952428,40.562886],[-73.952515,40.56292],[-73.952532,40.562886],[-73.952485,40.562818]],[[-73.954059,40.562637],[-73.954151,40.562865],[-73.954275,40.562888],[-73.954255,40.562731],[-73.954059,40.562637]],[[-73.955972,40.562576],[-73.955902,40.562608],[-73.956098,40.56267],[-73.956102,40.562608],[-73.955972,40.562576]],[[-73.952238,40.562284],[-73.952056,40.562423],[-73.952207,40.562457],[-73.952485,40.562783],[-73.952507,40.562639],[-73.952238,40.562284]],[[-73.952423,40.562236],[-73.952426,40.562299],[-73.952608,40.562419],[-73.952577,40.562262],[-73.952423,40.562236]],[[-73.953627,40.562199],[-73.953503,40.562507],[-73.953256,40.562389],[-73.953133,40.562498],[-73.952855,40.562397],[-73.952658,40.562515],[-73.952978,40.5629],[-73.953194,40.56273],[-73.953349,40.562842],[-73.953472,40.562634],[-73.953503,40.562819],[-73.953812,40.562896],[-73.953887,40.562731],[-73.953692,40.562515],[-73.953904,40.562578],[-73.954076,40.56233],[-73.953812,40.562396],[-73.953627,40.562199]],[[-73.965781,40.552052],[-73.9659,40.552083],[-73.96588,40.552266],[-73.965785,40.552145],[-73.965781,40.552052]],[[-73.965966,40.551929],[-73.96607,40.551929],[-73.966094,40.551991],[-73.966003,40.552004],[-73.965966,40.551929]],[[-73.962885,40.549738],[-73.96307,40.549799],[-73.962978,40.549941],[-73.962639,40.54996],[-73.962524,40.549861],[-73.962885,40.549738]],[[-73.956682,40.543436],[-73.956501,40.543534],[-73.956874,40.543534],[-73.956806,40.543443],[-73.956682,40.543436]],[[-73.956008,40.543009],[-73.956065,40.543071],[-73.956003,40.543122],[-73.955948,40.543071],[-73.956008,40.543009]],[[-73.956973,40.542978],[-73.957022,40.542966],[-73.957022,40.543115],[-73.956932,40.54304],[-73.956973,40.542978]],[[-73.954948,40.542793],[-73.955014,40.542855],[-73.954954,40.54299],[-73.95488,40.542886],[-73.954948,40.542793]],[[-73.895042,40.605],[-73.895124,40.604954],[-73.895147,40.604799],[-73.894771,40.604398],[-73.894661,40.60412],[-73.89446,40.604002],[-73.893966,40.604061],[-73.893225,40.60435],[-73.892731,40.604117],[-73.890497,40.605]],[[-73.882555,40.605],[-73.882439,40.604861],[-73.880854,40.601466],[-73.879757,40.599923],[-73.879782,40.599769],[-73.880096,40.599522],[-73.880166,40.59909],[-73.879444,40.595664],[-73.879265,40.595293],[-73.879275,40.595092],[-73.879497,40.595108],[-73.879419,40.594985],[-73.879501,40.594769],[-73.879267,40.594552],[-73.879372,40.594306],[-73.87912,40.594384],[-73.879032,40.594275],[-73.878773,40.592855],[-73.878562,40.592392],[-73.878568,40.592052],[-73.878869,40.591806],[-73.878596,40.591822],[-73.878503,40.591722],[-73.877958,40.59017],[-73.877886,40.588925],[-73.87764,40.58841],[-73.877357,40.588256],[-73.877484,40.588071],[-73.87732,40.587824],[-73.877272,40.587423],[-73.877361,40.587035],[-73.877534,40.586836],[-73.877326,40.586651],[-73.877301,40.586312],[-73.877145,40.586083],[-73.876522,40.585571],[-73.876137,40.585417],[-73.876449,40.58517],[-73.876442,40.58483],[-73.877238,40.583165],[-73.879749,40.57983],[-73.879583,40.579563],[-73.879799,40.579567],[-73.880057,40.579213],[-73.880395,40.579182],[-73.88054,40.578916],[-73.882075,40.578596],[-73.881973,40.57838],[-73.882114,40.578251],[-73.882454,40.578248],[-73.882386,40.578534],[-73.882824,40.578666],[-73.885602,40.577848],[-73.887649,40.577546],[-73.888009,40.577398],[-73.88811,40.577207],[-73.887923,40.577083],[-73.88786,40.576744],[-73.887577,40.576843],[-73.887392,40.576784],[-73.887265,40.576435],[-73.888194,40.576477],[-73.891343,40.575659],[-73.893873,40.57585],[-73.894799,40.575783],[-73.894923,40.575596],[-73.897485,40.575842],[-73.898966,40.576203],[-73.899285,40.576127],[-73.89946,40.575898],[-73.899892,40.575739],[-73.900509,40.576062],[-73.900725,40.576071],[-73.900792,40.575787],[-73.901455,40.575509],[-73.900448,40.575171],[-73.900262,40.575339],[-73.899882,40.575417],[-73.899799,40.575635],[-73.899151,40.575623],[-73.898596,40.575773],[-73.898263,40.575664],[-73.898361,40.575386],[-73.899645,40.574992],[-73.900231,40.574994],[-73.900539,40.574707],[-73.901157,40.574518],[-73.90196,40.57463],[-73.902238,40.575134],[-73.902929,40.575201],[-73.903164,40.575407],[-73.903843,40.575117],[-73.904892,40.575047],[-73.905531,40.575139],[-73.905676,40.574769],[-73.905571,40.574421],[-73.904954,40.574321],[-73.904275,40.574392],[-73.903596,40.573873],[-73.904954,40.57346],[-73.905119,40.573534],[-73.905172,40.573812],[-73.905478,40.574078],[-73.905941,40.574022],[-73.906806,40.573799],[-73.906858,40.573318],[-73.906991,40.573196],[-73.90767,40.573167],[-73.908133,40.573],[-73.90907,40.572886],[-73.909398,40.572379],[-73.910293,40.571817],[-73.911188,40.571499],[-73.913657,40.5711],[-73.915478,40.571136],[-73.916175,40.570818],[-73.916343,40.570333],[-73.916806,40.570314],[-73.91696,40.570049],[-73.917299,40.569795],[-73.918688,40.569504],[-73.918587,40.569213],[-73.91868,40.56909],[-73.920571,40.568048],[-73.922176,40.567312],[-73.926312,40.565853],[-73.92838,40.565337],[-73.929429,40.565198],[-73.932361,40.564305],[-73.932917,40.564309],[-73.934244,40.563758],[-73.937361,40.562028],[-73.938009,40.561737],[-73.938456,40.561682],[-73.940015,40.56086],[-73.941253,40.560046],[-73.941528,40.559707],[-73.942485,40.559029],[-73.942701,40.558705],[-73.943452,40.558164],[-73.944702,40.556929],[-73.945417,40.556127],[-73.945488,40.555818],[-73.946003,40.555431],[-73.946605,40.554645],[-73.946811,40.553904],[-73.947245,40.553318],[-73.947381,40.552701],[-73.947352,40.552299],[-73.947551,40.551528],[-73.94745,40.550849],[-73.947515,40.550513],[-73.947291,40.548719],[-73.946921,40.547515],[-73.946065,40.545334],[-73.945575,40.544645],[-73.944213,40.543383],[-73.943829,40.542701],[-73.943596,40.541637],[-73.943318,40.541174],[-73.943194,40.54117],[-73.943102,40.541335],[-73.942917,40.542165],[-73.942612,40.542454],[-73.942871,40.543534],[-73.94273,40.543843],[-73.943606,40.545448],[-73.944029,40.54659],[-73.944212,40.548657],[-73.943953,40.550787],[-73.943534,40.551582],[-73.94341,40.551521],[-73.943311,40.55162],[-73.943316,40.55196],[-73.942843,40.552855],[-73.940543,40.55554],[-73.939738,40.556284],[-73.938444,40.557207],[-73.934769,40.559239],[-73.931744,40.560345],[-73.930108,40.561395],[-73.928825,40.561775],[-73.923596,40.562709],[-73.921929,40.562758],[-73.920231,40.563217],[-73.919522,40.56327],[-73.917515,40.564252],[-73.916435,40.564633],[-73.916003,40.564973],[-73.914985,40.565333],[-73.914614,40.565259],[-73.91412,40.565627],[-73.912793,40.565934],[-73.911003,40.565996],[-73.908329,40.56517],[-73.907639,40.565158],[-73.907415,40.565262],[-73.907423,40.565646],[-73.907948,40.565726],[-73.908441,40.565639],[-73.908795,40.56588],[-73.908763,40.565972],[-73.908164,40.566262],[-73.907701,40.566196],[-73.906003,40.566461],[-73.905694,40.56642],[-73.905571,40.566279],[-73.905262,40.566277],[-73.905226,40.566127],[-73.905359,40.565941],[-73.904892,40.565838],[-73.901559,40.566279],[-73.901157,40.566394],[-73.900725,40.566736],[-73.899738,40.567061],[-73.89912,40.567103],[-73.898627,40.566919],[-73.897886,40.567008],[-73.896497,40.567659],[-73.896095,40.568102],[-73.895571,40.568418],[-73.894429,40.568615],[-73.892022,40.569339],[-73.889923,40.569172],[-73.889398,40.569371],[-73.888472,40.569456],[-73.886343,40.568963],[-73.885633,40.569035],[-73.884769,40.568813],[-73.883843,40.568966],[-73.882515,40.568799],[-73.882365,40.568843],[-73.88233,40.56903],[-73.881188,40.568979],[-73.87717,40.569491],[-73.875959,40.570077],[-73.87583,40.570417],[-73.875231,40.570784],[-73.87307,40.571651],[-73.872361,40.572095],[-73.869861,40.573271],[-73.868503,40.573804],[-73.867824,40.573853],[-73.867045,40.574244],[-73.866497,40.574789],[-73.866312,40.574794],[-73.866219,40.574601],[-73.865669,40.574707],[-73.864181,40.576034],[-73.861394,40.57733],[-73.860355,40.57799],[-73.858874,40.578719],[-73.858508,40.578997],[-73.858479,40.579151],[-73.858781,40.579202],[-73.860355,40.57902],[-73.860642,40.579213],[-73.859939,40.579985],[-73.857948,40.581516],[-73.856373,40.582024],[-73.856281,40.582252],[-73.856034,40.582168],[-73.854583,40.582548],[-73.854236,40.582361],[-73.853904,40.582338],[-73.853102,40.582495],[-73.852361,40.582401],[-73.849398,40.582671],[-73.847145,40.582514],[-73.846003,40.582135],[-73.844244,40.582058],[-73.844073,40.582145],[-73.844799,40.582407],[-73.846281,40.582501],[-73.846775,40.582855],[-73.846691,40.58304],[-73.846188,40.583339],[-73.844491,40.583277],[-73.843781,40.583169],[-73.843568,40.58304],[-73.843554,40.582824],[-73.843349,40.582738],[-73.840324,40.582568],[-73.839614,40.582656],[-73.83946,40.582904],[-73.839213,40.582988],[-73.835849,40.583395],[-73.834733,40.583627],[-73.833812,40.58361],[-73.83159,40.58438],[-73.830941,40.584302],[-73.83054,40.584536],[-73.829635,40.584676],[-73.829559,40.58483],[-73.828966,40.584954],[-73.828627,40.585223],[-73.828272,40.586034],[-73.827886,40.586288],[-73.823472,40.587624],[-73.822886,40.58767],[-73.822238,40.587485],[-73.822229,40.587701],[-73.821704,40.588102],[-73.821914,40.58841],[-73.821882,40.588719],[-73.822347,40.588935],[-73.822176,40.589346],[-73.821799,40.589676],[-73.82167,40.590231],[-73.821238,40.590694],[-73.821404,40.591039],[-73.823503,40.590085],[-73.825818,40.589435],[-73.825787,40.589579],[-73.826065,40.589529],[-73.826828,40.589213],[-73.82747,40.588812],[-73.827708,40.58841],[-73.827941,40.588256],[-73.829583,40.587596],[-73.830021,40.587022],[-73.833812,40.585284],[-73.83662,40.584743],[-73.838194,40.584806],[-73.840787,40.585118],[-73.841322,40.584985],[-73.841497,40.584759],[-73.841806,40.584766],[-73.842186,40.584367],[-73.842978,40.584134],[-73.843133,40.583846],[-73.843287,40.583952],[-73.84341,40.583833],[-73.844182,40.583957],[-73.846497,40.583779],[-73.847614,40.583966],[-73.847577,40.584068],[-73.847208,40.584151],[-73.847559,40.584306],[-73.847254,40.584552],[-73.847608,40.584851],[-73.849522,40.584738],[-73.850694,40.584869],[-73.851127,40.585027],[-73.851438,40.585448],[-73.85135,40.585787],[-73.85141,40.586343],[-73.851651,40.586954],[-73.851744,40.586725],[-73.852114,40.58671],[-73.854429,40.585807],[-73.856281,40.585312],[-73.856674,40.585941],[-73.856518,40.586466],[-73.856806,40.586644],[-73.856898,40.586849],[-73.857238,40.587021],[-73.857639,40.586783],[-73.858145,40.586775],[-73.858114,40.58696],[-73.857793,40.587199],[-73.857765,40.587392],[-73.858009,40.587604],[-73.85852,40.58767],[-73.858719,40.587562],[-73.859367,40.586768],[-73.859676,40.586577],[-73.859923,40.586128],[-73.860756,40.585801],[-73.862608,40.58458],[-73.863194,40.583852],[-73.863368,40.58341],[-73.863688,40.583147],[-73.864429,40.58282],[-73.865324,40.582963],[-73.865664,40.582911],[-73.866744,40.581971],[-73.867577,40.581577],[-73.867625,40.581404],[-73.867392,40.581417],[-73.867323,40.581281],[-73.867957,40.580293],[-73.867793,40.580095],[-73.867443,40.579985],[-73.867485,40.579865],[-73.868503,40.579354],[-73.869552,40.579202],[-73.869699,40.579367],[-73.869801,40.580015],[-73.869972,40.58017],[-73.870417,40.581128],[-73.870626,40.582269],[-73.870923,40.582423],[-73.870969,40.583164],[-73.871891,40.587701],[-73.871957,40.588503],[-73.871713,40.58862],[-73.871034,40.588365],[-73.870821,40.588627],[-73.87088,40.58901],[-73.870201,40.589202],[-73.87002,40.589367],[-73.870015,40.589641],[-73.86987,40.589738],[-73.86816,40.590417],[-73.868047,40.591065],[-73.867762,40.591103],[-73.86754,40.591373],[-73.867194,40.591435],[-73.867543,40.592207],[-73.867804,40.592485],[-73.867736,40.59267],[-73.867435,40.592886],[-73.867445,40.593256],[-73.867674,40.593873],[-73.867668,40.594398],[-73.868349,40.595736],[-73.868843,40.595849],[-73.869275,40.596203],[-73.869611,40.596281],[-73.869843,40.597207],[-73.87035,40.597577],[-73.87054,40.598233],[-73.870756,40.59826],[-73.870831,40.598472],[-73.871287,40.598812],[-73.87176,40.598966],[-73.871832,40.599429],[-73.872038,40.599707],[-73.872392,40.601894],[-73.87304,40.602162],[-73.873472,40.60249],[-73.874275,40.60255],[-73.874583,40.602393],[-73.874923,40.602621],[-73.875355,40.602716],[-73.875478,40.602989],[-73.876195,40.603318],[-73.876058,40.603627],[-73.877851,40.604182],[-73.878873,40.604929],[-73.878943,40.605]],[[-73.952454,40.540993],[-73.952429,40.541034],[-73.952515,40.54109],[-73.952502,40.541003],[-73.952454,40.540993]],[[-73.950941,40.540819],[-73.950924,40.540972],[-73.951003,40.541014],[-73.95106,40.54091],[-73.950941,40.540819]],[[-73.951806,40.540848],[-73.95177,40.54088],[-73.951806,40.541],[-73.951918,40.54091],[-73.951806,40.540848]],[[-73.951404,40.540462],[-73.95106,40.540664],[-73.951219,40.541006],[-73.951351,40.540972],[-73.95137,40.540725],[-73.951729,40.540633],[-73.95162,40.540462],[-73.951404,40.540462]],[[-73.950774,40.540077],[-73.95091,40.540089],[-73.950938,40.540139],[-73.950787,40.540205],[-73.950774,40.540077]],[[-73.951836,40.540071],[-73.951814,40.540201],[-73.951976,40.540262],[-73.95198,40.540139],[-73.951836,40.540071]],[[-73.940711,40.539583],[-73.94078,40.539645],[-73.940725,40.539705],[-73.940678,40.539645],[-73.940711,40.539583]],[[-73.76,40.581459],[-73.760201,40.581502],[-73.761806,40.581561],[-73.762917,40.58121],[-73.763719,40.581522],[-73.766528,40.582008],[-73.767948,40.582108],[-73.768225,40.582264],[-73.769151,40.58244],[-73.76983,40.582464],[-73.77054,40.582255],[-73.771404,40.582284],[-73.773565,40.581786],[-73.774198,40.581775],[-73.775509,40.582232],[-73.778071,40.583378],[-73.778194,40.583119],[-73.778935,40.583243],[-73.779264,40.58304],[-73.779515,40.58304],[-73.781203,40.583812],[-73.78162,40.584103],[-73.783349,40.584762],[-73.784275,40.584952],[-73.784985,40.584902],[-73.786898,40.585666],[-73.78804,40.585857],[-73.788336,40.585694],[-73.7859,40.584028],[-73.785614,40.583781],[-73.785602,40.583573],[-73.785818,40.583504],[-73.786188,40.583601],[-73.789182,40.585109],[-73.787848,40.583997],[-73.787409,40.583194],[-73.787392,40.582884],[-73.791528,40.584524],[-73.792007,40.584552],[-73.791224,40.583873],[-73.790437,40.583009],[-73.790417,40.582858],[-73.790725,40.582867],[-73.79233,40.583508],[-73.79304,40.583552],[-73.793287,40.583774],[-73.794676,40.584277],[-73.79375,40.583423],[-73.79356,40.583009],[-73.793565,40.582817],[-73.793966,40.582761],[-73.794892,40.582913],[-73.794402,40.582176],[-73.794522,40.581909],[-73.795355,40.58197],[-73.797701,40.582859],[-73.797729,40.582762],[-73.797063,40.582114],[-73.796762,40.58159],[-73.79799,40.582145],[-73.798441,40.582801],[-73.798657,40.582651],[-73.798935,40.582715],[-73.800077,40.582414],[-73.801466,40.582664],[-73.801426,40.582392],[-73.800647,40.581497],[-73.800397,40.581404],[-73.800231,40.581084],[-73.800694,40.580965],[-73.801404,40.581085],[-73.801498,40.581157],[-73.801343,40.581301],[-73.802357,40.581713],[-73.80345,40.581867],[-73.804522,40.581576],[-73.804707,40.58145],[-73.804676,40.58129],[-73.805324,40.580924],[-73.80591,40.580891],[-73.807114,40.580419],[-73.809059,40.580038],[-73.809707,40.579653],[-73.81054,40.579649],[-73.811003,40.579502],[-73.811775,40.579787],[-73.811744,40.579037],[-73.812145,40.579233],[-73.812731,40.579146],[-73.813071,40.579264],[-73.813071,40.578969],[-73.813873,40.579116],[-73.814769,40.578866],[-73.815231,40.578549],[-73.815415,40.578904],[-73.815602,40.578952],[-73.815633,40.578574],[-73.816065,40.578713],[-73.816404,40.578677],[-73.818349,40.578057],[-73.818966,40.577738],[-73.819738,40.577652],[-73.820324,40.57739],[-73.821559,40.577214],[-73.822114,40.576972],[-73.822608,40.57701],[-73.822701,40.576591],[-73.824182,40.576499],[-73.824799,40.576085],[-73.82524,40.576003],[-73.825694,40.575743],[-73.826435,40.575691],[-73.82696,40.575777],[-73.826898,40.575405],[-73.827361,40.575574],[-73.827793,40.575314],[-73.828349,40.575368],[-73.828318,40.575136],[-73.828503,40.575039],[-73.829059,40.575111],[-73.829583,40.57482],[-73.830355,40.574892],[-73.830371,40.574707],[-73.830602,40.574501],[-73.831157,40.574726],[-73.831065,40.574212],[-73.83159,40.574279],[-73.83196,40.574485],[-73.831841,40.574028],[-73.832176,40.573817],[-73.832909,40.574182],[-73.83277,40.573781],[-73.832824,40.573638],[-73.833194,40.573561],[-73.833719,40.573229],[-73.834182,40.573245],[-73.834769,40.572652],[-73.834985,40.572676],[-73.835231,40.572492],[-73.835787,40.572422],[-73.836281,40.572525],[-73.836207,40.572176],[-73.836404,40.572166],[-73.836435,40.57198],[-73.836775,40.57212],[-73.836721,40.57196],[-73.836806,40.571929],[-73.83767,40.572216],[-73.837466,40.571682],[-73.837608,40.571612],[-73.837978,40.571762],[-73.838173,40.571559],[-73.838472,40.571564],[-73.838887,40.571127],[-73.839306,40.571189],[-73.839398,40.570989],[-73.841898,40.570485],[-73.842361,40.570286],[-73.842691,40.570324],[-73.84446,40.569856],[-73.845077,40.569871],[-73.84517,40.569731],[-73.845818,40.569867],[-73.845731,40.569552],[-73.846012,40.569614],[-73.846281,40.56944],[-73.847083,40.569376],[-73.847485,40.56951],[-73.847383,40.569151],[-73.847731,40.569232],[-73.847855,40.569026],[-73.848164,40.568884],[-73.848565,40.569011],[-73.848505,40.568781],[-73.848639,40.568688],[-73.848637,40.568441],[-73.848997,40.568491],[-73.848966,40.568191],[-73.849623,40.568472],[-73.849429,40.567977],[-73.849985,40.568182],[-73.850111,40.568164],[-73.850108,40.567964],[-73.850664,40.56813],[-73.850815,40.567855],[-73.851096,40.567866],[-73.851312,40.567692],[-73.851612,40.56767],[-73.851939,40.567454],[-73.85196,40.567214],[-73.852213,40.567269],[-73.852223,40.567114],[-73.852499,40.567145],[-73.852554,40.567022],[-73.853164,40.566881],[-73.853955,40.566898],[-73.853593,40.566497],[-73.853534,40.566289],[-73.85409,40.566528],[-73.854151,40.56632],[-73.854635,40.56625],[-73.854583,40.566027],[-73.855422,40.56625],[-73.855046,40.565658],[-73.855417,40.56576],[-73.856157,40.565613],[-73.856682,40.565764],[-73.856515,40.565448],[-73.85662,40.565295],[-73.857577,40.565449],[-73.857577,40.565015],[-73.857978,40.565263],[-73.857834,40.565077],[-73.857926,40.564923],[-73.862052,40.563696],[-73.863102,40.563126],[-73.8649,40.562454],[-73.865262,40.562183],[-73.865509,40.562215],[-73.867238,40.561685],[-73.867577,40.561734],[-73.867731,40.561474],[-73.882145,40.557155],[-73.882269,40.557041],[-73.884028,40.556836],[-73.886065,40.556312],[-73.888596,40.555366],[-73.899861,40.552498],[-73.903133,40.551481],[-73.904491,40.55091],[-73.906466,40.550291],[-73.909151,40.549794],[-73.90946,40.549551],[-73.91054,40.549295],[-73.911127,40.548979],[-73.911553,40.548904],[-73.911059,40.548256],[-73.911884,40.54841],[-73.912567,40.548688],[-73.912758,40.548503],[-73.912169,40.547824],[-73.912238,40.547617],[-73.914707,40.54771],[-73.914887,40.547608],[-73.914923,40.547432],[-73.915796,40.54733],[-73.91662,40.54702],[-73.923565,40.545139],[-73.924837,40.544645],[-73.926684,40.544182],[-73.927454,40.543838],[-73.934985,40.542111],[-73.93754,40.541188],[-73.940231,40.539982],[-73.940602,40.540046],[-73.940756,40.539859],[-73.941127,40.539891],[-73.941775,40.539522],[-73.942114,40.539537],[-73.942238,40.539436],[-73.942485,40.539603],[-73.942608,40.53928],[-73.942824,40.539584],[-73.943657,40.539345],[-73.945972,40.539372],[-73.946343,40.539289],[-73.946836,40.539436],[-73.947176,40.539407],[-73.947454,40.539561],[-73.948225,40.539509],[-73.948781,40.539898],[-73.948852,40.540077],[-73.949336,40.540253],[-73.949507,40.540448],[-73.950139,40.540768],[-73.950479,40.540725],[-73.950818,40.540303],[-73.951182,40.540386],[-73.951066,40.539985],[-73.951713,40.539951],[-73.951929,40.539791],[-73.952361,40.539884],[-73.95255,40.54017],[-73.952459,40.540386],[-73.952949,40.541034],[-73.952692,40.541404],[-73.952917,40.541491],[-73.953225,40.54139],[-73.953454,40.541744],[-73.953337,40.54233],[-73.953398,40.542762],[-73.953599,40.542948],[-73.953582,40.543102],[-73.954244,40.543474],[-73.954398,40.54331],[-73.954522,40.543485],[-73.954655,40.54341],[-73.954645,40.54317],[-73.954923,40.543425],[-73.95517,40.543396],[-73.955201,40.543189],[-73.954808,40.543225],[-73.955293,40.542988],[-73.955478,40.543092],[-73.955787,40.54306],[-73.955686,40.543256],[-73.955787,40.543366],[-73.956343,40.543269],[-73.956219,40.543007],[-73.956383,40.543071],[-73.956528,40.543441],[-73.95659,40.543239],[-73.957052,40.543208],[-73.957221,40.543565],[-73.95743,40.543688],[-73.957299,40.543894],[-73.957739,40.543997],[-73.957459,40.544213],[-73.957917,40.544338],[-73.958071,40.544227],[-73.958184,40.544275],[-73.957917,40.544448],[-73.957948,40.544523],[-73.959106,40.544552],[-73.959429,40.545098],[-73.95983,40.545232],[-73.960231,40.545567],[-73.96094,40.546404],[-73.960787,40.546668],[-73.961148,40.547145],[-73.961168,40.547577],[-73.960762,40.547824],[-73.960998,40.547917],[-73.960923,40.548133],[-73.961308,40.548596],[-73.961138,40.548843],[-73.961323,40.549244],[-73.961513,40.549398],[-73.961682,40.549829],[-73.962098,40.550046],[-73.961967,40.550201],[-73.96233,40.550306],[-73.962415,40.550448],[-73.962311,40.55054],[-73.962392,40.550567],[-73.963225,40.550485],[-73.963503,40.550577],[-73.964275,40.550497],[-73.965324,40.550554],[-73.965602,40.550777],[-73.966065,40.550817],[-73.966404,40.55115],[-73.966528,40.551038],[-73.966817,40.551127],[-73.96662,40.551275],[-73.964831,40.55162],[-73.965174,40.551744],[-73.96517,40.551911],[-73.965386,40.551846],[-73.965756,40.552368],[-73.966312,40.552428],[-73.966497,40.552759],[-73.966929,40.552644],[-73.966991,40.552853],[-73.967022,40.552573],[-73.967485,40.552877],[-73.968071,40.55291],[-73.968349,40.552752],[-73.968476,40.552423],[-73.968306,40.552238],[-73.968512,40.552145],[-73.968478,40.551929],[-73.968657,40.551828],[-73.968904,40.551915],[-73.969028,40.551707],[-73.969487,40.551404],[-73.969584,40.551188],[-73.969258,40.550941],[-73.96961,40.550664],[-73.97,40.550076]],[[-73.942447,40.53909],[-73.942608,40.539087],[-73.942634,40.539213],[-73.942485,40.539162],[-73.942447,40.53909]],[[-73.916275,40.531188],[-73.916375,40.53125],[-73.916281,40.531366],[-73.916208,40.531281],[-73.916275,40.531188]],[[-73.914738,40.529522],[-73.914914,40.529769],[-73.914676,40.529856],[-73.91464,40.529769],[-73.914738,40.529522]],[[-73.918904,40.528192],[-73.918834,40.528287],[-73.91903,40.528225],[-73.918997,40.528174],[-73.918904,40.528192]],[[-73.919861,40.527865],[-73.919765,40.527978],[-73.919799,40.528023],[-73.919944,40.527948],[-73.919861,40.527865]],[[-73.923006,40.527639],[-73.923472,40.527852],[-73.924151,40.527758],[-73.924491,40.52798],[-73.92483,40.527875],[-73.92517,40.527925],[-73.925478,40.52814],[-73.925694,40.528041],[-73.925972,40.528077],[-73.926373,40.528297],[-73.926651,40.528231],[-73.92804,40.528597],[-73.928904,40.528559],[-73.929645,40.528903],[-73.930694,40.529098],[-73.930849,40.529279],[-73.931806,40.529664],[-73.933046,40.530386],[-73.933986,40.531065],[-73.934863,40.532145],[-73.934889,40.53267],[-73.934676,40.533164],[-73.934947,40.534429],[-73.935507,40.535355],[-73.936804,40.536744],[-73.936874,40.537114],[-73.936466,40.537369],[-73.935139,40.537524],[-73.932701,40.537453],[-73.931775,40.537607],[-73.930478,40.537525],[-73.926991,40.536809],[-73.923441,40.535485],[-73.923225,40.53564],[-73.923409,40.535478],[-73.922948,40.535175],[-73.921672,40.534707],[-73.921611,40.534552],[-73.921003,40.534408],[-73.920676,40.534059],[-73.919387,40.533565],[-73.919275,40.533343],[-73.918318,40.532937],[-73.917855,40.532579],[-73.91754,40.532577],[-73.917269,40.532337],[-73.916588,40.532269],[-73.917001,40.532022],[-73.916841,40.531343],[-73.916617,40.531003],[-73.916694,40.530849],[-73.916898,40.53072],[-73.917343,40.531065],[-73.917052,40.531175],[-73.917021,40.531281],[-73.917278,40.531898],[-73.917485,40.531908],[-73.917352,40.531373],[-73.917433,40.531127],[-73.918684,40.530139],[-73.917577,40.529194],[-73.917238,40.529265],[-73.916188,40.530065],[-73.915747,40.529738],[-73.915478,40.529352],[-73.915488,40.529676],[-73.915345,40.529738],[-73.915246,40.529645],[-73.915221,40.529059],[-73.915571,40.529142],[-73.915593,40.528565],[-73.915941,40.528859],[-73.916219,40.528715],[-73.916157,40.528333],[-73.916497,40.528623],[-73.91662,40.528248],[-73.916836,40.528425],[-73.917238,40.528392],[-73.917275,40.528102],[-73.918009,40.528147],[-73.918225,40.527946],[-73.918503,40.528035],[-73.918688,40.527971],[-73.918812,40.528118],[-73.91912,40.527879],[-73.919861,40.527848],[-73.920139,40.527684],[-73.920448,40.52771],[-73.920517,40.527917],[-73.920664,40.527957],[-73.921096,40.527666],[-73.921497,40.527683],[-73.921682,40.527858],[-73.921929,40.5277],[-73.922886,40.527732],[-73.923006,40.527639]],[[-73.97,40.529055],[-73.96983,40.529115],[-73.96946,40.528935],[-73.969489,40.528102],[-73.969653,40.527577],[-73.969873,40.527269],[-73.97,40.526788]],[[-73.97,40.525997],[-73.969968,40.525849],[-73.97,40.525735]],[[-73.97,40.525541],[-73.969869,40.525324],[-73.969429,40.525297],[-73.969386,40.525]]]}},
{"type":"Feature","properties":{"depthFt":30},"geometry":{"type":"MultiLineString","coordinates":[[[-73.893145,40.605],[-73.892855,40.604744],[-73.892546,40.604804],[-73.891991,40.604669],[-73.891775,40.604886],[-73.891468,40.604861],[-73.891467,40.605]],[[-73.793688,40.604522],[-73.793812,40.604557],[-73.793863,40.604769],[-73.793627,40.6049],[-73.793492,40.604707],[-73.793688,40.604522]],[[-73.902145,40.604394],[-73.901901,40.604676],[-73.902083,40.60492],[-73.902392,40.604491],[-73.902145,40.604394]],[[-73.772978,40.604295],[-73.772831,40.604429],[-73.772886,40.604521],[-73.77304,40.604398],[-73.772978,40.604295]],[[-73.789751,40.604275],[-73.790022,40.604275],[-73.790091,40.604522],[-73.789861,40.604759],[-73.789522,40.604808],[-73.7894,40.604552],[-73.789751,40.604275]],[[-73.773486,40.605],[-73.773506,40.604954],[-73.773465,40.604707],[-73.7738,40.604275],[-73.773719,40.604211],[-73.773194,40.604605],[-73.772639,40.604678],[-73.772411,40.604954],[-73.772403,40.605]],[[-73.876466,40.603434],[-73.87625,40.603548],[-73.876903,40.603719],[-73.876808,40.603565],[-73.876466,40.603434]],[[-73.773503,40.603437],[-73.773072,40.60409],[-73.773071,40.604202],[-73.773378,40.604028],[-73.773587,40.603503],[-73.773503,40.603437]],[[-73.880046,40.602731],[-73.880211,40.602762],[-73.880201,40.602938],[-73.880139,40.602919],[-73.880046,40.602731]],[[-73.908256,40.602607],[-73.907546,40.602713],[-73.906898,40.602974],[-73.904059,40.603222],[-73.903688,40.603558],[-73.903256,40.603622],[-73.903172,40.603904],[-73.903318,40.604129],[-73.903596,40.603836],[-73.90385,40.604244],[-73.904213,40.604367],[-73.904676,40.604145],[-73.905201,40.604246],[-73.90554,40.604134],[-73.905972,40.604485],[-73.90659,40.604515],[-73.90696,40.60438],[-73.907238,40.604666],[-73.907731,40.604874],[-73.907908,40.604738],[-73.907923,40.604429],[-73.908284,40.603873],[-73.908133,40.603627],[-73.90841,40.603583],[-73.908981,40.603164],[-73.908873,40.602776],[-73.908596,40.602624],[-73.908256,40.602607]],[[-73.771466,40.602413],[-73.771367,40.602577],[-73.77162,40.60299],[-73.771735,40.602577],[-73.771466,40.602413]],[[-73.875262,40.602356],[-73.875262,40.602478],[-73.875385,40.602485],[-73.875364,40.602392],[-73.875262,40.602356]],[[-73.794124,40.605],[-73.795262,40.604497],[-73.795898,40.604028],[-73.796003,40.603804],[-73.796377,40.603627],[-73.796483,40.603256],[-73.799218,40.602886],[-73.799633,40.602515],[-73.79958,40.602052],[-73.799306,40.60189],[-73.797269,40.60197],[-73.796528,40.601809],[-73.79554,40.6019],[-73.795262,40.601987],[-73.794799,40.602396],[-73.793688,40.602827],[-73.79267,40.602905],[-73.792269,40.603145],[-73.792052,40.603073],[-73.791867,40.602799],[-73.791651,40.602935],[-73.791435,40.602879],[-73.791034,40.602312],[-73.790787,40.602284],[-73.788054,40.60409],[-73.787727,40.60446],[-73.787238,40.604573],[-73.787022,40.604433],[-73.786744,40.604529],[-73.78659,40.604277],[-73.786281,40.60423],[-73.785636,40.60375],[-73.785355,40.602955],[-73.784892,40.603313],[-73.78473,40.603781],[-73.784861,40.604497],[-73.785231,40.605]],[[-73.876034,40.601055],[-73.87591,40.601285],[-73.875687,40.601404],[-73.875779,40.602423],[-73.875652,40.602855],[-73.876003,40.603041],[-73.876149,40.603009],[-73.876113,40.602824],[-73.87625,40.602781],[-73.876528,40.602887],[-73.876713,40.602826],[-73.876991,40.602972],[-73.876991,40.602752],[-73.876713,40.602824],[-73.876506,40.602639],[-73.876597,40.602207],[-73.876401,40.601343],[-73.876034,40.601055]],[[-73.874491,40.600818],[-73.874451,40.601034],[-73.874769,40.601463],[-73.874985,40.601662],[-73.875182,40.60159],[-73.875075,40.601096],[-73.874491,40.600818]],[[-73.874892,40.600318],[-73.874864,40.600448],[-73.875262,40.600627],[-73.875705,40.600417],[-73.875602,40.600304],[-73.874892,40.600318]],[[-73.796559,40.600195],[-73.795108,40.600469],[-73.795046,40.600602],[-73.795231,40.60083],[-73.795564,40.600941],[-73.795077,40.601263],[-73.795385,40.601281],[-73.795898,40.600941],[-73.796435,40.60101],[-73.796767,40.600818],[-73.796988,40.600448],[-73.796794,40.600231],[-73.796559,40.600195]],[[-73.874892,40.600088],[-73.874892,40.600206],[-73.874985,40.60021],[-73.874978,40.600108],[-73.874892,40.600088]],[[-73.78804,40.599517],[-73.787701,40.599642],[-73.787479,40.600015],[-73.787086,40.600293],[-73.786806,40.600796],[-73.786101,40.600972],[-73.786201,40.601219],[-73.786023,40.601898],[-73.785709,40.602114],[-73.785663,40.602392],[-73.785849,40.60243],[-73.786007,40.60233],[-73.786106,40.601991],[-73.78678,40.601466],[-73.78696,40.601066],[-73.78783,40.600201],[-73.788503,40.600028],[-73.788534,40.599883],[-73.788364,40.599552],[-73.78804,40.599517]],[[-73.772793,40.599336],[-73.771867,40.599563],[-73.771807,40.600077],[-73.771974,40.601312],[-73.771611,40.601651],[-73.771647,40.601867],[-73.771912,40.602114],[-73.772542,40.602423],[-73.772928,40.602793],[-73.772693,40.603318],[-73.773071,40.603495],[-73.773441,40.603341],[-73.773673,40.603102],[-73.773503,40.602793],[-73.77381,40.602361],[-73.773596,40.601746],[-73.773102,40.601728],[-73.772743,40.601497],[-73.772804,40.601003],[-73.773252,40.600571],[-73.772941,40.599923],[-73.773202,40.599522],[-73.77304,40.599354],[-73.772793,40.599336]],[[-73.873501,40.598719],[-73.873657,40.598935],[-73.873534,40.599185],[-73.873384,40.599059],[-73.873395,40.598812],[-73.873501,40.598719]],[[-73.780262,40.598093],[-73.780139,40.598185],[-73.779954,40.598116],[-73.779641,40.598194],[-73.779645,40.598408],[-73.779182,40.598436],[-73.77838,40.598765],[-73.777855,40.599308],[-73.777571,40.599923],[-73.777886,40.600033],[-73.77838,40.599932],[-73.779799,40.599965],[-73.780105,40.599799],[-73.780231,40.599573],[-73.780679,40.59946],[-73.781358,40.598935],[-73.781489,40.598627],[-73.781351,40.59838],[-73.780941,40.598179],[-73.780262,40.598093]],[[-73.87591,40.597731],[-73.875819,40.597762],[-73.875818,40.597811],[-73.875922,40.597824],[-73.87591,40.597731]],[[-73.872404,40.597361],[-73.872485,40.597348],[-73.872506,40.597423],[-73.872423,40.597462],[-73.872404,40.597361]],[[-73.878987,40.59696],[-73.879111,40.597052],[-73.879059,40.597193],[-73.878997,40.597093],[-73.878987,40.59696]],[[-73.789799,40.596514],[-73.789799,40.596664],[-73.789977,40.596651],[-73.789944,40.596559],[-73.789799,40.596514]],[[-73.872198,40.596466],[-73.872614,40.596836],[-73.87233,40.597083],[-73.872161,40.596867],[-73.872198,40.596466]],[[-73.876094,40.596127],[-73.876265,40.59625],[-73.876122,40.596651],[-73.876317,40.596867],[-73.876116,40.597238],[-73.876195,40.597577],[-73.876032,40.597731],[-73.87611,40.598071],[-73.875972,40.59841],[-73.875644,40.598164],[-73.875383,40.597731],[-73.875559,40.597454],[-73.875173,40.596373],[-73.875386,40.596284],[-73.875694,40.59641],[-73.875818,40.596171],[-73.876094,40.596127]],[[-73.875064,40.595972],[-73.875194,40.596034],[-73.875197,40.596127],[-73.875077,40.596098],[-73.875064,40.595972]],[[-73.87102,40.59588],[-73.871127,40.595862],[-73.871165,40.59591],[-73.871003,40.595992],[-73.87102,40.59588]],[[-73.807948,40.595445],[-73.807519,40.595787],[-73.807428,40.596188],[-73.807052,40.596683],[-73.80659,40.59697],[-73.80629,40.596806],[-73.806127,40.5972],[-73.805734,40.597361],[-73.805602,40.597781],[-73.805787,40.597781],[-73.80588,40.597947],[-73.806132,40.597855],[-73.806177,40.597608],[-73.806497,40.597233],[-73.808069,40.596281],[-73.808276,40.595849],[-73.807948,40.595445]],[[-73.87076,40.594151],[-73.87091,40.594182],[-73.870912,40.594367],[-73.870661,40.594336],[-73.87076,40.594151]],[[-73.86983,40.59341],[-73.869779,40.593472],[-73.869892,40.593476],[-73.869892,40.593426],[-73.86983,40.59341]],[[-73.870726,40.593349],[-73.87094,40.593441],[-73.870924,40.593781],[-73.870787,40.593885],[-73.870544,40.593812],[-73.8706,40.593596],[-73.870412,40.593503],[-73.870726,40.593349]],[[-73.867701,40.592847],[-73.86762,40.592917],[-73.867917,40.594198],[-73.868113,40.593781],[-73.868003,40.593225],[-73.867701,40.592847]],[[-73.874092,40.592639],[-73.874329,40.592701],[-73.874419,40.593503],[-73.874861,40.594061],[-73.875061,40.594552],[-73.875056,40.59517],[-73.87524,40.595386],[-73.875046,40.595927],[-73.874788,40.595417],[-73.874092,40.592639]],[[-73.930787,40.592255],[-73.930682,40.592361],[-73.93064,40.592978],[-73.930962,40.593318],[-73.930738,40.593688],[-73.930789,40.594059],[-73.931096,40.594183],[-73.931722,40.594028],[-73.931779,40.59375],[-73.931651,40.59368],[-73.931595,40.593318],[-73.931466,40.593173],[-73.931157,40.593215],[-73.931188,40.5931],[-73.931373,40.593042],[-73.931377,40.592917],[-73.931065,40.592401],[-73.930787,40.592255]],[[-73.819275,40.592237],[-73.819213,40.592327],[-73.819381,40.592269],[-73.819367,40.592233],[-73.819275,40.592237]],[[-73.870331,40.592207],[-73.870505,40.592269],[-73.87054,40.592662],[-73.870266,40.592577],[-73.870375,40.592392],[-73.87024,40.592299],[-73.870331,40.592207]],[[-73.818997,40.591057],[-73.818875,40.591127],[-73.818859,40.591219],[-73.81909,40.591188],[-73.819106,40.591065],[-73.818997,40.591057]],[[-73.816312,40.590571],[-73.815972,40.590749],[-73.815625,40.591127],[-73.814944,40.591929],[-73.81494,40.592145],[-73.815388,40.592207],[-73.816435,40.591219],[-73.816628,40.590694],[-73.816528,40.590574],[-73.816312,40.590571]],[[-73.869965,40.590448],[-73.870278,40.590478],[-73.870373,40.590849],[-73.870256,40.591065],[-73.870448,40.591898],[-73.870293,40.59204],[-73.870073,40.591991],[-73.870078,40.591466],[-73.869854,40.591219],[-73.869867,40.590849],[-73.870001,40.590694],[-73.869867,40.590571],[-73.869965,40.590448]],[[-73.870889,40.589923],[-73.871003,40.589901],[-73.871064,40.589923],[-73.870972,40.589964],[-73.870889,40.589923]],[[-73.819059,40.589395],[-73.818973,40.589522],[-73.819059,40.589598],[-73.819306,40.589522],[-73.819059,40.589395]],[[-73.819275,40.589089],[-73.81912,40.589151],[-73.81909,40.589229],[-73.819449,40.589182],[-73.819275,40.589089]],[[-73.820756,40.588316],[-73.820756,40.58838],[-73.82091,40.588583],[-73.820914,40.58838],[-73.820756,40.588316]],[[-73.876663,40.588287],[-73.876781,40.588318],[-73.876994,40.588534],[-73.876713,40.588593],[-73.876663,40.588287]],[[-73.820386,40.588095],[-73.820293,40.588177],[-73.820262,40.58829],[-73.820463,40.588225],[-73.820386,40.588095]],[[-73.820633,40.587997],[-73.82055,40.588133],[-73.820694,40.588258],[-73.820728,40.588102],[-73.820633,40.587997]],[[-73.822546,40.587883],[-73.822203,40.588071],[-73.82233,40.588377],[-73.822824,40.588164],[-73.822984,40.587948],[-73.822546,40.587883]],[[-73.92767,40.587143],[-73.927733,40.587454],[-73.92875,40.588486],[-73.929078,40.588596],[-73.929645,40.589047],[-73.93017,40.589065],[-73.930185,40.588719],[-73.929221,40.587886],[-73.929213,40.587708],[-73.929028,40.587538],[-73.928503,40.587293],[-73.92767,40.587143]],[[-73.830725,40.586032],[-73.830699,40.586127],[-73.83082,40.586096],[-73.830787,40.586039],[-73.830725,40.586032]],[[-73.859583,40.585689],[-73.859523,40.585787],[-73.859552,40.585842],[-73.859675,40.585756],[-73.859583,40.585689]],[[-73.860448,40.584027],[-73.859769,40.584357],[-73.859167,40.58483],[-73.859614,40.584831],[-73.859954,40.585003],[-73.860227,40.584923],[-73.86022,40.584522],[-73.860688,40.584151],[-73.860448,40.584027]],[[-73.849861,40.583688],[-73.848904,40.583888],[-73.848653,40.583997],[-73.848603,40.584151],[-73.848966,40.584331],[-73.849552,40.584367],[-73.850108,40.584231],[-73.850466,40.583812],[-73.850355,40.583715],[-73.849861,40.583688]],[[-73.836867,40.5835],[-73.835887,40.583534],[-73.834769,40.583885],[-73.833843,40.583867],[-73.833565,40.584171],[-73.833133,40.58435],[-73.831188,40.584696],[-73.831065,40.584638],[-73.830972,40.584799],[-73.830602,40.584974],[-73.830068,40.584892],[-73.829443,40.585293],[-73.829182,40.585594],[-73.828657,40.585619],[-73.828441,40.586116],[-73.824916,40.58767],[-73.824384,40.588194],[-73.824273,40.588503],[-73.824429,40.588617],[-73.825046,40.588581],[-73.825602,40.588753],[-73.828596,40.587517],[-73.829583,40.586744],[-73.829623,40.586404],[-73.828966,40.586461],[-73.828863,40.586343],[-73.828904,40.586099],[-73.829244,40.585725],[-73.829583,40.585844],[-73.830818,40.585807],[-73.832762,40.58499],[-73.833472,40.584868],[-73.833812,40.584637],[-73.834367,40.584652],[-73.835386,40.584339],[-73.835725,40.584326],[-73.836343,40.584544],[-73.83767,40.584202],[-73.838534,40.584386],[-73.838966,40.584254],[-73.83911,40.58409],[-73.839059,40.583665],[-73.838849,40.583565],[-73.836867,40.5835]],[[-73.860478,40.583129],[-73.860293,40.583239],[-73.860204,40.583441],[-73.860509,40.583412],[-73.860662,40.583164],[-73.860478,40.583129]],[[-73.864954,40.582637],[-73.864879,40.582701],[-73.865169,40.582824],[-73.865554,40.582762],[-73.864954,40.582637]],[[-73.947022,40.582329],[-73.94662,40.582374],[-73.946518,40.582577],[-73.946799,40.58304],[-73.947299,40.58311],[-73.947521,40.582855],[-73.947526,40.582701],[-73.947309,40.582392],[-73.947022,40.582329]],[[-73.864707,40.58233],[-73.864566,40.582454],[-73.864769,40.582536],[-73.864938,40.582423],[-73.864707,40.58233]],[[-73.945849,40.582143],[-73.945795,40.582207],[-73.945927,40.582207],[-73.94591,40.582156],[-73.945849,40.582143]],[[-73.942639,40.581702],[-73.942454,40.581849],[-73.941898,40.58183],[-73.941651,40.581716],[-73.941558,40.581806],[-73.941682,40.581988],[-73.942052,40.582109],[-73.942485,40.581977],[-73.942701,40.582092],[-73.943318,40.582048],[-73.943873,40.582463],[-73.94412,40.582451],[-73.944583,40.582073],[-73.945545,40.582176],[-73.945105,40.581867],[-73.94338,40.581833],[-73.942639,40.581702]],[[-73.863622,40.581559],[-73.863503,40.581757],[-73.863349,40.581759],[-73.863387,40.581682],[-73.863622,40.581559]],[[-73.866219,40.581554],[-73.866112,40.58162],[-73.86625,40.581702],[-73.866464,40.58159],[-73.866219,40.581554]],[[-73.86625,40.581024],[-73.86526,40.581528],[-73.86517,40.582125],[-73.86554,40.581986],[-73.866059,40.58159],[-73.866036,40.581281],[-73.866379,40.581065],[-73.86625,40.581024]],[[-73.860324,40.580508],[-73.859059,40.581131],[-73.857824,40.582106],[-73.857269,40.582683],[-73.856127,40.583324],[-73.855602,40.583457],[-73.854429,40.584042],[-73.85338,40.584973],[-73.852984,40.585108],[-73.852855,40.585296],[-73.853071,40.585433],[-73.854552,40.585207],[-73.855231,40.584846],[-73.856497,40.584666],[-73.858214,40.583873],[-73.858947,40.583164],[-73.858812,40.582701],[-73.859471,40.582176],[-73.859985,40.581234],[-73.86058,40.580602],[-73.86054,40.580512],[-73.860324,40.580508]],[[-73.866188,40.580293],[-73.864908,40.580664],[-73.864151,40.581213],[-73.864023,40.581219],[-73.864081,40.581065],[-73.863997,40.580988],[-73.863596,40.581119],[-73.861744,40.582397],[-73.860814,40.582701],[-73.860768,40.582886],[-73.86091,40.582963],[-73.86196,40.582764],[-73.861991,40.583074],[-73.86267,40.58301],[-73.862886,40.583232],[-73.863264,40.583164],[-73.864382,40.582423],[-73.864361,40.582207],[-73.864572,40.581744],[-73.865113,40.581188],[-73.866432,40.580478],[-73.866188,40.580293]],[[-73.910201,40.5797],[-73.909985,40.579901],[-73.909923,40.5802],[-73.910081,40.58017],[-73.910337,40.579861],[-73.910201,40.5797]],[[-73.911188,40.578933],[-73.911097,40.57909],[-73.910628,40.579306],[-73.910574,40.579491],[-73.910725,40.579501],[-73.911476,40.579059],[-73.911404,40.578945],[-73.911188,40.578933]],[[-73.902454,40.57841],[-73.902548,40.578503],[-73.902646,40.578503],[-73.902564,40.57841],[-73.902454,40.57841]],[[-73.90912,40.578004],[-73.908737,40.578194],[-73.908441,40.578575],[-73.909384,40.578256],[-73.910077,40.578431],[-73.909951,40.578164],[-73.90912,40.578004]],[[-73.879107,40.577546],[-73.879229,40.577546],[-73.879329,40.577762],[-73.878997,40.578019],[-73.878503,40.577788],[-73.878194,40.577852],[-73.878075,40.577701],[-73.878133,40.577559],[-73.878503,40.577635],[-73.879107,40.577546]],[[-73.881171,40.577392],[-73.88125,40.577365],[-73.881377,40.577454],[-73.881219,40.577498],[-73.881171,40.577392]],[[-73.887145,40.577051],[-73.886867,40.577176],[-73.886786,40.577299],[-73.887114,40.577353],[-73.887404,40.577238],[-73.887361,40.577091],[-73.887145,40.577051]],[[-73.902824,40.576859],[-73.902475,40.577361],[-73.902546,40.57744],[-73.903067,40.577052],[-73.90299,40.576867],[-73.902824,40.576859]],[[-73.886744,40.576586],[-73.88652,40.576713],[-73.886635,40.576867],[-73.887088,40.576744],[-73.886989,40.57659],[-73.886744,40.576586]],[[-73.884645,40.576125],[-73.884513,40.576157],[-73.884346,40.576281],[-73.884738,40.57628],[-73.884756,40.576157],[-73.884645,40.576125]],[[-73.874769,40.576093],[-73.873287,40.576609],[-73.872793,40.576638],[-73.871527,40.577022],[-73.872052,40.577107],[-73.87304,40.576972],[-73.87324,40.577207],[-73.873256,40.577597],[-73.873503,40.577535],[-73.873781,40.577706],[-73.874182,40.577641],[-73.875509,40.577007],[-73.875223,40.57662],[-73.875145,40.576096],[-73.874769,40.576093]],[[-73.905201,40.575813],[-73.905355,40.575977],[-73.90551,40.575972],[-73.905432,40.575849],[-73.905201,40.575813]],[[-73.904738,40.575686],[-73.904336,40.576172],[-73.903904,40.576364],[-73.903589,40.576373],[-73.903621,40.576744],[-73.903781,40.576746],[-73.904738,40.575885],[-73.905091,40.575787],[-73.904738,40.575686]],[[-73.869722,40.575046],[-73.869788,40.575046],[-73.869806,40.575108],[-73.869738,40.575134],[-73.869722,40.575046]],[[-73.882091,40.574861],[-73.882176,40.574884],[-73.882197,40.574954],[-73.882083,40.57495],[-73.882091,40.574861]],[[-73.878145,40.574769],[-73.878111,40.574892],[-73.878016,40.57483],[-73.87804,40.574785],[-73.878145,40.574769]],[[-73.922269,40.574273],[-73.921952,40.574398],[-73.921927,40.574429],[-73.922145,40.574441],[-73.922379,40.574275],[-73.922269,40.574273]],[[-73.88528,40.574059],[-73.885417,40.57404],[-73.88548,40.574151],[-73.885295,40.574182],[-73.88528,40.574059]],[[-73.923565,40.574056],[-73.922874,40.574275],[-73.92287,40.574306],[-73.923796,40.574398],[-73.923702,40.574059],[-73.923565,40.574056]],[[-73.924059,40.573904],[-73.923981,40.573935],[-73.923964,40.573966],[-73.924089,40.573966],[-73.924059,40.573904]],[[-73.88625,40.573743],[-73.886148,40.573781],[-73.886114,40.573812],[-73.886276,40.573812],[-73.88625,40.573743]],[[-73.764306,40.573657],[-73.764242,40.573688],[-73.764306,40.573806],[-73.764359,40.573719],[-73.764306,40.573657]],[[-73.76159,40.5735],[-73.76158,40.573565],[-73.76162,40.57363],[-73.761672,40.573534],[-73.76159,40.5735]],[[-73.761991,40.5735],[-73.76196,40.573564],[-73.76209,40.573534],[-73.762017,40.573503],[-73.761991,40.5735]],[[-73.765845,40.573472],[-73.765878,40.573627],[-73.765818,40.573711],[-73.765764,40.573627],[-73.765845,40.573472]],[[-73.916373,40.57341],[-73.916185,40.573503],[-73.916307,40.573657],[-73.916682,40.57371],[-73.916854,40.573596],[-73.916373,40.57341]],[[-73.930355,40.573002],[-73.929336,40.573917],[-73.929275,40.574373],[-73.930063,40.574059],[-73.930342,40.573256],[-73.930586,40.573102],[-73.930355,40.573002]],[[-73.90483,40.572911],[-73.904799,40.572948],[-73.905036,40.572948],[-73.905015,40.572914],[-73.90483,40.572911]],[[-73.904398,40.572915],[-73.904213,40.573071],[-73.904652,40.573009],[-73.904614,40.57297],[-73.904398,40.572915]],[[-73.891003,40.572854],[-73.890076,40.57338],[-73.890148,40.573565],[-73.889738,40.573661],[-73.889651,40.573812],[-73.88983,40.573986],[-73.891188,40.573834],[-73.891553,40.574367],[-73.89196,40.574573],[-73.892762,40.574451],[-73.894176,40.574552],[-73.894333,40.57483],[-73.893734,40.575231],[-73.893654,40.575448],[-73.894213,40.575709],[-73.894441,40.575571],[-73.894183,40.575324],[-73.894213,40.575216],[-73.895386,40.575153],[-73.896015,40.574645],[-73.895758,40.574491],[-73.894799,40.574516],[-73.894522,40.574333],[-73.893719,40.574164],[-73.893627,40.573997],[-73.893757,40.57338],[-73.893534,40.573121],[-73.893009,40.573306],[-73.891898,40.573448],[-73.891618,40.573349],[-73.891649,40.572948],[-73.891003,40.572854]],[[-73.896806,40.5728],[-73.89667,40.572886],[-73.896675,40.572917],[-73.896866,40.572886],[-73.896806,40.5728]],[[-73.89341,40.572699],[-73.89304,40.572811],[-73.892988,40.572855],[-73.89341,40.572896],[-73.893812,40.572701],[-73.89341,40.572699]],[[-73.893997,40.572668],[-73.893944,40.572701],[-73.894513,40.572762],[-73.894398,40.572666],[-73.893997,40.572668]],[[-73.884416,40.572639],[-73.884522,40.572644],[-73.884522,40.572749],[-73.884398,40.572731],[-73.884416,40.572639]],[[-73.78124,40.572546],[-73.781318,40.572639],[-73.78125,40.572718],[-73.781195,40.57267],[-73.78124,40.572546]],[[-73.884863,40.572454],[-73.885231,40.572507],[-73.885295,40.57267],[-73.885569,40.572762],[-73.885386,40.57311],[-73.885303,40.573102],[-73.885215,40.572731],[-73.884881,40.57267],[-73.884863,40.572454]],[[-73.881486,40.572238],[-73.881563,40.572238],[-73.881651,40.572508],[-73.881434,40.572454],[-73.881486,40.572238]],[[-73.896528,40.572234],[-73.895271,40.572485],[-73.895371,40.572608],[-73.895246,40.572793],[-73.895664,40.572939],[-73.895787,40.57283],[-73.896003,40.573009],[-73.896065,40.57289],[-73.896169,40.572978],[-73.896136,40.572886],[-73.896373,40.572607],[-73.896466,40.572727],[-73.89696,40.572537],[-73.897088,40.572639],[-73.896975,40.57267],[-73.897022,40.572837],[-73.898102,40.572757],[-73.898627,40.572557],[-73.898794,40.572361],[-73.898565,40.572234],[-73.89733,40.572314],[-73.896528,40.572234]],[[-73.78307,40.571867],[-73.783133,40.571855],[-73.783225,40.572085],[-73.783133,40.572077],[-73.78307,40.571867]],[[-73.782468,40.571867],[-73.782577,40.571869],[-73.782614,40.571929],[-73.782457,40.57196],[-73.782468,40.571867]],[[-73.88152,40.571559],[-73.881929,40.571532],[-73.882086,40.57159],[-73.881178,40.571713],[-73.88152,40.571559]],[[-73.904522,40.571372],[-73.904459,40.571435],[-73.904552,40.571507],[-73.904595,40.571435],[-73.904522,40.571372]],[[-73.906731,40.57125],[-73.906802,40.571343],[-73.906744,40.571459],[-73.906702,40.571404],[-73.906731,40.57125]],[[-73.931281,40.571123],[-73.931069,40.571373],[-73.931771,40.571157],[-73.931528,40.571111],[-73.931281,40.571123]],[[-73.906351,40.571096],[-73.906435,40.57108],[-73.906523,40.571157],[-73.906404,40.571199],[-73.906351,40.571096]],[[-73.932176,40.570657],[-73.932013,40.570756],[-73.932047,40.57088],[-73.932466,40.570725],[-73.932423,40.570637],[-73.932176,40.570657]],[[-73.791266,40.570478],[-73.791343,40.570495],[-73.791343,40.570588],[-73.791281,40.570542],[-73.791266,40.570478]],[[-73.885503,40.569491],[-73.886188,40.56951],[-73.886648,40.569707],[-73.886497,40.569833],[-73.88591,40.569893],[-73.884739,40.569738],[-73.885044,40.569552],[-73.885503,40.569491]],[[-73.936898,40.568407],[-73.936854,40.568503],[-73.93696,40.568554],[-73.937017,40.568441],[-73.936898,40.568407]],[[-73.900818,40.567481],[-73.900797,40.567546],[-73.900849,40.567605],[-73.900886,40.567546],[-73.900818,40.567481]],[[-73.813781,40.567403],[-73.813759,40.567577],[-73.813912,40.56767],[-73.813853,40.567423],[-73.813781,40.567403]],[[-73.819707,40.56683],[-73.81969,40.566898],[-73.819707,40.566946],[-73.81975,40.566867],[-73.819707,40.56683]],[[-73.817485,40.566192],[-73.817509,40.566497],[-73.817655,40.56662],[-73.81758,40.566312],[-73.817485,40.566192]],[[-73.820058,40.565231],[-73.820212,40.565262],[-73.820201,40.565461],[-73.82006,40.565355],[-73.820058,40.565231]],[[-73.814828,40.564429],[-73.814954,40.564414],[-73.815262,40.564755],[-73.814883,40.56483],[-73.814828,40.564429]],[[-73.839491,40.559813],[-73.839552,40.559936],[-73.839621,40.559954],[-73.839583,40.559884],[-73.839491,40.559813]],[[-73.840126,40.557886],[-73.840377,40.558102],[-73.840448,40.558461],[-73.840293,40.558358],[-73.840126,40.557886]],[[-73.844117,40.556836],[-73.844304,40.556898],[-73.844342,40.556991],[-73.844161,40.556929],[-73.844117,40.556836]],[[-73.842974,40.556343],[-73.843164,40.556345],[-73.843967,40.557022],[-73.844059,40.557716],[-73.843514,40.557361],[-73.843481,40.557207],[-73.843596,40.557154],[-73.843914,40.557361],[-73.843596,40.557142],[-73.842974,40.556343]],[[-73.852392,40.553489],[-73.852181,40.553596],[-73.852191,40.553657],[-73.852476,40.553596],[-73.852392,40.553489]],[[-73.85341,40.553408],[-73.853334,40.553441],[-73.85338,40.553522],[-73.853459,40.553472],[-73.85341,40.553408]],[[-73.882101,40.605],[-73.882033,40.604954],[-73.882082,40.604491],[-73.881559,40.603649],[-73.881065,40.603312],[-73.880774,40.602793],[-73.88052,40.601466],[-73.880282,40.600972],[-73.879383,40.599954],[-73.879373,40.599522],[-73.879552,40.599222],[-73.879738,40.599151],[-73.879735,40.598843],[-73.879156,40.597052],[-73.878547,40.593657],[-73.878099,40.592114],[-73.87798,40.59091],[-73.877707,40.590262],[-73.877023,40.58767],[-73.877053,40.587022],[-73.877312,40.586744],[-73.877114,40.586179],[-73.876058,40.585417],[-73.876324,40.585077],[-73.876268,40.584182],[-73.876629,40.583194],[-73.876549,40.582762],[-73.876719,40.582176],[-73.877595,40.58091],[-73.878177,40.580694],[-73.878102,40.580614],[-73.8778,40.580664],[-73.877636,40.580293],[-73.87764,40.579799],[-73.877423,40.579552],[-73.877515,40.57938],[-73.877701,40.579359],[-73.877793,40.579226],[-73.878102,40.579284],[-73.878719,40.578971],[-73.879336,40.579128],[-73.879354,40.578966],[-73.879769,40.578931],[-73.879861,40.578802],[-73.880262,40.578684],[-73.880849,40.578086],[-73.881096,40.578048],[-73.881188,40.577844],[-73.881389,40.577855],[-73.881713,40.576978],[-73.882844,40.576219],[-73.882663,40.575972],[-73.882688,40.575571],[-73.882565,40.57554],[-73.882361,40.575691],[-73.882274,40.575633],[-73.882381,40.574985],[-73.882485,40.575365],[-73.882948,40.575433],[-73.883164,40.575689],[-73.883688,40.575698],[-73.883873,40.575916],[-73.884799,40.575794],[-73.885077,40.575565],[-73.885478,40.575429],[-73.885941,40.575475],[-73.885972,40.575602],[-73.885478,40.57578],[-73.885324,40.575968],[-73.886157,40.575981],[-73.886254,40.576034],[-73.88625,40.576331],[-73.886466,40.576386],[-73.886713,40.576281],[-73.886776,40.576034],[-73.886373,40.575941],[-73.886758,40.575664],[-73.88663,40.57554],[-73.886666,40.575139],[-73.887194,40.574707],[-73.887238,40.574522],[-73.886971,40.574244],[-73.887211,40.573781],[-73.886836,40.573786],[-73.885913,40.574059],[-73.886044,40.573812],[-73.885732,40.573534],[-73.886034,40.573261],[-73.886713,40.573419],[-73.88696,40.573259],[-73.887358,40.573472],[-73.887577,40.573466],[-73.887793,40.57327],[-73.889398,40.572638],[-73.893627,40.572119],[-73.89554,40.572037],[-73.896127,40.571866],[-73.897824,40.571016],[-73.899151,40.570826],[-73.89912,40.570571],[-73.89946,40.570371],[-73.901991,40.569751],[-73.90267,40.569358],[-73.904367,40.569131],[-73.905818,40.568742],[-73.906929,40.568569],[-73.909676,40.568455],[-73.91119,40.568534],[-73.910823,40.568843],[-73.908688,40.569842],[-73.907515,40.570176],[-73.906003,40.570404],[-73.905787,40.570549],[-73.905694,40.571095],[-73.90485,40.571343],[-73.90517,40.571511],[-73.905386,40.571395],[-73.905448,40.571231],[-73.905602,40.571233],[-73.905837,40.571373],[-73.90588,40.571609],[-73.90591,40.57143],[-73.906077,40.571435],[-73.906096,40.571843],[-73.906488,40.571929],[-73.905981,40.572454],[-73.906214,40.57267],[-73.906435,40.572715],[-73.907114,40.572555],[-73.907978,40.572125],[-73.908185,40.572207],[-73.908287,40.572585],[-73.908565,40.572648],[-73.908849,40.572454],[-73.908827,40.572114],[-73.909487,40.572052],[-73.909628,40.57162],[-73.909769,40.571513],[-73.912145,40.570711],[-73.913719,40.570387],[-73.916188,40.569339],[-73.917917,40.568958],[-73.921744,40.567099],[-73.923441,40.566443],[-73.928225,40.565021],[-73.930108,40.564688],[-73.932424,40.563935],[-73.932948,40.563932],[-73.933133,40.563755],[-73.933627,40.563731],[-73.935324,40.56282],[-73.936106,40.562269],[-73.937337,40.561281],[-73.937546,40.560975],[-73.939778,40.559306],[-73.941458,40.557793],[-73.942291,40.55662],[-73.943228,40.554707],[-73.943569,40.554552],[-73.943688,40.554303],[-73.944182,40.55408],[-73.943627,40.553204],[-73.94341,40.553272],[-73.942978,40.553927],[-73.942732,40.554336],[-73.942793,40.554525],[-73.942337,40.554799],[-73.941686,40.555571],[-73.941281,40.555748],[-73.940694,40.556304],[-73.939892,40.556848],[-73.93838,40.557547],[-73.93659,40.558654],[-73.935231,40.559317],[-73.931567,40.560725],[-73.930756,40.561328],[-73.929738,40.561756],[-73.928256,40.562059],[-73.927269,40.562095],[-73.926713,40.562352],[-73.925941,40.562368],[-73.923565,40.562865],[-73.922269,40.562925],[-73.921188,40.56322],[-73.919941,40.56375],[-73.918843,40.563885],[-73.915947,40.565231],[-73.915355,40.565831],[-73.914923,40.566014],[-73.913019,40.566188],[-73.912392,40.566468],[-73.91236,40.56625],[-73.912083,40.566156],[-73.910139,40.566232],[-73.904799,40.567295],[-73.904336,40.567509],[-73.903904,40.567483],[-73.903133,40.56788],[-73.902948,40.567379],[-73.902515,40.567492],[-73.902423,40.567375],[-73.902207,40.567518],[-73.902114,40.567362],[-73.902052,40.567576],[-73.901775,40.567602],[-73.901559,40.567844],[-73.901001,40.567793],[-73.901009,40.567978],[-73.901215,40.568225],[-73.901697,40.568318],[-73.901818,40.568565],[-73.901765,40.568657],[-73.901312,40.568809],[-73.900478,40.568723],[-73.89841,40.569306],[-73.897917,40.569151],[-73.897485,40.569169],[-73.897181,40.569028],[-73.89733,40.568846],[-73.898624,40.568318],[-73.898678,40.567639],[-73.898586,40.567145],[-73.898441,40.567099],[-73.897886,40.567196],[-73.896493,40.567824],[-73.896475,40.56804],[-73.896938,40.568534],[-73.896497,40.568878],[-73.895478,40.569066],[-73.895108,40.569245],[-73.894491,40.568896],[-73.893873,40.568929],[-73.891929,40.569734],[-73.889676,40.569846],[-73.887917,40.569807],[-73.886188,40.569118],[-73.885509,40.569158],[-73.884707,40.568946],[-73.883596,40.569064],[-73.882515,40.569037],[-73.879275,40.569491],[-73.879152,40.569552],[-73.879645,40.5699],[-73.880509,40.569633],[-73.881867,40.569617],[-73.882278,40.570231],[-73.88196,40.570346],[-73.880262,40.57046],[-73.879522,40.570082],[-73.879151,40.570269],[-73.87886,40.570571],[-73.877176,40.571498],[-73.876065,40.571903],[-73.875571,40.571917],[-73.874954,40.571558],[-73.87416,40.571713],[-73.87304,40.572271],[-73.872577,40.572332],[-73.87196,40.572632],[-73.871528,40.573051],[-73.871037,40.573225],[-73.870836,40.573565],[-73.87035,40.573657],[-73.869762,40.57409],[-73.869524,40.574552],[-73.869019,40.574985],[-73.869707,40.575205],[-73.869725,40.575293],[-73.869491,40.575386],[-73.869491,40.575669],[-73.868997,40.57586],[-73.867361,40.576132],[-73.867092,40.576065],[-73.867179,40.57588],[-73.866929,40.575851],[-73.865571,40.576488],[-73.865178,40.576559],[-73.865807,40.575633],[-73.86606,40.574769],[-73.865849,40.574715],[-73.86553,40.574892],[-73.865108,40.575576],[-73.864552,40.576028],[-73.863102,40.576753],[-73.862361,40.576996],[-73.861231,40.577731],[-73.861097,40.577917],[-73.86159,40.577973],[-73.863781,40.577301],[-73.865046,40.577721],[-73.866127,40.57746],[-73.866775,40.57707],[-73.867978,40.576678],[-73.868256,40.576711],[-73.868459,40.576929],[-73.86841,40.577802],[-73.86909,40.577481],[-73.869676,40.57779],[-73.870941,40.577197],[-73.87052,40.57696],[-73.870936,40.576466],[-73.873429,40.575046],[-73.87446,40.574661],[-73.875293,40.574459],[-73.875602,40.574598],[-73.876435,40.574324],[-73.876931,40.573966],[-73.878534,40.573562],[-73.878694,40.57341],[-73.881744,40.57278],[-73.88196,40.572751],[-73.881991,40.572888],[-73.882701,40.57289],[-73.883503,40.572856],[-73.884028,40.572709],[-73.883905,40.572855],[-73.882917,40.573153],[-73.88237,40.573657],[-73.881373,40.574008],[-73.880293,40.574268],[-73.879676,40.574115],[-73.879059,40.574501],[-73.878843,40.574392],[-73.878657,40.574516],[-73.878256,40.57449],[-73.878133,40.574617],[-73.877968,40.574583],[-73.877793,40.574826],[-73.877577,40.574859],[-73.877176,40.575148],[-73.876528,40.575206],[-73.876207,40.575355],[-73.876346,40.575633],[-73.876528,40.575725],[-73.876806,40.575446],[-73.877454,40.575441],[-73.877917,40.575309],[-73.87804,40.575065],[-73.87809,40.575262],[-73.878349,40.575401],[-73.878596,40.575403],[-73.878627,40.575288],[-73.878812,40.575418],[-73.87909,40.575155],[-73.879645,40.575343],[-73.880756,40.574935],[-73.881308,40.575108],[-73.880853,40.575509],[-73.880874,40.575725],[-73.880015,40.576861],[-73.87909,40.577126],[-73.878657,40.576996],[-73.877114,40.577384],[-73.876065,40.577811],[-73.874917,40.578565],[-73.874002,40.579799],[-73.873586,40.581065],[-73.873227,40.58162],[-73.873216,40.581867],[-73.873404,40.582114],[-73.873133,40.582882],[-73.872701,40.582813],[-73.872395,40.582392],[-73.872413,40.582083],[-73.872249,40.582022],[-73.872204,40.581867],[-73.871836,40.581828],[-73.871651,40.581677],[-73.871497,40.58172],[-73.871373,40.581602],[-73.871216,40.581651],[-73.871391,40.582207],[-73.871541,40.58412],[-73.871844,40.585787],[-73.872181,40.58696],[-73.872204,40.587886],[-73.872449,40.588472],[-73.872444,40.58875],[-73.872145,40.589031],[-73.871827,40.589028],[-73.871744,40.589233],[-73.871312,40.589129],[-73.870324,40.589282],[-73.870158,40.589429],[-73.87017,40.589834],[-73.86946,40.589984],[-73.869306,40.590304],[-73.868873,40.590243],[-73.86841,40.590446],[-73.868264,40.590694],[-73.868538,40.590849],[-73.868518,40.591003],[-73.867824,40.591315],[-73.867732,40.591466],[-73.867803,40.591682],[-73.867649,40.591836],[-73.868102,40.592655],[-73.868565,40.592491],[-73.869093,40.592485],[-73.86895,40.592145],[-73.869112,40.591713],[-73.868783,40.591219],[-73.86905,40.59088],[-73.868592,40.590725],[-73.869306,40.590473],[-73.869467,40.590633],[-73.869415,40.590849],[-73.869693,40.591312],[-73.869712,40.591806],[-73.869394,40.591929],[-73.8695,40.592176],[-73.869879,40.59233],[-73.86936,40.592423],[-73.869995,40.592731],[-73.869985,40.593019],[-73.869771,40.593133],[-73.870046,40.593206],[-73.870324,40.593508],[-73.870219,40.593873],[-73.870598,40.594275],[-73.870416,40.594491],[-73.870526,40.595015],[-73.870341,40.595293],[-73.870527,40.595849],[-73.87088,40.596398],[-73.871127,40.596178],[-73.871364,40.596219],[-73.871288,40.596651],[-73.871528,40.596745],[-73.871559,40.597029],[-73.871718,40.597207],[-73.871442,40.598102],[-73.87159,40.598226],[-73.871991,40.598243],[-73.872106,40.598503],[-73.871972,40.599182],[-73.872286,40.599583],[-73.872294,40.600478],[-73.872639,40.601805],[-73.873164,40.601976],[-73.873525,40.60233],[-73.874327,40.602361],[-73.874398,40.60207],[-73.874213,40.602159],[-73.873742,40.601867],[-73.873935,40.601617],[-73.874213,40.601669],[-73.874325,40.601559],[-73.874367,40.599702],[-73.874552,40.599529],[-73.874923,40.599447],[-73.875139,40.599003],[-73.875417,40.599179],[-73.875606,40.59912],[-73.875664,40.598731],[-73.875854,40.598688],[-73.875801,40.59909],[-73.876614,40.600262],[-73.876581,40.600509],[-73.877207,40.600949],[-73.877746,40.601682],[-73.877788,40.60267],[-73.878485,40.603812],[-73.878194,40.603903],[-73.87773,40.603318],[-73.877238,40.603265],[-73.877083,40.603104],[-73.876979,40.603194],[-73.877008,40.603472],[-73.877595,40.603873],[-73.878102,40.603999],[-73.878349,40.604176],[-73.878657,40.60416],[-73.879186,40.604861],[-73.879362,40.605]],[[-73.853287,40.553218],[-73.853226,40.553287],[-73.853228,40.553349],[-73.85341,40.553287],[-73.853287,40.553218]],[[-73.944119,40.552824],[-73.944225,40.552824],[-73.944246,40.552917],[-73.944123,40.552917],[-73.944119,40.552824]],[[-73.839591,40.552485],[-73.839676,40.552468],[-73.83972,40.552546],[-73.839614,40.55259],[-73.839591,40.552485]],[[-73.944912,40.551806],[-73.945109,40.551806],[-73.945108,40.551989],[-73.944923,40.551976],[-73.944912,40.551806]],[[-73.850091,40.551435],[-73.850201,40.551499],[-73.850208,40.55159],[-73.85014,40.551559],[-73.850091,40.551435]],[[-73.945478,40.550898],[-73.945431,40.551034],[-73.945509,40.551105],[-73.945575,40.551003],[-73.945478,40.550898]],[[-73.852859,40.550694],[-73.85298,40.550787],[-73.852978,40.550893],[-73.852905,40.550849],[-73.852859,40.550694]],[[-73.853953,40.550664],[-73.854028,40.550688],[-73.854028,40.550759],[-73.853966,40.55074],[-73.853953,40.550664]],[[-73.944769,40.550491],[-73.944486,40.551435],[-73.944588,40.551744],[-73.944275,40.552052],[-73.943856,40.55304],[-73.943877,40.553256],[-73.94412,40.553308],[-73.944182,40.553471],[-73.944522,40.553473],[-73.945151,40.552855],[-73.945262,40.552361],[-73.9452,40.552207],[-73.945405,40.551991],[-73.945317,40.551559],[-73.945406,40.551373],[-73.945226,40.550849],[-73.945046,40.550544],[-73.944769,40.550491]],[[-73.85502,40.550139],[-73.855077,40.550131],[-73.855141,40.550201],[-73.855046,40.550215],[-73.85502,40.550139]],[[-73.864984,40.54733],[-73.865139,40.547398],[-73.865139,40.547508],[-73.864981,40.547515],[-73.864984,40.54733]],[[-73.865633,40.547145],[-73.865756,40.547174],[-73.865787,40.547299],[-73.865633,40.547306],[-73.865633,40.547145]],[[-73.867315,40.546651],[-73.867423,40.546669],[-73.867477,40.546806],[-73.867323,40.546806],[-73.867315,40.546651]],[[-73.872157,40.544707],[-73.872454,40.54473],[-73.872546,40.545003],[-73.871898,40.545364],[-73.87163,40.545015],[-73.87161,40.544799],[-73.872157,40.544707]],[[-73.887886,40.54396],[-73.887622,40.54409],[-73.887634,40.544182],[-73.887824,40.544226],[-73.888089,40.54409],[-73.887886,40.54396]],[[-73.885139,40.543396],[-73.885027,40.543503],[-73.885077,40.543597],[-73.885239,40.543472],[-73.885139,40.543396]],[[-73.964552,40.540877],[-73.964552,40.540998],[-73.964614,40.541005],[-73.964643,40.54091],[-73.964552,40.540877]],[[-73.91947,40.539614],[-73.919564,40.539614],[-73.919586,40.539707],[-73.919491,40.53971],[-73.91947,40.539614]],[[-73.938674,40.537762],[-73.93875,40.537755],[-73.93881,40.537793],[-73.938688,40.537862],[-73.938674,40.537762]],[[-73.93875,40.536866],[-73.93857,40.537022],[-73.938838,40.537423],[-73.938812,40.537616],[-73.938287,40.537356],[-73.938282,40.537608],[-73.938102,40.537741],[-73.931991,40.538961],[-73.93054,40.539158],[-73.926775,40.540184],[-73.926293,40.540509],[-73.926836,40.54053],[-73.927238,40.540838],[-73.927948,40.540782],[-73.928935,40.541181],[-73.929738,40.541168],[-73.929923,40.541075],[-73.930201,40.541182],[-73.931096,40.541213],[-73.931435,40.541123],[-73.93162,40.541202],[-73.933287,40.5411],[-73.93662,40.540343],[-73.937639,40.539874],[-73.93821,40.539244],[-73.939028,40.538875],[-73.93909,40.538686],[-73.939433,40.53875],[-73.939453,40.538534],[-73.939182,40.538289],[-73.939213,40.538108],[-73.938982,40.537608],[-73.939182,40.537507],[-73.939367,40.537672],[-73.939896,40.53767],[-73.939676,40.537386],[-73.939367,40.537471],[-73.939168,40.537176],[-73.93875,40.536866]],[[-73.948904,40.536008],[-73.948863,40.536065],[-73.948873,40.536126],[-73.94896,40.536065],[-73.948904,40.536008]],[[-73.949151,40.535566],[-73.949172,40.53591],[-73.949512,40.535849],[-73.94946,40.535687],[-73.949151,40.535566]],[[-73.951466,40.535206],[-73.951469,40.535293],[-73.951599,40.535355],[-73.95159,40.535234],[-73.951466,40.535206]],[[-73.946018,40.535231],[-73.946188,40.53524],[-73.946233,40.535324],[-73.946157,40.535357],[-73.946018,40.535231]],[[-73.903855,40.535108],[-73.904059,40.535111],[-73.904246,40.535478],[-73.904213,40.535646],[-73.904006,40.535509],[-73.903855,40.535108]],[[-73.90452,40.535046],[-73.904739,40.535262],[-73.904707,40.535376],[-73.904583,40.535304],[-73.90452,40.535046]],[[-73.952145,40.535021],[-73.951806,40.535052],[-73.951665,40.53517],[-73.951787,40.535262],[-73.951744,40.535568],[-73.95196,40.53558],[-73.952211,40.535293],[-73.952145,40.535021]],[[-73.945324,40.535015],[-73.945108,40.535132],[-73.945111,40.535231],[-73.945633,40.535521],[-73.945972,40.535489],[-73.946219,40.535641],[-73.946593,40.535417],[-73.946343,40.535011],[-73.94591,40.53523],[-73.94554,40.535008],[-73.945324,40.535015]],[[-73.905664,40.534682],[-73.90562,40.534985],[-73.905725,40.53521],[-73.905941,40.535229],[-73.90601,40.535139],[-73.905664,40.534682]],[[-73.946003,40.534706],[-73.945944,40.534769],[-73.946088,40.534861],[-73.946065,40.534751],[-73.946003,40.534706]],[[-73.952176,40.534674],[-73.952151,40.534769],[-73.952207,40.534806],[-73.952263,40.534738],[-73.952176,40.534674]],[[-73.951651,40.534658],[-73.951595,40.534799],[-73.951775,40.534827],[-73.951763,40.534738],[-73.951651,40.534658]],[[-73.951065,40.534395],[-73.951096,40.534463],[-73.951172,40.534429],[-73.951157,40.53439],[-73.951065,40.534395]],[[-73.946744,40.534322],[-73.946767,40.534614],[-73.94625,40.534521],[-73.946126,40.534583],[-73.946528,40.534594],[-73.946929,40.535122],[-73.947269,40.535017],[-73.947468,40.535386],[-73.947793,40.535426],[-73.947917,40.53563],[-73.948534,40.535735],[-73.948884,40.535448],[-73.948911,40.535201],[-73.948657,40.535132],[-73.948318,40.534842],[-73.947546,40.534556],[-73.947392,40.534755],[-73.947238,40.534753],[-73.947153,40.534645],[-73.947221,40.534491],[-73.946744,40.534322]],[[-73.950324,40.533654],[-73.950208,40.533843],[-73.9505,40.533904],[-73.950509,40.533803],[-73.950324,40.533654]],[[-73.897634,40.533472],[-73.897729,40.533503],[-73.897762,40.533634],[-73.897639,40.533587],[-73.897634,40.533472]],[[-73.94909,40.533156],[-73.94909,40.533238],[-73.949151,40.533272],[-73.949178,40.533194],[-73.94909,40.533156]],[[-73.8978,40.533071],[-73.898318,40.533247],[-73.898441,40.533614],[-73.898194,40.533545],[-73.8978,40.533071]],[[-73.897793,40.532107],[-73.897742,40.532207],[-73.897824,40.532262],[-73.897874,40.532176],[-73.897793,40.532107]],[[-73.907917,40.531835],[-73.907339,40.532083],[-73.906466,40.532714],[-73.906034,40.532465],[-73.905667,40.532577],[-73.905108,40.532975],[-73.904769,40.53285],[-73.904841,40.533256],[-73.90524,40.533657],[-73.905262,40.534207],[-73.905725,40.534418],[-73.906867,40.533666],[-73.907299,40.533922],[-73.908009,40.533725],[-73.909199,40.532793],[-73.909209,40.53267],[-73.908425,40.532052],[-73.908102,40.531821],[-73.907917,40.531835]],[[-73.897114,40.53174],[-73.897269,40.532183],[-73.897448,40.532176],[-73.897431,40.532114],[-73.897114,40.53174]],[[-73.894417,40.530849],[-73.894707,40.531056],[-73.894676,40.531269],[-73.894522,40.531139],[-73.894417,40.530849]],[[-73.895045,40.530201],[-73.895799,40.531312],[-73.896188,40.532224],[-73.89597,40.532176],[-73.895633,40.531287],[-73.895293,40.53117],[-73.895102,40.53091],[-73.894875,40.530262],[-73.895045,40.530201]],[[-73.898071,40.530199],[-73.898022,40.530262],[-73.898164,40.530277],[-73.898164,40.530209],[-73.898071,40.530199]],[[-73.915571,40.529791],[-73.914614,40.530046],[-73.913657,40.530753],[-73.913194,40.530462],[-73.912737,40.530571],[-73.91159,40.531393],[-73.911096,40.531079],[-73.91091,40.531095],[-73.909788,40.53196],[-73.910941,40.532846],[-73.912114,40.532005],[-73.912692,40.53233],[-73.913194,40.532183],[-73.914151,40.531467],[-73.914614,40.531739],[-73.915535,40.531528],[-73.916696,40.530694],[-73.915571,40.529791]],[[-73.897914,40.529398],[-73.897948,40.529483],[-73.897855,40.529517],[-73.897843,40.52946],[-73.897914,40.529398]],[[-73.917423,40.529259],[-73.916343,40.530108],[-73.917454,40.530952],[-73.918566,40.530108],[-73.917423,40.529259]],[[-73.899275,40.528934],[-73.898966,40.529144],[-73.898935,40.529383],[-73.899275,40.529014],[-73.899275,40.528934]],[[-73.936653,40.527917],[-73.936898,40.527898],[-73.936969,40.52804],[-73.936898,40.528111],[-73.936653,40.527917]],[[-73.936065,40.527818],[-73.936107,40.527886],[-73.936202,40.527886],[-73.936188,40.527815],[-73.936065,40.527818]],[[-73.937793,40.527513],[-73.937731,40.527564],[-73.937731,40.527599],[-73.937826,40.527577],[-73.937793,40.527513]],[[-73.900607,40.527269],[-73.900694,40.527292],[-73.900694,40.527343],[-73.900602,40.527344],[-73.900607,40.527269]],[[-73.899952,40.527176],[-73.89999,40.527299],[-73.899892,40.52739],[-73.89984,40.52733],[-73.899952,40.527176]],[[-73.933906,40.526991],[-73.93397,40.526991],[-73.933972,40.527052],[-73.933862,40.527052],[-73.933906,40.526991]],[[-73.97,40.529751],[-73.969429,40.529929],[-73.968781,40.529833],[-73.968164,40.529598],[-73.96792,40.529429],[-73.967701,40.529059],[-73.967704,40.528781],[-73.96756,40.528688],[-73.967785,40.528318],[-73.96775,40.527639],[-73.966611,40.527022],[-73.965849,40.526952],[-73.965015,40.527369],[-73.964985,40.527641],[-73.964645,40.527695],[-73.964587,40.527855],[-73.964722,40.527948],[-73.964637,40.528071],[-73.964491,40.527997],[-73.964143,40.528102],[-73.964191,40.52841],[-73.96387,40.529059],[-73.963472,40.529583],[-73.962852,40.530046],[-73.962832,40.530231],[-73.962306,40.530664],[-73.961559,40.530851],[-73.960077,40.53147],[-73.958626,40.533102],[-73.958407,40.533565],[-73.958514,40.534799],[-73.958706,40.535108],[-73.958905,40.536003],[-73.95913,40.536497],[-73.959552,40.536894],[-73.959522,40.537097],[-73.960217,40.537793],[-73.960753,40.538133],[-73.960818,40.538336],[-73.960972,40.538397],[-73.961117,40.538318],[-73.961306,40.538657],[-73.961466,40.538638],[-73.961651,40.538881],[-73.962083,40.538879],[-73.962201,40.539182],[-73.963071,40.539437],[-73.963298,40.539799],[-73.963927,40.540262],[-73.96412,40.540601],[-73.964738,40.54073],[-73.964771,40.540972],[-73.964892,40.541041],[-73.96552,40.540694],[-73.965571,40.540434],[-73.965833,40.540231],[-73.965688,40.540015],[-73.965753,40.539799],[-73.966159,40.539614],[-73.966411,40.53912],[-73.966603,40.538966],[-73.966583,40.538812],[-73.966867,40.538798],[-73.967024,40.538534],[-73.966561,40.537886],[-73.966452,40.537454],[-73.966109,40.537238],[-73.966052,40.537022],[-73.965752,40.536836],[-73.965628,40.536559],[-73.96517,40.536232],[-73.965046,40.535982],[-73.964645,40.535976],[-73.964681,40.535725],[-73.965633,40.534637],[-73.966003,40.534472],[-73.966312,40.534508],[-73.967113,40.53412],[-73.967392,40.533804],[-73.967948,40.532616],[-73.968356,40.53267],[-73.969706,40.533935],[-73.97,40.534079]],[[-73.937948,40.526832],[-73.937799,40.526898],[-73.93779,40.526929],[-73.937948,40.526936],[-73.937948,40.526832]],[[-73.938071,40.526695],[-73.938031,40.526744],[-73.93804,40.526786],[-73.938119,40.526744],[-73.938071,40.526695]],[[-73.936024,40.526651],[-73.936164,40.526713],[-73.936065,40.526894],[-73.935967,40.526806],[-73.936024,40.526651]],[[-73.901512,40.526466],[-73.901593,40.526528],[-73.901371,40.526867],[-73.901167,40.526898],[-73.901193,40.526682],[-73.901512,40.526466]],[[-73.934103,40.526343],[-73.934244,40.526367],[-73.93426,40.526497],[-73.933997,40.526802],[-73.933873,40.526809],[-73.933812,40.52662],[-73.934103,40.526343]],[[-73.931414,40.526312],[-73.931499,40.526312],[-73.931512,40.526404],[-73.931418,40.526404],[-73.931414,40.526312]],[[-73.933562,40.526096],[-73.933627,40.526091],[-73.933659,40.526157],[-73.933565,40.526173],[-73.933562,40.526096]],[[-73.901907,40.526065],[-73.901998,40.526096],[-73.901855,40.526157],[-73.901847,40.526127],[-73.901907,40.526065]],[[-73.932668,40.525849],[-73.932759,40.525849],[-73.932762,40.525908],[-73.93267,40.525931],[-73.932668,40.525849]],[[-73.933561,40.525756],[-73.933724,40.525818],[-73.933627,40.525962],[-73.933516,40.52591],[-73.933561,40.525756]],[[-73.936902,40.525725],[-73.93697,40.525725],[-73.93696,40.525792],[-73.936868,40.525787],[-73.936902,40.525725]],[[-73.903596,40.525716],[-73.903596,40.525933],[-73.903781,40.525923],[-73.903879,40.525787],[-73.903596,40.525716]],[[-73.937344,40.525694],[-73.93767,40.525756],[-73.93765,40.525941],[-73.937485,40.526099],[-73.937251,40.525972],[-73.937344,40.525694]],[[-73.933736,40.52554],[-73.933904,40.525531],[-73.933941,40.525633],[-73.93375,40.525716],[-73.933736,40.52554]],[[-73.93484,40.525231],[-73.935003,40.525293],[-73.93482,40.526003],[-73.935042,40.526281],[-73.93514,40.52662],[-73.935046,40.526725],[-73.934668,40.526466],[-73.934775,40.526281],[-73.934672,40.526157],[-73.934686,40.525417],[-73.93484,40.525231]],[[-73.937563,40.52517],[-73.938009,40.525315],[-73.938028,40.525478],[-73.937392,40.525603],[-73.937409,40.525231],[-73.937563,40.52517]],[[-73.935923,40.525108],[-73.936188,40.525097],[-73.936321,40.525231],[-73.935972,40.525391],[-73.935873,40.525262],[-73.935923,40.525108]],[[-73.915972,40.525],[-73.915972,40.525078],[-73.916065,40.525082],[-73.916065,40.525]],[[-73.935332,40.525],[-73.935262,40.525148],[-73.935029,40.525]],[[-73.935872,40.525],[-73.93588,40.525026],[-73.935825,40.525]],[[-73.913448,40.525],[-73.913466,40.525015],[-73.913843,40.525095],[-73.914017,40.525]],[[-73.914254,40.525],[-73.914367,40.525298],[-73.914767,40.525]],[[-73.76,40.572589],[-73.76017,40.572547],[-73.760417,40.57282],[-73.760571,40.572657],[-73.760725,40.572712],[-73.760849,40.572623],[-73.761096,40.572786],[-73.761651,40.572865],[-73.761898,40.572867],[-73.762022,40.57275],[-73.762207,40.572943],[-73.762361,40.572801],[-73.762485,40.57309],[-73.762639,40.572887],[-73.762978,40.572924],[-73.763133,40.57307],[-73.763503,40.57295],[-73.763657,40.573059],[-73.763781,40.573004],[-73.763843,40.573143],[-73.763997,40.572956],[-73.764182,40.573071],[-73.764275,40.573307],[-73.764583,40.572968],[-73.764985,40.573695],[-73.765066,40.573349],[-73.764882,40.57304],[-73.764985,40.572996],[-73.765114,40.573102],[-73.765089,40.57341],[-73.765255,40.573627],[-73.765175,40.573873],[-73.765355,40.574016],[-73.765478,40.57386],[-73.765569,40.574151],[-73.765329,40.574336],[-73.765239,40.574583],[-73.765413,40.575324],[-73.765267,40.575941],[-73.765423,40.576343],[-73.765259,40.57733],[-73.765571,40.577512],[-73.765702,40.577855],[-73.76594,40.577978],[-73.766157,40.5784],[-73.767855,40.57908],[-73.769367,40.579188],[-73.771343,40.579495],[-73.772361,40.579469],[-73.773129,40.579151],[-73.773565,40.578654],[-73.774111,40.578318],[-73.775293,40.578019],[-73.775448,40.578115],[-73.775756,40.578057],[-73.776996,40.577577],[-73.77733,40.577253],[-73.777762,40.57723],[-73.777941,40.576898],[-73.778161,40.576836],[-73.778279,40.576343],[-73.778173,40.575972],[-73.77833,40.57588],[-73.778349,40.575671],[-73.778719,40.575657],[-73.77946,40.574822],[-73.779738,40.574751],[-73.780108,40.575019],[-73.780077,40.574592],[-73.780563,40.574552],[-73.780293,40.574647],[-73.780386,40.574814],[-73.780726,40.574676],[-73.780674,40.57412],[-73.781081,40.573843],[-73.781435,40.573875],[-73.781497,40.57407],[-73.782269,40.574026],[-73.782454,40.574056],[-73.782546,40.574208],[-73.782978,40.574171],[-73.783719,40.574836],[-73.783402,40.574306],[-73.783441,40.574161],[-73.784314,40.574213],[-73.784355,40.574306],[-73.78412,40.57458],[-73.786157,40.574226],[-73.786991,40.573942],[-73.787037,40.573843],[-73.786867,40.573588],[-73.787485,40.573287],[-73.787731,40.573257],[-73.788102,40.573468],[-73.788071,40.573153],[-73.788503,40.573171],[-73.789016,40.573349],[-73.789985,40.574184],[-73.789643,40.573688],[-73.78957,40.57338],[-73.789237,40.573225],[-73.78909,40.572535],[-73.78922,40.572639],[-73.789892,40.572728],[-73.790046,40.572936],[-73.790448,40.572804],[-73.791065,40.572859],[-73.791929,40.573585],[-73.791556,40.57267],[-73.791622,40.572207],[-73.791466,40.571806],[-73.791469,40.571435],[-73.79164,40.571343],[-73.79142,40.57125],[-73.791565,40.571034],[-73.791404,40.570967],[-73.791373,40.570661],[-73.791523,40.570787],[-73.791836,40.570765],[-73.792269,40.571138],[-73.792546,40.571238],[-73.792485,40.570979],[-73.792886,40.571166],[-73.793873,40.57102],[-73.793997,40.570909],[-73.794769,40.570798],[-73.797176,40.570137],[-73.797454,40.570246],[-73.797855,40.570196],[-73.798688,40.569932],[-73.800231,40.569731],[-73.800849,40.569743],[-73.80125,40.570016],[-73.80159,40.570021],[-73.801929,40.570209],[-73.801901,40.570015],[-73.802207,40.569925],[-73.802269,40.570119],[-73.802824,40.570123],[-73.803534,40.570644],[-73.803235,40.570139],[-73.803198,40.569861],[-73.803627,40.569703],[-73.804014,40.569923],[-73.803886,40.569522],[-73.803966,40.569424],[-73.804838,40.570262],[-73.804306,40.569148],[-73.805108,40.569572],[-73.805262,40.570012],[-73.805584,40.570231],[-73.80539,40.569429],[-73.805046,40.568626],[-73.80591,40.569487],[-73.805818,40.568986],[-73.806157,40.569263],[-73.806836,40.569335],[-73.807299,40.5699],[-73.807215,40.56946],[-73.806995,40.56909],[-73.80767,40.568945],[-73.808164,40.569438],[-73.807916,40.568596],[-73.808194,40.568739],[-73.80841,40.568671],[-73.808162,40.568441],[-73.80841,40.568376],[-73.809275,40.568433],[-73.809517,40.568812],[-73.809985,40.569138],[-73.809551,40.56838],[-73.809954,40.568183],[-73.810602,40.569068],[-73.810316,40.568102],[-73.810293,40.567479],[-73.811065,40.567734],[-73.811221,40.567701],[-73.811188,40.567528],[-73.811682,40.567722],[-73.812313,40.568472],[-73.811466,40.566623],[-73.811424,40.566312],[-73.811528,40.566164],[-73.81236,40.566497],[-73.812392,40.566679],[-73.813169,40.567022],[-73.813719,40.567015],[-73.813781,40.566823],[-73.81409,40.566932],[-73.814676,40.56666],[-73.815108,40.566633],[-73.815849,40.56725],[-73.815859,40.566836],[-73.815542,40.566373],[-73.815853,40.565664],[-73.815439,40.565633],[-73.815605,40.565201],[-73.81613,40.564769],[-73.815972,40.564536],[-73.815448,40.564754],[-73.815307,40.564676],[-73.815324,40.563987],[-73.81554,40.564384],[-73.815633,40.564385],[-73.815571,40.563838],[-73.815849,40.563865],[-73.816249,40.564306],[-73.816499,40.564892],[-73.816606,40.565509],[-73.817068,40.565818],[-73.817234,40.566065],[-73.817608,40.566141],[-73.817939,40.566435],[-73.817693,40.566651],[-73.817793,40.566778],[-73.818243,40.566651],[-73.818185,40.56625],[-73.817955,40.566096],[-73.818071,40.565967],[-73.819059,40.566273],[-73.819078,40.565818],[-73.818935,40.565665],[-73.819038,40.565725],[-73.819378,40.566157],[-73.819557,40.566559],[-73.819654,40.56659],[-73.819549,40.566157],[-73.819638,40.565694],[-73.819497,40.565571],[-73.819522,40.565375],[-73.819954,40.565399],[-73.819871,40.565664],[-73.820262,40.565619],[-73.820588,40.565941],[-73.820064,40.564769],[-73.820849,40.564442],[-73.820849,40.564054],[-73.820941,40.563978],[-73.821096,40.564045],[-73.821281,40.563788],[-73.821651,40.563812],[-73.821744,40.563924],[-73.821836,40.563801],[-73.822036,40.563873],[-73.822762,40.564571],[-73.823812,40.5659],[-73.824151,40.565976],[-73.824028,40.56554],[-73.824738,40.565993],[-73.82409,40.565033],[-73.824031,40.564707],[-73.823597,40.564213],[-73.823383,40.563441],[-73.823485,40.563287],[-73.824552,40.56343],[-73.825725,40.563091],[-73.825972,40.563388],[-73.826186,40.563225],[-73.82598,40.563164],[-73.826003,40.562928],[-73.827762,40.562633],[-73.827948,40.562682],[-73.828009,40.562587],[-73.828781,40.562657],[-73.828904,40.562445],[-73.829861,40.56233],[-73.830849,40.561758],[-73.831292,40.561312],[-73.831441,40.561096],[-73.831409,40.560633],[-73.831522,40.560509],[-73.831744,40.560482],[-73.83233,40.560711],[-73.833133,40.561404],[-73.833186,40.561559],[-73.834033,40.562238],[-73.834429,40.562421],[-73.834387,40.562207],[-73.834557,40.562176],[-73.834391,40.561867],[-73.834738,40.561975],[-73.834776,40.561713],[-73.834908,40.561651],[-73.834738,40.561404],[-73.835046,40.561332],[-73.83513,40.561157],[-73.835007,40.560941],[-73.835262,40.560883],[-73.835647,40.561096],[-73.835355,40.560604],[-73.835725,40.560805],[-73.835716,40.560602],[-73.83588,40.560625],[-73.836343,40.560882],[-73.836651,40.560863],[-73.836559,40.560556],[-73.836867,40.560756],[-73.836929,40.560616],[-73.837052,40.560681],[-73.837423,40.560561],[-73.83875,40.56135],[-73.838463,40.560941],[-73.838318,40.56018],[-73.838103,40.560077],[-73.838119,40.559799],[-73.837848,40.559676],[-73.837731,40.559219],[-73.837546,40.55912],[-73.837557,40.558904],[-73.837302,40.558688],[-73.837228,40.558287],[-73.836926,40.558194],[-73.836986,40.557978],[-73.837486,40.55804],[-73.837423,40.558194],[-73.837909,40.55841],[-73.839306,40.55963],[-73.838451,40.558318],[-73.838463,40.558164],[-73.838147,40.557762],[-73.838164,40.557631],[-73.838812,40.558101],[-73.839151,40.558047],[-73.839954,40.558441],[-73.841281,40.559378],[-73.840787,40.558735],[-73.840602,40.558194],[-73.840292,40.557793],[-73.840423,40.55767],[-73.840097,40.557269],[-73.840449,40.557423],[-73.840392,40.556929],[-73.840602,40.556873],[-73.841466,40.557443],[-73.84088,40.556594],[-73.84196,40.557371],[-73.842046,40.557269],[-73.841867,40.556828],[-73.842608,40.557323],[-73.842701,40.557145],[-73.843101,40.557238],[-73.843838,40.557824],[-73.843916,40.558287],[-73.844356,40.558904],[-73.844861,40.559137],[-73.845478,40.559054],[-73.846497,40.558318],[-73.84666,40.557917],[-73.844923,40.55636],[-73.844429,40.556051],[-73.844879,40.556713],[-73.844614,40.556612],[-73.844055,40.556096],[-73.843949,40.555725],[-73.844151,40.555913],[-73.844398,40.55593],[-73.844276,40.555633],[-73.844367,40.55557],[-73.844738,40.55549],[-73.84483,40.555645],[-73.845386,40.555448],[-73.84552,40.555509],[-73.846016,40.555201],[-73.845752,40.555201],[-73.845804,40.555139],[-73.847052,40.554654],[-73.851682,40.553371],[-73.852114,40.553423],[-73.851953,40.553349],[-73.854923,40.552124],[-73.859738,40.55065],[-73.859954,40.550492],[-73.860509,40.550395],[-73.861682,40.549884],[-73.868318,40.547917],[-73.87125,40.546899],[-73.87233,40.546621],[-73.873349,40.546555],[-73.877207,40.545062],[-73.88159,40.543806],[-73.884275,40.543331],[-73.885818,40.54321],[-73.885972,40.543386],[-73.889645,40.542825],[-73.89088,40.542861],[-73.891373,40.542749],[-73.893009,40.542866],[-73.892917,40.543013],[-73.894491,40.54289],[-73.894954,40.542995],[-73.89591,40.542947],[-73.896435,40.543149],[-73.898997,40.542808],[-73.901127,40.542778],[-73.903472,40.542547],[-73.904892,40.542541],[-73.906188,40.54236],[-73.908843,40.54234],[-73.910849,40.542053],[-73.912793,40.541922],[-73.915571,40.541127],[-73.918256,40.540618],[-73.91946,40.540219],[-73.920121,40.539769],[-73.919892,40.539592],[-73.919668,40.539645],[-73.919839,40.539306],[-73.91946,40.539201],[-73.919182,40.539264],[-73.919183,40.539059],[-73.918997,40.538985],[-73.91841,40.53898],[-73.918364,40.538781],[-73.918145,40.538627],[-73.917731,40.53861],[-73.916775,40.538258],[-73.915787,40.538135],[-73.915201,40.537756],[-73.914638,40.537731],[-73.913997,40.537511],[-73.912978,40.537371],[-73.912855,40.537244],[-73.912299,40.537207],[-73.911775,40.536964],[-73.91091,40.536898],[-73.910571,40.536616],[-73.910102,40.536559],[-73.909713,40.536343],[-73.907978,40.536302],[-73.907485,40.536227],[-73.907269,40.536074],[-73.906559,40.535995],[-73.90625,40.535708],[-73.904923,40.535689],[-73.905418,40.535324],[-73.904861,40.534738],[-73.904707,40.534789],[-73.904621,40.534707],[-73.904892,40.534536],[-73.905077,40.534664],[-73.905024,40.534336],[-73.90446,40.534073],[-73.903812,40.534013],[-73.90341,40.533705],[-73.902898,40.533904],[-73.903688,40.534741],[-73.90233,40.53444],[-73.901234,40.533873],[-73.900386,40.533956],[-73.900139,40.53381],[-73.900106,40.534059],[-73.899861,40.534141],[-73.899151,40.53365],[-73.898873,40.533586],[-73.898287,40.532728],[-73.897701,40.532495],[-73.897269,40.532792],[-73.896929,40.532391],[-73.896836,40.532481],[-73.89646,40.532207],[-73.895694,40.530168],[-73.896065,40.530323],[-73.896497,40.529985],[-73.896806,40.53017],[-73.897052,40.530118],[-73.89733,40.530249],[-73.898472,40.529924],[-73.898541,40.529614],[-73.898318,40.52975],[-73.898222,40.529614],[-73.898734,40.529028],[-73.896991,40.529336],[-73.898225,40.528959],[-73.898362,40.528781],[-73.898604,40.528812],[-73.898781,40.528627],[-73.899087,40.528657],[-73.899038,40.528534],[-73.89946,40.528328],[-73.899467,40.528225],[-73.899028,40.528401],[-73.898657,40.528454],[-73.898616,40.52838],[-73.899995,40.527824],[-73.900478,40.527411],[-73.900694,40.527566],[-73.900818,40.527526],[-73.901569,40.526867],[-73.902454,40.526557],[-73.902515,40.526298],[-73.90304,40.526261],[-73.903125,40.526096],[-73.902818,40.525849],[-73.903256,40.525503],[-73.903256,40.525271],[-73.903843,40.525344],[-73.905139,40.525102],[-73.905571,40.525259],[-73.906281,40.525276],[-73.906528,40.525189],[-73.906528,40.525]],[[-73.906833,40.525],[-73.906997,40.525139],[-73.907608,40.525269],[-73.908064,40.525]],[[-73.908779,40.525],[-73.908828,40.525046],[-73.909522,40.525278],[-73.91,40.525]],[[-73.921016,40.525],[-73.920972,40.525051],[-73.921744,40.525104],[-73.922149,40.525]],[[-73.922487,40.525],[-73.92267,40.525201],[-73.922743,40.525]],[[-73.924235,40.525],[-73.925386,40.525705],[-73.925524,40.525849],[-73.925343,40.526003],[-73.925694,40.526202],[-73.926034,40.526076],[-73.926435,40.526357],[-73.926744,40.52625],[-73.927485,40.526487],[-73.927851,40.526404],[-73.928318,40.526599],[-73.928596,40.526497],[-73.929398,40.526722],[-73.92983,40.526701],[-73.930231,40.526928],[-73.930478,40.526787],[-73.930936,40.526929],[-73.931219,40.52721],[-73.931528,40.527041],[-73.932176,40.527359],[-73.932515,40.527211],[-73.933472,40.527132],[-73.93375,40.527275],[-73.933935,40.527554],[-73.934182,40.527416],[-73.935201,40.527481],[-73.935509,40.527888],[-73.935756,40.527933],[-73.93592,40.527855],[-73.935633,40.527737],[-73.935626,40.527639],[-73.936065,40.527526],[-73.936096,40.52753],[-73.936211,40.527608],[-73.93625,40.527618],[-73.936281,40.527639],[-73.936281,40.527639],[-73.93619,40.527485],[-73.936281,40.527368],[-73.936396,40.527515],[-73.936321,40.527639],[-73.936574,40.527824],[-73.936385,40.527948],[-73.936435,40.5281],[-73.936929,40.528373],[-73.937157,40.527546],[-73.937167,40.52696],[-73.938291,40.526127],[-73.93804,40.525901],[-73.937855,40.525982],[-73.93777,40.525756],[-73.937948,40.525625],[-73.938226,40.525664],[-73.938318,40.525]]]}},
{"type":"Feature","properties":{"depthFt":40},"geometry":{"type":"MultiLineString","coordinates":[[[-73.786867,40.604705],[-73.78681,40.604769],[-73.786836,40.604817],[-73.786963,40.604738],[-73.786867,40.604705]],[[-73.788095,40.605],[-73.788029,40.604738],[-73.787454,40.60461],[-73.78733,40.604739],[-73.787688,40.605]],[[-73.881682,40.605],[-73.881559,40.604723],[-73.881312,40.604547],[-73.880874,40.605]],[[-73.793009,40.604367],[-73.792875,40.604429],[-73.792872,40.604552],[-73.7931,40.60446],[-73.793009,40.604367]],[[-73.793349,40.603282],[-73.793239,40.603349],[-73.793302,40.603472],[-73.793612,40.603503],[-73.793582,40.603349],[-73.793349,40.603282]],[[-73.773102,40.602911],[-73.772802,40.603194],[-73.77304,40.603394],[-73.773479,40.603102],[-73.773102,40.602911]],[[-73.908225,40.602726],[-73.906003,40.603271],[-73.905787,40.603187],[-73.90412,40.603356],[-73.903886,40.603627],[-73.903837,40.603904],[-73.903977,40.604182],[-73.904244,40.604273],[-73.904707,40.604014],[-73.905231,40.604141],[-73.905633,40.603869],[-73.905972,40.604359],[-73.90659,40.604394],[-73.90696,40.604157],[-73.90733,40.60457],[-73.90767,40.604669],[-73.907901,40.603812],[-73.907844,40.603534],[-73.908009,40.603415],[-73.908318,40.603451],[-73.908472,40.60326],[-73.908784,40.603133],[-73.908719,40.602855],[-73.908225,40.602726]],[[-73.791343,40.605],[-73.792322,40.603904],[-73.792379,40.603565],[-73.792286,40.60341],[-73.791929,40.603127],[-73.79159,40.603108],[-73.791157,40.602898],[-73.79091,40.602512],[-73.790725,40.602549],[-73.790354,40.602793],[-73.790203,40.603256],[-73.78983,40.603255],[-73.789244,40.603563],[-73.789059,40.603859],[-73.788735,40.603966],[-73.788546,40.604182],[-73.788657,40.604436],[-73.788904,40.604503],[-73.789583,40.604098],[-73.79017,40.60407],[-73.790298,40.604429],[-73.790166,40.604707],[-73.789649,40.605]],[[-73.786775,40.605],[-73.786776,40.604985],[-73.786343,40.604945],[-73.786255,40.604583],[-73.786065,40.604569],[-73.785898,40.604738],[-73.785805,40.605]],[[-73.796435,40.601959],[-73.795636,40.602176],[-73.795804,40.602515],[-73.795756,40.602777],[-73.795182,40.603071],[-73.795193,40.60338],[-73.794938,40.603688],[-73.794801,40.603688],[-73.794754,40.603503],[-73.794599,40.60341],[-73.794166,40.603503],[-73.794194,40.603843],[-73.794079,40.60412],[-73.794367,40.604472],[-73.794645,40.604516],[-73.79517,40.604288],[-73.795293,40.603958],[-73.795756,40.603922],[-73.796196,40.603472],[-73.796141,40.603194],[-73.796219,40.60311],[-73.796836,40.602963],[-73.797762,40.603032],[-73.797978,40.602925],[-73.79906,40.602855],[-73.799237,40.602731],[-73.799456,40.602207],[-73.799336,40.602033],[-73.799059,40.602139],[-73.797022,40.602176],[-73.796435,40.601959]],[[-73.772238,40.601307],[-73.771854,40.60159],[-73.77196,40.602034],[-73.772948,40.602652],[-73.773471,40.602608],[-73.773503,40.601941],[-73.772978,40.601958],[-73.772485,40.601367],[-73.772238,40.601307]],[[-73.79659,40.600344],[-73.796506,40.600417],[-73.796474,40.60054],[-73.796672,40.600448],[-73.79659,40.600344]],[[-73.772639,40.60023],[-73.772495,40.600448],[-73.772886,40.60059],[-73.772763,40.600262],[-73.772639,40.60023]],[[-73.772855,40.599489],[-73.772643,40.599583],[-73.77267,40.599743],[-73.772978,40.599628],[-73.772855,40.599489]],[[-73.780262,40.598217],[-73.779954,40.598297],[-73.779738,40.59852],[-73.77946,40.598484],[-73.778966,40.598854],[-73.778451,40.598935],[-73.777954,40.59946],[-73.77786,40.599799],[-73.77912,40.599874],[-73.779913,40.599769],[-73.78017,40.599111],[-73.780324,40.599255],[-73.780725,40.599165],[-73.781018,40.598997],[-73.781159,40.598719],[-73.781103,40.598534],[-73.780814,40.598349],[-73.780262,40.598217]],[[-73.807978,40.595612],[-73.807701,40.595925],[-73.807767,40.596034],[-73.80767,40.596332],[-73.808092,40.596003],[-73.808111,40.595787],[-73.807978,40.595612]],[[-73.931096,40.59343],[-73.930869,40.593719],[-73.930917,40.593966],[-73.931188,40.593939],[-73.931312,40.59405],[-73.931547,40.593935],[-73.931528,40.593646],[-73.931096,40.59343]],[[-73.931034,40.593033],[-73.931011,40.59304],[-73.930958,40.593071],[-73.93111,40.59304],[-73.931034,40.593033]],[[-73.875417,40.592025],[-73.875355,40.592678],[-73.875616,40.593194],[-73.875492,40.593657],[-73.875765,40.593873],[-73.875849,40.594496],[-73.87625,40.594899],[-73.876094,40.594059],[-73.875767,40.593318],[-73.8757,40.59267],[-73.875417,40.592025]],[[-73.873997,40.590751],[-73.873963,40.590818],[-73.874059,40.590846],[-73.87409,40.590783],[-73.873997,40.590751]],[[-73.816312,40.590656],[-73.81576,40.591127],[-73.815725,40.591437],[-73.816003,40.591392],[-73.816312,40.591151],[-73.816515,40.590756],[-73.816312,40.590656]],[[-73.873719,40.58986],[-73.873679,40.590262],[-73.873781,40.590335],[-73.873945,40.590046],[-73.873719,40.58986]],[[-73.874331,40.588596],[-73.874579,40.588688],[-73.874562,40.588935],[-73.87431,40.588873],[-73.874331,40.588596]],[[-73.872701,40.588565],[-73.872762,40.588741],[-73.87295,40.58875],[-73.872886,40.58861],[-73.872701,40.588565]],[[-73.875139,40.588309],[-73.87507,40.588441],[-73.875139,40.588556],[-73.875188,40.588472],[-73.875139,40.588309]],[[-73.873285,40.587917],[-73.873467,40.58804],[-73.873441,40.588305],[-73.873247,40.588102],[-73.873285,40.587917]],[[-73.87517,40.587668],[-73.875079,40.587793],[-73.875139,40.588249],[-73.87538,40.587978],[-73.875355,40.587724],[-73.87517,40.587668]],[[-73.928349,40.587417],[-73.928274,40.587485],[-73.928375,40.587731],[-73.928703,40.587855],[-73.928634,40.588071],[-73.928769,40.588349],[-73.929182,40.588488],[-73.929773,40.588904],[-73.929687,40.58841],[-73.929398,40.588331],[-73.928712,40.587515],[-73.928349,40.587417]],[[-73.873311,40.586404],[-73.873515,40.586466],[-73.87341,40.586663],[-73.87304,40.586647],[-73.872978,40.586496],[-73.873311,40.586404]],[[-73.827978,40.586373],[-73.827359,40.58662],[-73.825509,40.587684],[-73.825262,40.587886],[-73.825274,40.588071],[-73.825941,40.588306],[-73.827515,40.587703],[-73.828404,40.586991],[-73.828286,40.586466],[-73.827978,40.586373]],[[-73.831559,40.584792],[-73.830912,40.585108],[-73.83091,40.585405],[-73.831065,40.585473],[-73.831435,40.585311],[-73.831497,40.585186],[-73.831744,40.58514],[-73.831806,40.584972],[-73.832051,40.584892],[-73.831559,40.584792]],[[-73.873009,40.584628],[-73.872785,40.584923],[-73.873256,40.58496],[-73.873154,40.584738],[-73.873009,40.584628]],[[-73.832546,40.584613],[-73.832423,40.584645],[-73.832291,40.584738],[-73.832679,40.584676],[-73.832546,40.584613]],[[-73.834213,40.58415],[-73.834154,40.584244],[-73.834306,40.584353],[-73.834496,40.584275],[-73.83446,40.584176],[-73.834213,40.58415]],[[-73.838164,40.583776],[-73.838037,40.583904],[-73.838247,40.584151],[-73.838503,40.584167],[-73.838723,40.584028],[-73.838596,40.583811],[-73.838164,40.583776]],[[-73.836836,40.583656],[-73.835972,40.583693],[-73.835861,40.583843],[-73.836219,40.584257],[-73.836669,40.584306],[-73.837349,40.583904],[-73.837204,40.583719],[-73.836836,40.583656]],[[-73.876517,40.581219],[-73.876593,40.581281],[-73.876373,40.58152],[-73.876323,40.581435],[-73.876517,40.581219]],[[-73.875694,40.580447],[-73.874983,40.580787],[-73.874366,40.581744],[-73.874132,40.582639],[-73.87359,40.58375],[-73.873597,40.583873],[-73.873802,40.583935],[-73.87403,40.584429],[-73.873734,40.584892],[-73.873436,40.585046],[-73.873441,40.585198],[-73.873133,40.585089],[-73.872964,40.585231],[-73.872978,40.58536],[-73.8735,40.585509],[-73.873484,40.585725],[-73.87302,40.585818],[-73.872942,40.586435],[-73.872604,40.586806],[-73.872822,40.586898],[-73.872541,40.587083],[-73.87266,40.587392],[-73.872538,40.58767],[-73.873042,40.587855],[-73.872893,40.588071],[-73.872962,40.588441],[-73.873183,40.588627],[-73.873194,40.588822],[-73.873503,40.588639],[-73.873636,40.589059],[-73.873493,40.589367],[-73.873657,40.589425],[-73.873812,40.589671],[-73.874283,40.589707],[-73.874336,40.589071],[-73.874476,40.589151],[-73.874583,40.58946],[-73.874573,40.589213],[-73.874827,40.589213],[-73.874787,40.588843],[-73.874398,40.588181],[-73.874151,40.588268],[-73.873966,40.588202],[-73.873775,40.587793],[-73.873596,40.587644],[-73.873293,40.587608],[-73.873088,40.587392],[-73.873102,40.587274],[-73.873472,40.587326],[-73.873418,40.586991],[-73.873843,40.586841],[-73.874244,40.587282],[-73.874676,40.587447],[-73.875015,40.587337],[-73.875324,40.587414],[-73.875387,40.58696],[-73.875136,40.586806],[-73.874942,40.586404],[-73.874984,40.586096],[-73.875139,40.585952],[-73.875388,40.586034],[-73.875941,40.586575],[-73.876651,40.586887],[-73.877172,40.58662],[-73.877083,40.586355],[-73.876651,40.586237],[-73.876006,40.585448],[-73.876188,40.585077],[-73.87617,40.583472],[-73.875954,40.582793],[-73.876022,40.582299],[-73.87669,40.581343],[-73.876209,40.580633],[-73.875694,40.580447]],[[-73.866096,40.57665],[-73.865077,40.576898],[-73.865015,40.576999],[-73.86527,40.577083],[-73.865095,40.577361],[-73.866343,40.577058],[-73.86667,40.576775],[-73.866559,40.576658],[-73.866096,40.57665]],[[-73.87088,40.575721],[-73.869892,40.575995],[-73.869735,40.576127],[-73.869957,40.576281],[-73.870355,40.576225],[-73.870972,40.575943],[-73.871068,40.575756],[-73.87088,40.575721]],[[-73.769985,40.57501],[-73.769944,40.575077],[-73.769985,40.575167],[-73.770035,40.575077],[-73.769985,40.57501]],[[-73.768071,40.574918],[-73.768016,40.574985],[-73.768193,40.574954],[-73.768164,40.57492],[-73.768071,40.574918]],[[-73.769398,40.574854],[-73.769165,40.575046],[-73.769213,40.575145],[-73.769467,40.575077],[-73.769398,40.574854]],[[-73.768873,40.574844],[-73.768628,40.575015],[-73.768719,40.575183],[-73.769085,40.575046],[-73.769029,40.574861],[-73.768873,40.574844]],[[-73.886065,40.574179],[-73.885324,40.574331],[-73.885107,40.574244],[-73.884553,40.574676],[-73.885201,40.574863],[-73.885571,40.574817],[-73.886036,40.574645],[-73.886248,40.574398],[-73.88627,40.574213],[-73.886065,40.574179]],[[-73.771127,40.574113],[-73.771088,40.574182],[-73.771127,40.57423],[-73.771173,40.574151],[-73.771127,40.574113]],[[-73.769583,40.574011],[-73.769547,40.57409],[-73.769583,40.57424],[-73.769729,40.57409],[-73.769583,40.574011]],[[-73.770633,40.573994],[-73.770535,40.57409],[-73.770518,40.57412],[-73.770602,40.574136],[-73.770633,40.573994]],[[-73.883904,40.572973],[-73.883448,40.573133],[-73.883076,40.573472],[-73.883349,40.573527],[-73.884172,40.573349],[-73.884167,40.573071],[-73.883904,40.572973]],[[-73.884306,40.572849],[-73.884252,40.573009],[-73.884572,40.573133],[-73.884921,40.572978],[-73.884306,40.572849]],[[-73.876523,40.572577],[-73.876744,40.572569],[-73.876806,40.572639],[-73.876537,40.57267],[-73.876523,40.572577]],[[-73.877639,40.571805],[-73.876744,40.572128],[-73.876157,40.57267],[-73.875448,40.573018],[-73.875451,40.573194],[-73.875678,40.573472],[-73.875527,40.573997],[-73.876037,40.573904],[-73.877608,40.572005],[-73.877639,40.571805]],[[-73.883565,40.571281],[-73.883719,40.571279],[-73.883811,40.571373],[-73.883503,40.571461],[-73.883455,40.571373],[-73.883565,40.571281]],[[-73.909367,40.570625],[-73.909312,40.570694],[-73.909465,40.570694],[-73.90946,40.570629],[-73.909367,40.570625]],[[-73.910664,40.570386],[-73.910697,40.570448],[-73.910776,40.570448],[-73.910725,40.570379],[-73.910664,40.570386]],[[-73.91162,40.569905],[-73.911628,40.570108],[-73.911869,40.570201],[-73.911744,40.569946],[-73.91162,40.569905]],[[-73.911991,40.569861],[-73.911924,40.569954],[-73.912145,40.570058],[-73.912145,40.569892],[-73.911991,40.569861]],[[-73.911127,40.569799],[-73.910965,40.569923],[-73.911373,40.570217],[-73.911308,40.569861],[-73.911127,40.569799]],[[-73.912454,40.569768],[-73.912454,40.569842],[-73.91258,40.569861],[-73.912546,40.569779],[-73.912454,40.569768]],[[-73.913596,40.569487],[-73.913624,40.569552],[-73.913709,40.569552],[-73.913688,40.569478],[-73.913596,40.569487]],[[-73.893812,40.569208],[-73.892485,40.569933],[-73.890941,40.570111],[-73.887608,40.57021],[-73.885571,40.570608],[-73.884842,40.570972],[-73.885089,40.571188],[-73.884984,40.571466],[-73.88554,40.571776],[-73.887176,40.572236],[-73.892392,40.57189],[-73.894897,40.571127],[-73.894598,40.570818],[-73.894996,40.570694],[-73.894892,40.570386],[-73.895566,40.570231],[-73.895262,40.569979],[-73.894059,40.569761],[-73.894007,40.569645],[-73.894155,40.569244],[-73.893812,40.569208]],[[-73.882639,40.569212],[-73.882291,40.569429],[-73.882749,40.569769],[-73.882518,40.569923],[-73.882781,40.570262],[-73.882613,40.570355],[-73.882725,40.57054],[-73.882613,40.571003],[-73.88281,40.571373],[-73.882458,40.57162],[-73.8824,40.571867],[-73.882485,40.571923],[-73.883627,40.571702],[-73.883877,40.571559],[-73.884033,40.57125],[-73.883579,40.570694],[-73.883256,40.570478],[-73.883225,40.570322],[-73.882991,40.570262],[-73.883102,40.57017],[-73.883214,40.569614],[-73.882883,40.569275],[-73.882639,40.569212]],[[-73.917639,40.568251],[-73.9176,40.568349],[-73.917701,40.56838],[-73.917734,40.568256],[-73.917639,40.568251]],[[-73.918009,40.56803],[-73.917949,40.568102],[-73.918071,40.568194],[-73.918147,40.568071],[-73.918009,40.56803]],[[-73.898071,40.56736],[-73.896931,40.567731],[-73.896719,40.567978],[-73.896907,40.568164],[-73.897299,40.568265],[-73.897978,40.568174],[-73.898378,40.567855],[-73.898318,40.5676],[-73.898071,40.56736]],[[-73.911528,40.566433],[-73.910077,40.566531],[-73.908997,40.566776],[-73.908344,40.567083],[-73.907844,40.567577],[-73.907935,40.567731],[-73.908441,40.567918],[-73.909552,40.567876],[-73.909954,40.567519],[-73.910417,40.567366],[-73.910694,40.567491],[-73.911003,40.567299],[-73.911601,40.56662],[-73.911528,40.566433]],[[-73.917105,40.566312],[-73.917271,40.566312],[-73.91734,40.566404],[-73.917145,40.566388],[-73.917105,40.566312]],[[-73.762608,40.565853],[-73.762534,40.565941],[-73.762546,40.565982],[-73.762641,40.565941],[-73.762608,40.565853]],[[-73.766305,40.564954],[-73.766391,40.565015],[-73.766343,40.565139],[-73.766259,40.565077],[-73.766305,40.564954]],[[-73.761002,40.564892],[-73.761127,40.565017],[-73.761281,40.564894],[-73.761452,40.565231],[-73.761065,40.565283],[-73.761002,40.564892]],[[-73.762538,40.564676],[-73.76262,40.564799],[-73.762515,40.565074],[-73.762454,40.56483],[-73.762538,40.564676]],[[-73.771566,40.563194],[-73.771618,40.563194],[-73.771559,40.563301],[-73.771541,40.563256],[-73.771566,40.563194]],[[-73.931682,40.563194],[-73.931651,40.563263],[-73.931761,40.563256],[-73.931753,40.563194],[-73.931682,40.563194]],[[-73.777269,40.562776],[-73.777276,40.562948],[-73.77733,40.562978],[-73.777383,40.562855],[-73.777269,40.562776]],[[-73.774151,40.562724],[-73.774122,40.563287],[-73.774182,40.563637],[-73.774289,40.562855],[-73.774151,40.562724]],[[-73.926908,40.562701],[-73.927024,40.562731],[-73.926836,40.562836],[-73.926836,40.56277],[-73.926908,40.562701]],[[-73.934306,40.562268],[-73.934016,40.562361],[-73.933966,40.562537],[-73.933728,40.56267],[-73.933712,40.562886],[-73.933853,40.562855],[-73.933843,40.562707],[-73.934059,40.56283],[-73.934367,40.562577],[-73.934427,40.562454],[-73.934306,40.562268]],[[-73.769923,40.562069],[-73.769888,40.562238],[-73.770046,40.562275],[-73.770012,40.562114],[-73.769923,40.562069]],[[-73.77838,40.562032],[-73.778372,40.562299],[-73.778241,40.562392],[-73.778318,40.56249],[-73.778384,40.562392],[-73.77838,40.562032]],[[-73.776428,40.562022],[-73.776489,40.562083],[-73.776435,40.562166],[-73.776402,40.562114],[-73.776428,40.562022]],[[-73.776851,40.56196],[-73.776954,40.562083],[-73.776867,40.56218],[-73.776819,40.562114],[-73.776851,40.56196]],[[-73.776074,40.561898],[-73.776163,40.562114],[-73.776096,40.562221],[-73.776025,40.562022],[-73.776074,40.561898]],[[-73.779892,40.561557],[-73.779812,40.56162],[-73.779892,40.561688],[-73.779996,40.56162],[-73.779892,40.561557]],[[-73.778102,40.561427],[-73.778071,40.561656],[-73.778368,40.56162],[-73.778318,40.561502],[-73.778102,40.561427]],[[-73.776706,40.561281],[-73.776779,40.561404],[-73.776744,40.561477],[-73.776641,40.561343],[-73.776706,40.561281]],[[-73.931929,40.561059],[-73.930417,40.56178],[-73.929367,40.562103],[-73.92662,40.562639],[-73.926003,40.562562],[-73.923873,40.563025],[-73.922145,40.56319],[-73.919645,40.564196],[-73.919213,40.56431],[-73.918534,40.564298],[-73.916677,40.565262],[-73.916448,40.565509],[-73.916609,40.565694],[-73.916373,40.565864],[-73.914275,40.56655],[-73.913688,40.566507],[-73.912639,40.566728],[-73.912022,40.566974],[-73.910944,40.567701],[-73.911466,40.567694],[-73.912052,40.567876],[-73.912917,40.567967],[-73.913318,40.567851],[-73.914985,40.568402],[-73.915324,40.568112],[-73.915756,40.567958],[-73.916497,40.567956],[-73.916682,40.567835],[-73.917207,40.567796],[-73.917454,40.567949],[-73.917464,40.567762],[-73.917694,40.567454],[-73.917886,40.567385],[-73.917988,40.567454],[-73.917898,40.567639],[-73.917978,40.567817],[-73.91841,40.568044],[-73.918707,40.56804],[-73.918781,40.567904],[-73.918904,40.56797],[-73.919006,40.567731],[-73.918781,40.567633],[-73.918549,40.567731],[-73.918645,40.567855],[-73.918534,40.567892],[-73.918225,40.567521],[-73.919059,40.567545],[-73.919491,40.567732],[-73.919707,40.567705],[-73.922546,40.566175],[-73.926943,40.565015],[-73.928441,40.564335],[-73.928987,40.563812],[-73.930231,40.56329],[-73.931581,40.562269],[-73.93288,40.561528],[-73.932762,40.561437],[-73.932079,40.561435],[-73.931978,40.561312],[-73.932029,40.561065],[-73.931929,40.561059]],[[-73.780664,40.560827],[-73.780467,40.561528],[-73.78054,40.561648],[-73.780725,40.561048],[-73.780664,40.560827]],[[-73.778037,40.560571],[-73.778102,40.560571],[-73.77804,40.560663],[-73.778006,40.560633],[-73.778037,40.560571]],[[-73.781188,40.560281],[-73.781135,40.560355],[-73.781157,40.560725],[-73.781289,40.560355],[-73.781188,40.560281]],[[-73.782978,40.559697],[-73.782856,40.559799],[-73.782824,40.559925],[-73.783111,40.559892],[-73.783071,40.559704],[-73.782978,40.559697]],[[-73.78409,40.558959],[-73.784021,40.559028],[-73.78409,40.559107],[-73.784192,40.558997],[-73.78409,40.558959]],[[-73.781744,40.558714],[-73.781598,40.558812],[-73.781463,40.559275],[-73.781637,40.559614],[-73.781538,40.56017],[-73.78162,40.560284],[-73.781806,40.560213],[-73.782088,40.559676],[-73.781847,40.559583],[-73.781936,40.559306],[-73.781802,40.558966],[-73.781873,40.558719],[-73.781744,40.558714]],[[-73.78017,40.558675],[-73.78017,40.558797],[-73.780306,40.558781],[-73.78028,40.558688],[-73.78017,40.558675]],[[-73.785509,40.55852],[-73.785478,40.558581],[-73.78554,40.558627],[-73.785571,40.558544],[-73.785509,40.55852]],[[-73.782839,40.558225],[-73.782906,40.558225],[-73.782855,40.55833],[-73.782811,40.558287],[-73.782839,40.558225]],[[-73.783927,40.558194],[-73.783995,40.558287],[-73.783935,40.558409],[-73.783887,40.558318],[-73.783927,40.558194]],[[-73.791127,40.557351],[-73.791085,40.557423],[-73.791188,40.557463],[-73.791219,40.557392],[-73.791127,40.557351]],[[-73.82696,40.557046],[-73.826948,40.557114],[-73.827052,40.557162],[-73.827054,40.557052],[-73.82696,40.557046]],[[-73.787426,40.556991],[-73.787476,40.557145],[-73.787392,40.557185],[-73.787341,40.557114],[-73.787426,40.556991]],[[-73.788194,40.556991],[-73.788092,40.557238],[-73.788164,40.557327],[-73.788282,40.557207],[-73.788194,40.556991]],[[-73.786928,40.556898],[-73.786997,40.55696],[-73.786898,40.557068],[-73.786867,40.557044],[-73.786928,40.556898]],[[-73.941127,40.556834],[-73.939738,40.557389],[-73.938873,40.557938],[-73.938318,40.558127],[-73.935664,40.559961],[-73.935156,40.560448],[-73.935306,40.56091],[-73.934213,40.562068],[-73.934244,40.562169],[-73.934552,40.562],[-73.934738,40.562034],[-73.93493,40.561744],[-73.935586,40.561373],[-73.935849,40.560907],[-73.937392,40.560215],[-73.938596,40.559368],[-73.938843,40.559041],[-73.939473,40.55875],[-73.939916,40.558287],[-73.941013,40.557485],[-73.941237,40.556929],[-73.941127,40.556834]],[[-73.8246,40.556188],[-73.824754,40.55625],[-73.824676,40.55636],[-73.824572,40.556312],[-73.8246,40.556188]],[[-73.825289,40.556065],[-73.825386,40.556084],[-73.8254,40.556127],[-73.82525,40.556127],[-73.825289,40.556065]],[[-73.790941,40.555712],[-73.790795,40.555818],[-73.79088,40.556024],[-73.790989,40.55591],[-73.790941,40.555712]],[[-73.788023,40.555602],[-73.788109,40.555818],[-73.788399,40.556034],[-73.788194,40.5562],[-73.788082,40.556096],[-73.788023,40.555602]],[[-73.79012,40.555015],[-73.790231,40.555199],[-73.790262,40.555513],[-73.79017,40.555283],[-73.79012,40.555015]],[[-73.787732,40.554738],[-73.787855,40.554721],[-73.788055,40.55483],[-73.787948,40.554875],[-73.787732,40.554738]],[[-73.793472,40.554303],[-73.793477,40.554398],[-73.793565,40.554501],[-73.793556,40.554398],[-73.793472,40.554303]],[[-73.792546,40.554113],[-73.792527,40.554491],[-73.792238,40.554377],[-73.792207,40.554647],[-73.791991,40.554295],[-73.791713,40.554153],[-73.79162,40.554384],[-73.791343,40.554218],[-73.790993,40.554398],[-73.790926,40.554583],[-73.791059,40.554861],[-73.791333,40.554923],[-73.791569,40.555509],[-73.791713,40.55559],[-73.791744,40.555306],[-73.792022,40.555665],[-73.792087,40.555324],[-73.7919,40.554769],[-73.792022,40.554633],[-73.791993,40.554799],[-73.79233,40.555444],[-73.792568,40.555602],[-73.792762,40.555973],[-73.792808,40.555849],[-73.792514,40.555293],[-73.793096,40.555046],[-73.793216,40.554522],[-73.793009,40.554255],[-73.792977,40.554429],[-73.792855,40.554448],[-73.792546,40.554113]],[[-73.794275,40.554108],[-73.794275,40.554199],[-73.794398,40.554402],[-73.794384,40.554213],[-73.794275,40.554108]],[[-73.794028,40.554098],[-73.794017,40.554275],[-73.79409,40.554368],[-73.794094,40.554182],[-73.794028,40.554098]],[[-73.793688,40.553978],[-73.793692,40.554367],[-73.79409,40.555027],[-73.793927,40.554336],[-73.793688,40.553978]],[[-73.815756,40.553808],[-73.815293,40.554004],[-73.814028,40.554223],[-73.813362,40.554985],[-73.812872,40.555787],[-73.812747,40.556651],[-73.813089,40.557608],[-73.813565,40.558255],[-73.814151,40.558662],[-73.814491,40.558712],[-73.815787,40.558526],[-73.817361,40.558161],[-73.818287,40.557782],[-73.818266,40.557361],[-73.818029,40.55662],[-73.81671,40.55409],[-73.816343,40.553829],[-73.815756,40.553808]],[[-73.827639,40.552719],[-73.827546,40.552836],[-73.827238,40.55275],[-73.82696,40.552997],[-73.826218,40.553164],[-73.825398,40.553565],[-73.824117,40.554645],[-73.824151,40.555327],[-73.824549,40.555725],[-73.824186,40.555818],[-73.824224,40.556188],[-73.82435,40.556312],[-73.824303,40.55662],[-73.824182,40.556623],[-73.824028,40.556406],[-73.823966,40.556525],[-73.823805,40.556435],[-73.823688,40.556754],[-73.823271,40.557207],[-73.823331,40.557793],[-73.824059,40.558024],[-73.824491,40.558398],[-73.82483,40.558466],[-73.824825,40.55875],[-73.825151,40.558997],[-73.825361,40.55946],[-73.825201,40.559584],[-73.824552,40.559672],[-73.82446,40.559847],[-73.822608,40.560325],[-73.822022,40.560362],[-73.82162,40.560532],[-73.820849,40.560416],[-73.819769,40.559319],[-73.818225,40.558762],[-73.817546,40.558922],[-73.816991,40.559206],[-73.816343,40.559926],[-73.815849,40.560153],[-73.814429,40.560109],[-73.813688,40.560412],[-73.813287,40.560425],[-73.810509,40.561323],[-73.810231,40.560844],[-73.810201,40.560258],[-73.81054,40.560047],[-73.81169,40.559738],[-73.811929,40.559472],[-73.812454,40.559282],[-73.812595,40.558935],[-73.812436,40.557762],[-73.812145,40.557108],[-73.811781,40.556713],[-73.811662,40.555725],[-73.811283,40.55517],[-73.811034,40.555051],[-73.810509,40.555404],[-73.80983,40.555453],[-73.808256,40.555806],[-73.806559,40.55637],[-73.806241,40.55662],[-73.80623,40.556806],[-73.806437,40.557361],[-73.807001,40.557793],[-73.807211,40.558287],[-73.80718,40.558997],[-73.807486,40.559522],[-73.807901,40.559861],[-73.808188,40.560355],[-73.808325,40.56088],[-73.808605,40.561219],[-73.808966,40.561501],[-73.810324,40.56155],[-73.810941,40.562076],[-73.81162,40.562403],[-73.811898,40.562408],[-73.811929,40.56228],[-73.812052,40.562397],[-73.812793,40.562344],[-73.813133,40.562165],[-73.814059,40.562032],[-73.81591,40.56128],[-73.817392,40.561244],[-73.818688,40.56102],[-73.819244,40.561146],[-73.819934,40.561836],[-73.820478,40.562094],[-73.822176,40.562109],[-73.823256,40.561809],[-73.824336,40.561843],[-73.825751,40.561219],[-73.826127,40.560498],[-73.827269,40.560522],[-73.827793,40.560407],[-73.828596,40.560063],[-73.829645,40.559846],[-73.830262,40.559575],[-73.83055,40.559275],[-73.830217,40.558318],[-73.830015,40.558104],[-73.829059,40.558319],[-73.828873,40.558236],[-73.828814,40.558441],[-73.828596,40.558549],[-73.828164,40.558374],[-73.828071,40.558713],[-73.827917,40.558691],[-73.826836,40.557698],[-73.826938,40.557423],[-73.826697,40.556744],[-73.826466,40.556898],[-73.826497,40.55715],[-73.826307,40.556898],[-73.826084,40.556127],[-73.826127,40.556025],[-73.826356,40.55625],[-73.826162,40.555478],[-73.826562,40.55554],[-73.82659,40.55507],[-73.826898,40.555114],[-73.827029,40.554861],[-73.82812,40.554583],[-73.82838,40.554376],[-73.828596,40.554401],[-73.82875,40.554164],[-73.829322,40.553904],[-73.829275,40.553716],[-73.829491,40.553697],[-73.82946,40.553564],[-73.829306,40.553539],[-73.82922,40.553349],[-73.828642,40.552855],[-73.827639,40.552719]],[[-73.791038,40.552485],[-73.791134,40.552515],[-73.79113,40.552608],[-73.791034,40.552596],[-73.791038,40.552485]],[[-73.791326,40.552423],[-73.791435,40.552407],[-73.791503,40.552454],[-73.791312,40.552544],[-73.791326,40.552423]],[[-73.7917,40.552299],[-73.791989,40.552361],[-73.791898,40.552542],[-73.79166,40.552423],[-73.7917,40.552299]],[[-73.788671,40.551929],[-73.788912,40.552238],[-73.788781,40.552379],[-73.788599,40.552238],[-73.788671,40.551929]],[[-73.79369,40.551929],[-73.793939,40.55196],[-73.793071,40.552405],[-73.792731,40.552385],[-73.792641,40.552793],[-73.792515,40.552772],[-73.792342,40.552361],[-73.792917,40.552109],[-73.793194,40.552139],[-73.79338,40.551949],[-73.79369,40.551929]],[[-73.790391,40.551806],[-73.79054,40.551789],[-73.790624,40.551898],[-73.790417,40.552004],[-73.790314,40.551898],[-73.790391,40.551806]],[[-73.789439,40.551775],[-73.789619,40.551836],[-73.789676,40.552192],[-73.789436,40.552145],[-73.789439,40.551775]],[[-73.796867,40.551547],[-73.796686,40.552114],[-73.796898,40.552229],[-73.797145,40.552255],[-73.797546,40.552077],[-73.797855,40.552113],[-73.798263,40.551898],[-73.798071,40.551565],[-73.797855,40.551841],[-73.797515,40.551589],[-73.797454,40.551866],[-73.796867,40.551547]],[[-73.79838,40.55143],[-73.79838,40.551784],[-73.798657,40.551929],[-73.798812,40.551753],[-73.79838,40.55143]],[[-73.792896,40.551435],[-73.792978,40.551483],[-73.793004,40.551559],[-73.792928,40.551559],[-73.792896,40.551435]],[[-73.799059,40.551272],[-73.799187,40.551682],[-73.799336,40.551806],[-73.799367,40.551575],[-73.799059,40.551272]],[[-73.792133,40.551096],[-73.792299,40.551119],[-73.792468,40.551713],[-73.791617,40.551713],[-73.791559,40.551216],[-73.791836,40.551111],[-73.791991,40.551219],[-73.792133,40.551096]],[[-73.801312,40.550988],[-73.801304,40.551127],[-73.801373,40.551161],[-73.8014,40.551096],[-73.801312,40.550988]],[[-73.793664,40.55091],[-73.793935,40.550947],[-73.793971,40.551343],[-73.793627,40.551437],[-73.793474,40.551373],[-73.793457,40.551034],[-73.793596,40.551035],[-73.793664,40.55091]],[[-73.794736,40.550725],[-73.79483,40.550763],[-73.794861,40.551056],[-73.794764,40.55091],[-73.794736,40.550725]],[[-73.794251,40.550694],[-73.79446,40.550737],[-73.794609,40.551127],[-73.794552,40.551234],[-73.794249,40.551219],[-73.794251,40.550694]],[[-73.795788,40.550478],[-73.795941,40.550596],[-73.796003,40.550821],[-73.795839,40.550787],[-73.795788,40.550478]],[[-73.795057,40.550478],[-73.795324,40.550581],[-73.795448,40.550504],[-73.795747,40.550849],[-73.795571,40.550985],[-73.795355,40.550969],[-73.795231,40.550836],[-73.795238,40.551065],[-73.79507,40.551096],[-73.794916,40.550664],[-73.795057,40.550478]],[[-73.797175,40.55017],[-73.797361,40.550321],[-73.797403,40.550509],[-73.797236,40.550478],[-73.797175,40.55017]],[[-73.796387,40.550108],[-73.79662,40.550211],[-73.796715,40.550694],[-73.796458,40.550694],[-73.796387,40.550108]],[[-73.799676,40.550097],[-73.799586,40.550231],[-73.799923,40.550352],[-73.799936,40.550108],[-73.799676,40.550097]],[[-73.796742,40.549892],[-73.796955,40.550139],[-73.797022,40.550627],[-73.796912,40.550509],[-73.796742,40.549892]],[[-73.800355,40.549849],[-73.800098,40.550046],[-73.800478,40.55017],[-73.800571,40.550039],[-73.800756,40.550068],[-73.800766,40.549861],[-73.800355,40.549849]],[[-73.801034,40.549762],[-73.800871,40.549861],[-73.80091,40.549937],[-73.801248,40.549985],[-73.801255,40.549769],[-73.801034,40.549762]],[[-73.80233,40.549522],[-73.802167,40.549614],[-73.802361,40.549751],[-73.802506,40.549552],[-73.80233,40.549522]],[[-73.802886,40.549391],[-73.802941,40.549552],[-73.803101,40.549583],[-73.803102,40.549474],[-73.802886,40.549391]],[[-73.801373,40.549324],[-73.801322,40.549738],[-73.801404,40.549834],[-73.801682,40.549878],[-73.801991,40.549761],[-73.801991,40.54964],[-73.8016,40.549583],[-73.801373,40.549324]],[[-73.798892,40.548256],[-73.798966,40.548246],[-73.799002,40.548287],[-73.798935,40.548331],[-73.798892,40.548256]],[[-73.797104,40.548194],[-73.797193,40.548194],[-73.797207,40.548286],[-73.797094,40.548256],[-73.797104,40.548194]],[[-73.800639,40.547392],[-73.800821,40.547546],[-73.800378,40.547639],[-73.800362,40.547577],[-73.800639,40.547392]],[[-73.796503,40.54733],[-73.796697,40.547546],[-73.796632,40.54767],[-73.796452,40.547639],[-73.796503,40.54733]],[[-73.801182,40.547269],[-73.80126,40.547299],[-73.80125,40.547453],[-73.801139,40.547392],[-73.801182,40.547269]],[[-73.801568,40.547269],[-73.801744,40.547254],[-73.801837,40.54733],[-73.801435,40.547453],[-73.801435,40.547324],[-73.801568,40.547269]],[[-73.805448,40.547079],[-73.805398,40.547176],[-73.805448,40.54734],[-73.805564,40.547269],[-73.805448,40.547079]],[[-73.803904,40.546972],[-73.804028,40.547704],[-73.80412,40.54776],[-73.804213,40.547571],[-73.804429,40.547614],[-73.804252,40.547083],[-73.803904,40.546972]],[[-73.804645,40.546965],[-73.804706,40.547361],[-73.804624,40.547485],[-73.804861,40.547627],[-73.804965,40.54733],[-73.804645,40.546965]],[[-73.806404,40.546706],[-73.806258,40.546898],[-73.806088,40.546929],[-73.806219,40.547164],[-73.806544,40.547022],[-73.806586,40.546836],[-73.806404,40.546706]],[[-73.808472,40.546483],[-73.80844,40.54659],[-73.808503,40.546683],[-73.808556,40.54659],[-73.808472,40.546483]],[[-73.801017,40.546312],[-73.801219,40.54652],[-73.801219,40.546651],[-73.801044,40.54662],[-73.801017,40.546312]],[[-73.80176,40.546127],[-73.801836,40.546135],[-73.802141,40.546373],[-73.801815,40.546497],[-73.80176,40.546127]],[[-73.802914,40.545725],[-73.803268,40.546065],[-73.803256,40.546242],[-73.803074,40.546219],[-73.802914,40.545725]],[[-73.803526,40.545694],[-73.803661,40.546065],[-73.803503,40.546156],[-73.803431,40.54588],[-73.803526,40.545694]],[[-73.804062,40.54554],[-73.804275,40.545642],[-73.804489,40.546003],[-73.804099,40.546003],[-73.804062,40.54554]],[[-73.810231,40.544734],[-73.809861,40.544859],[-73.809811,40.544954],[-73.809985,40.54504],[-73.810478,40.544975],[-73.810467,40.544799],[-73.810231,40.544734]],[[-73.809213,40.544688],[-73.809247,40.544954],[-73.80909,40.545054],[-73.80875,40.545014],[-73.808318,40.54524],[-73.807515,40.545268],[-73.806681,40.545602],[-73.807207,40.545797],[-73.80733,40.545519],[-73.807577,40.545699],[-73.80767,40.545603],[-73.807957,40.545602],[-73.808349,40.545318],[-73.808596,40.545425],[-73.808719,40.545294],[-73.809522,40.545193],[-73.809573,40.544985],[-73.809344,40.544892],[-73.809213,40.544688]],[[-73.810756,40.544706],[-73.810633,40.544722],[-73.810565,40.544769],[-73.810849,40.544798],[-73.810756,40.544706]],[[-73.811373,40.544516],[-73.811284,40.544614],[-73.811559,40.544718],[-73.811631,40.544552],[-73.811373,40.544516]],[[-73.812114,40.544422],[-73.811898,40.54445],[-73.811825,40.544522],[-73.812052,40.544569],[-73.812175,40.544491],[-73.812114,40.544422]],[[-73.812639,40.544302],[-73.812583,40.544367],[-73.812701,40.544426],[-73.812768,40.544306],[-73.812639,40.544302]],[[-73.813287,40.544148],[-73.813251,40.544213],[-73.81338,40.544244],[-73.813396,40.544151],[-73.813287,40.544148]],[[-73.813719,40.544051],[-73.813672,40.54409],[-73.813843,40.544187],[-73.813883,40.544059],[-73.813719,40.544051]],[[-73.814059,40.544025],[-73.81409,40.544105],[-73.814169,40.544059],[-73.814151,40.544014],[-73.814059,40.544025]],[[-73.814799,40.543841],[-73.814861,40.543961],[-73.814956,40.543873],[-73.814923,40.543825],[-73.814799,40.543841]],[[-73.805562,40.543441],[-73.805633,40.54342],[-73.805785,40.543534],[-73.805478,40.543587],[-73.805562,40.543441]],[[-73.806342,40.543164],[-73.806435,40.543329],[-73.806124,40.543287],[-73.806127,40.543239],[-73.806342,40.543164]],[[-73.807375,40.543009],[-73.807587,40.543133],[-73.807164,40.543287],[-73.80733,40.543156],[-73.807375,40.543009]],[[-73.808421,40.542731],[-73.808658,40.542948],[-73.80838,40.54297],[-73.808287,40.543152],[-73.807893,40.543071],[-73.807978,40.542801],[-73.808349,40.542878],[-73.808421,40.542731]],[[-73.817176,40.541647],[-73.817144,40.541867],[-73.817409,40.541806],[-73.817361,40.541694],[-73.817176,40.541647]],[[-73.815633,40.541525],[-73.815644,40.541867],[-73.815803,40.541898],[-73.815847,40.541836],[-73.815633,40.541525]],[[-73.811545,40.540602],[-73.811682,40.540735],[-73.811417,40.540756],[-73.811409,40.540664],[-73.811545,40.540602]],[[-73.814139,40.540139],[-73.814306,40.540109],[-73.814341,40.540139],[-73.813997,40.540274],[-73.814139,40.540139]],[[-73.814636,40.539923],[-73.814807,40.540015],[-73.814738,40.54011],[-73.814623,40.540077],[-73.814636,40.539923]],[[-73.82162,40.539067],[-73.821635,40.539398],[-73.822191,40.539275],[-73.822083,40.539144],[-73.82196,40.539197],[-73.82162,40.539067]],[[-73.820972,40.539087],[-73.820849,40.539344],[-73.82054,40.539385],[-73.820324,40.53919],[-73.819799,40.539459],[-73.81946,40.539325],[-73.819336,40.539545],[-73.818719,40.539432],[-73.818441,40.539592],[-73.818256,40.539507],[-73.817948,40.539689],[-73.817762,40.53955],[-73.8177,40.54017],[-73.818441,40.540374],[-73.81875,40.540067],[-73.819182,40.540162],[-73.819367,40.539897],[-73.820448,40.539784],[-73.820941,40.539552],[-73.821188,40.539621],[-73.82138,40.539398],[-73.820972,40.539087]],[[-73.813059,40.538843],[-73.813102,40.538833],[-73.813146,40.538873],[-73.813018,40.538904],[-73.813059,40.538843]],[[-73.838133,40.538611],[-73.838086,40.538719],[-73.838194,40.538828],[-73.838278,40.538657],[-73.838133,40.538611]],[[-73.816974,40.538565],[-73.816991,40.538538],[-73.817022,40.538682],[-73.816978,40.538657],[-73.816974,40.538565]],[[-73.835818,40.538557],[-73.835756,40.53861],[-73.835751,40.538657],[-73.835852,40.538596],[-73.835818,40.538557]],[[-73.823935,40.538527],[-73.823843,40.538809],[-73.823565,40.538707],[-73.82341,40.538879],[-73.823009,40.538658],[-73.822917,40.538916],[-73.822485,40.538976],[-73.822424,40.539182],[-73.822762,40.539178],[-73.822855,40.53906],[-73.823225,40.539154],[-73.823472,40.538944],[-73.823627,40.539036],[-73.823873,40.538925],[-73.824182,40.538997],[-73.824196,40.538719],[-73.823935,40.538527]],[[-73.825417,40.538448],[-73.825424,40.538565],[-73.82554,40.538577],[-73.825524,40.538503],[-73.825417,40.538448]],[[-73.815957,40.538164],[-73.81608,40.538194],[-73.816096,40.538309],[-73.815954,40.538287],[-73.815957,40.538164]],[[-73.816871,40.538009],[-73.817052,40.538],[-73.81711,40.538071],[-73.816867,40.53816],[-73.816871,40.538009]],[[-73.817847,40.537701],[-73.817978,40.537719],[-73.818082,40.537824],[-73.817793,40.537886],[-73.817847,40.537701]],[[-73.81838,40.53767],[-73.818472,40.537662],[-73.818502,40.537762],[-73.818369,40.537762],[-73.81838,40.53767]],[[-73.835725,40.537542],[-73.835275,40.53767],[-73.835622,40.537886],[-73.835448,40.538266],[-73.835899,40.537886],[-73.835686,40.53767],[-73.835787,40.537617],[-73.835849,40.537723],[-73.835924,40.537577],[-73.835725,40.537542]],[[-73.819423,40.537145],[-73.819676,40.537183],[-73.819985,40.537421],[-73.820139,40.537155],[-73.820474,40.537299],[-73.819896,40.537577],[-73.819892,40.538006],[-73.819552,40.537633],[-73.818773,40.53767],[-73.818873,40.537424],[-73.819367,40.537365],[-73.819423,40.537145]],[[-73.841744,40.537144],[-73.841744,40.537212],[-73.841836,40.537245],[-73.841829,40.537176],[-73.841744,40.537144]],[[-73.824738,40.536588],[-73.824665,40.537207],[-73.824861,40.537304],[-73.825201,40.537232],[-73.825307,40.537022],[-73.824738,40.536588]],[[-73.82928,40.536559],[-73.829396,40.53662],[-73.829306,40.536801],[-73.829269,40.536744],[-73.82928,40.536559]],[[-73.82946,40.535994],[-73.829327,40.536281],[-73.829429,40.536352],[-73.829244,40.536461],[-73.828932,40.536312],[-73.828845,40.536157],[-73.828503,40.536149],[-73.828349,40.536294],[-73.828133,40.536061],[-73.828048,40.536343],[-73.827917,40.536393],[-73.827639,40.536347],[-73.827392,40.536056],[-73.827398,40.536343],[-73.827291,40.536435],[-73.827515,40.536584],[-73.828009,40.536503],[-73.82875,40.536594],[-73.829398,40.53689],[-73.829912,40.536466],[-73.829616,40.536404],[-73.82946,40.535994]],[[-73.820953,40.535694],[-73.821028,40.535756],[-73.820921,40.535818],[-73.820909,40.535787],[-73.820953,40.535694]],[[-73.820351,40.535664],[-73.820534,40.535756],[-73.820539,40.535849],[-73.820293,40.535908],[-73.820351,40.535664]],[[-73.822883,40.535262],[-73.822941,40.535324],[-73.822886,40.535363],[-73.822841,40.535324],[-73.822883,40.535262]],[[-73.824087,40.534923],[-73.824367,40.53501],[-73.824378,40.535077],[-73.823897,40.535139],[-73.824087,40.534923]],[[-73.824665,40.534769],[-73.82483,40.534806],[-73.825023,40.534985],[-73.824522,40.534998],[-73.824544,40.53483],[-73.824665,40.534769]],[[-73.842207,40.534703],[-73.842119,40.534738],[-73.842114,40.534799],[-73.842269,40.53477],[-73.842207,40.534703]],[[-73.8221,40.533812],[-73.822207,40.533818],[-73.822266,40.533966],[-73.822039,40.533935],[-73.8221,40.533812]],[[-73.829396,40.533318],[-73.829713,40.53338],[-73.829861,40.533842],[-73.829366,40.533719],[-73.829307,40.533472],[-73.829396,40.533318]],[[-73.841466,40.532749],[-73.841356,40.532886],[-73.841559,40.533006],[-73.841643,40.532886],[-73.841466,40.532749]],[[-73.841404,40.532563],[-73.84139,40.53267],[-73.841529,40.53267],[-73.841521,40.532577],[-73.841404,40.532563]],[[-73.850571,40.532505],[-73.850527,40.532546],[-73.85054,40.532595],[-73.850627,40.532546],[-73.850571,40.532505]],[[-73.833994,40.53196],[-73.83409,40.531989],[-73.834059,40.532075],[-73.83398,40.532052],[-73.833994,40.53196]],[[-73.961157,40.531864],[-73.96054,40.532069],[-73.959552,40.532965],[-73.959274,40.533287],[-73.95921,40.533688],[-73.959306,40.53397],[-73.960818,40.535988],[-73.961307,40.536312],[-73.96196,40.536433],[-73.962741,40.536034],[-73.963046,40.535077],[-73.963256,40.534861],[-73.963058,40.534244],[-73.962952,40.533349],[-73.962999,40.532793],[-73.963358,40.532454],[-73.96304,40.532146],[-73.962485,40.531921],[-73.961157,40.531864]],[[-73.836559,40.53161],[-73.836557,40.531713],[-73.83662,40.531778],[-73.836637,40.531682],[-73.836559,40.53161]],[[-73.834813,40.53162],[-73.834939,40.53162],[-73.83496,40.531682],[-73.834799,40.531704],[-73.834813,40.53162]],[[-73.832907,40.530664],[-73.832981,40.530664],[-73.832948,40.531136],[-73.832867,40.530972],[-73.832907,40.530664]],[[-73.838052,40.530448],[-73.838164,40.53044],[-73.838175,40.53054],[-73.838071,40.530559],[-73.838052,40.530448]],[[-73.97,40.530331],[-73.968781,40.530717],[-73.967999,40.530818],[-73.967906,40.531003],[-73.968091,40.531312],[-73.969151,40.532082],[-73.97,40.532572]],[[-73.840417,40.5302],[-73.840256,40.530293],[-73.840386,40.530482],[-73.840652,40.530293],[-73.840602,40.530189],[-73.840417,40.5302]],[[-73.837876,40.529892],[-73.838005,40.530046],[-73.837917,40.530212],[-73.837823,40.530015],[-73.837876,40.529892]],[[-73.836343,40.529614],[-73.83655,40.529676],[-73.836559,40.529911],[-73.836216,40.529769],[-73.836343,40.529614]],[[-73.841555,40.529367],[-73.841636,40.529398],[-73.841559,40.529471],[-73.841526,40.529429],[-73.841555,40.529367]],[[-73.839879,40.529059],[-73.839676,40.529271],[-73.839588,40.529244],[-73.839608,40.529151],[-73.839879,40.529059]],[[-73.843318,40.528858],[-73.84325,40.528966],[-73.843256,40.529004],[-73.843433,40.528873],[-73.843318,40.528858]],[[-73.842963,40.528596],[-73.843053,40.528627],[-73.842917,40.528756],[-73.84275,40.52875],[-73.842762,40.52864],[-73.842963,40.528596]],[[-73.841081,40.52838],[-73.841266,40.528472],[-73.84091,40.528602],[-73.840978,40.528441],[-73.841081,40.52838]],[[-73.843332,40.528102],[-73.84341,40.528105],[-73.84344,40.528194],[-73.843256,40.528196],[-73.843332,40.528102]],[[-73.844595,40.527886],[-73.844759,40.527886],[-73.844848,40.527978],[-73.844522,40.528099],[-73.844474,40.527948],[-73.844595,40.527886]],[[-73.845261,40.527608],[-73.845362,40.527608],[-73.845398,40.527762],[-73.84517,40.527868],[-73.845095,40.527701],[-73.845261,40.527608]],[[-73.847942,40.527052],[-73.84804,40.527094],[-73.84804,40.527252],[-73.847916,40.527176],[-73.847942,40.527052]],[[-73.859306,40.525134],[-73.8592,40.525201],[-73.859182,40.52529],[-73.859353,40.525231],[-73.859306,40.525134]],[[-73.851991,40.525076],[-73.851934,40.525139],[-73.85204,40.52517],[-73.852052,40.525091],[-73.851991,40.525076]],[[-73.76,40.564612],[-73.760324,40.564999],[-73.76054,40.5647],[-73.760972,40.565321],[-73.76159,40.565356],[-73.761606,40.565201],[-73.761775,40.565176],[-73.761824,40.565231],[-73.761629,40.565355],[-73.761826,40.565602],[-73.762052,40.565644],[-73.762176,40.565391],[-73.762361,40.565745],[-73.762729,40.564799],[-73.762886,40.56467],[-73.763071,40.564729],[-73.763256,40.564529],[-73.763627,40.564919],[-73.764244,40.565018],[-73.764306,40.564762],[-73.764707,40.565157],[-73.765077,40.564592],[-73.765201,40.56469],[-73.765417,40.564614],[-73.76554,40.564841],[-73.766096,40.564933],[-73.766127,40.565223],[-73.76625,40.565279],[-73.766528,40.565245],[-73.766651,40.565043],[-73.766806,40.565085],[-73.767114,40.564782],[-73.767299,40.564905],[-73.767474,40.564367],[-73.767701,40.564086],[-73.767793,40.564825],[-73.767948,40.564537],[-73.768009,40.564883],[-73.76838,40.564606],[-73.768812,40.564916],[-73.768997,40.564535],[-73.76909,40.564818],[-73.769448,40.564552],[-73.769336,40.564336],[-73.76962,40.563812],[-73.769661,40.563009],[-73.769536,40.562917],[-73.769547,40.562762],[-73.769614,40.562613],[-73.770055,40.562423],[-73.769799,40.562348],[-73.769717,40.562176],[-73.769861,40.562035],[-73.770206,40.561991],[-73.770293,40.561716],[-73.770401,40.561898],[-73.770227,40.562485],[-73.770382,40.562917],[-73.770324,40.56303],[-73.77017,40.56297],[-73.770046,40.563224],[-73.769985,40.56294],[-73.769799,40.563015],[-73.76975,40.563164],[-73.769802,40.563472],[-73.769988,40.563719],[-73.769738,40.563725],[-73.769738,40.563964],[-73.769985,40.563911],[-73.770046,40.563783],[-73.770126,40.563843],[-73.769804,40.564213],[-73.769665,40.564707],[-73.769985,40.564916],[-73.770139,40.564832],[-73.770324,40.564257],[-73.770448,40.564237],[-73.770537,40.563997],[-73.770664,40.562716],[-73.770809,40.563164],[-73.770818,40.563927],[-73.771034,40.563755],[-73.771157,40.563161],[-73.771343,40.563119],[-73.771404,40.563225],[-73.771404,40.563939],[-73.771559,40.563431],[-73.771806,40.563898],[-73.771991,40.563034],[-73.772145,40.56349],[-73.772299,40.56283],[-73.772423,40.563257],[-73.772731,40.562922],[-73.77267,40.564247],[-73.772893,40.563194],[-73.773194,40.562602],[-73.773287,40.5637],[-73.773472,40.563023],[-73.773565,40.562954],[-73.773688,40.563042],[-73.773812,40.5629],[-73.773904,40.563022],[-73.774151,40.561955],[-73.774112,40.562577],[-73.774151,40.562696],[-73.774275,40.56264],[-73.774306,40.562838],[-73.774491,40.56255],[-73.774645,40.562622],[-73.774799,40.562281],[-73.77483,40.562671],[-73.775046,40.562439],[-73.775139,40.562769],[-73.775417,40.562332],[-73.775509,40.562686],[-73.775694,40.562317],[-73.775849,40.562328],[-73.775941,40.562578],[-73.776096,40.562245],[-73.77625,40.562577],[-73.776466,40.562359],[-73.77662,40.562787],[-73.776744,40.562685],[-73.776836,40.562803],[-73.77696,40.56254],[-73.777052,40.563136],[-73.777247,40.562608],[-73.777207,40.561196],[-73.77733,40.561183],[-73.777485,40.561786],[-73.777767,40.56162],[-73.77804,40.560822],[-73.778133,40.560985],[-73.77838,40.561011],[-73.778657,40.561892],[-73.778873,40.561922],[-73.779028,40.561384],[-73.779367,40.562231],[-73.779465,40.561744],[-73.7796,40.561651],[-73.779592,40.561034],[-73.779892,40.56106],[-73.780012,40.56091],[-73.779923,40.56075],[-73.779594,40.560756],[-73.779738,40.560347],[-73.779951,40.560262],[-73.779941,40.560077],[-73.77977,40.559985],[-73.779821,40.559645],[-73.779991,40.559522],[-73.779884,40.559336],[-73.780035,40.55875],[-73.77999,40.558441],[-73.780108,40.558258],[-73.780415,40.558719],[-73.780297,40.559059],[-73.780571,40.559287],[-73.780769,40.559151],[-73.780664,40.559534],[-73.78054,40.559585],[-73.780478,40.559452],[-73.780235,40.559398],[-73.780359,40.559614],[-73.78053,40.559614],[-73.780431,40.560015],[-73.780206,40.560201],[-73.780345,40.560293],[-73.780327,40.560509],[-73.780478,40.560689],[-73.780756,40.559663],[-73.78088,40.5601],[-73.781065,40.559451],[-73.781065,40.560201],[-73.781281,40.55983],[-73.781417,40.559799],[-73.781345,40.559552],[-73.78147,40.558194],[-73.78159,40.55833],[-73.782126,40.558225],[-73.782022,40.558052],[-73.781836,40.558064],[-73.781751,40.557948],[-73.781775,40.557722],[-73.782202,40.558009],[-73.782145,40.558441],[-73.782485,40.558495],[-73.782565,40.55912],[-73.782762,40.559215],[-73.782978,40.5591],[-73.783164,40.558701],[-73.783287,40.558742],[-73.783322,40.559059],[-73.783472,40.559138],[-73.783565,40.558908],[-73.783786,40.558935],[-73.783966,40.558474],[-73.784151,40.558485],[-73.784275,40.558338],[-73.78446,40.558494],[-73.784738,40.558471],[-73.78483,40.557959],[-73.785015,40.55779],[-73.785039,40.55838],[-73.785201,40.558441],[-73.785293,40.558114],[-73.785664,40.5576],[-73.785972,40.557797],[-73.786181,40.557608],[-73.786188,40.557313],[-73.786373,40.557841],[-73.786466,40.557587],[-73.786559,40.557784],[-73.786744,40.557554],[-73.786775,40.557805],[-73.786929,40.557835],[-73.787083,40.557582],[-73.787238,40.557531],[-73.787441,40.557855],[-73.787762,40.557425],[-73.787824,40.557151],[-73.787978,40.557279],[-73.788225,40.556286],[-73.788997,40.55669],[-73.789026,40.556836],[-73.788904,40.556968],[-73.788719,40.556829],[-73.78851,40.556836],[-73.788657,40.557202],[-73.788843,40.557189],[-73.788904,40.557073],[-73.788935,40.557409],[-73.789367,40.557248],[-73.789367,40.55654],[-73.789769,40.557083],[-73.789923,40.556846],[-73.790046,40.55729],[-73.789971,40.556559],[-73.790077,40.556007],[-73.790349,40.556528],[-73.790229,40.55696],[-73.790293,40.5573],[-73.790568,40.556651],[-73.790552,40.55625],[-73.790677,40.55588],[-73.79056,40.555046],[-73.790764,40.554954],[-73.790782,40.55446],[-73.790633,40.554325],[-73.790231,40.554358],[-73.790072,40.554491],[-73.790077,40.554775],[-73.789799,40.554587],[-73.789707,40.55486],[-73.78946,40.554734],[-73.789213,40.554927],[-73.788904,40.554589],[-73.788688,40.554749],[-73.788472,40.554677],[-73.788349,40.554761],[-73.788349,40.554669],[-73.789059,40.554448],[-73.789985,40.554461],[-73.790139,40.554163],[-73.790324,40.554133],[-73.790515,40.553873],[-73.790602,40.55358],[-73.791404,40.553879],[-73.79159,40.553725],[-73.791744,40.553778],[-73.791867,40.553591],[-73.792608,40.553523],[-73.792855,40.553284],[-73.793164,40.553336],[-73.793349,40.553096],[-73.793688,40.553224],[-73.794336,40.552969],[-73.794522,40.553036],[-73.795046,40.552722],[-73.795293,40.552782],[-73.795448,40.552623],[-73.796096,40.552552],[-73.796577,40.552114],[-73.795787,40.551721],[-73.795478,40.552119],[-73.794985,40.551849],[-73.794213,40.552063],[-73.79411,40.551929],[-73.794522,40.551717],[-73.794707,40.551738],[-73.794892,40.551525],[-73.795355,40.551581],[-73.795633,40.551357],[-73.796065,40.551467],[-73.796404,40.551142],[-73.797114,40.550874],[-73.797608,40.550977],[-73.798164,40.550713],[-73.798565,40.550803],[-73.798565,40.550549],[-73.798719,40.550614],[-73.798904,40.550354],[-73.79909,40.550434],[-73.799213,40.550364],[-73.799028,40.550182],[-73.798873,40.550306],[-73.798688,40.550277],[-73.798503,40.55004],[-73.798441,40.550339],[-73.797917,40.550369],[-73.797546,40.549852],[-73.797423,40.549934],[-73.797061,40.549769],[-73.797176,40.549555],[-73.797731,40.549802],[-73.797851,40.549552],[-73.797727,40.549059],[-73.797857,40.548873],[-73.797824,40.548561],[-73.798256,40.549511],[-73.798465,40.549429],[-73.798472,40.549226],[-73.798719,40.549254],[-73.798495,40.548719],[-73.798256,40.548563],[-73.79804,40.548166],[-73.798503,40.54852],[-73.798625,40.54875],[-73.799213,40.548775],[-73.799398,40.549026],[-73.799799,40.548997],[-73.800046,40.548807],[-73.800159,40.548441],[-73.800077,40.548155],[-73.800355,40.548298],[-73.800324,40.548502],[-73.80054,40.548459],[-73.800787,40.548777],[-73.80151,40.548657],[-73.801651,40.547675],[-73.801896,40.547978],[-73.801819,40.548194],[-73.801991,40.548485],[-73.802022,40.54818],[-73.80233,40.548375],[-73.802454,40.548329],[-73.802546,40.548082],[-73.803009,40.548211],[-73.803166,40.548102],[-73.803256,40.547734],[-73.803719,40.54801],[-73.80386,40.547546],[-73.803565,40.547067],[-73.80338,40.547064],[-73.803287,40.547476],[-73.802978,40.547137],[-73.80267,40.547237],[-73.802608,40.547446],[-73.802392,40.54728],[-73.802083,40.54741],[-73.801979,40.547299],[-73.802022,40.547055],[-73.802299,40.547084],[-73.802577,40.546966],[-73.802855,40.547047],[-73.80304,40.546863],[-73.80338,40.546965],[-73.803565,40.54672],[-73.803781,40.546744],[-73.803966,40.546533],[-73.804213,40.54662],[-73.80446,40.546359],[-73.804738,40.546488],[-73.804811,40.546281],[-73.805417,40.546242],[-73.805818,40.546071],[-73.806096,40.546105],[-73.806484,40.545664],[-73.806466,40.545589],[-73.805972,40.545656],[-73.805756,40.545311],[-73.805791,40.545694],[-73.805571,40.545747],[-73.805201,40.54518],[-73.805135,40.545262],[-73.805288,40.545787],[-73.805108,40.545898],[-73.804754,40.54588],[-73.804578,40.545293],[-73.804552,40.545606],[-73.804354,40.545293],[-73.804491,40.545051],[-73.805509,40.544946],[-73.805664,40.544645],[-73.80588,40.544759],[-73.806065,40.544616],[-73.806157,40.54429],[-73.806281,40.54449],[-73.806836,40.544612],[-73.807083,40.544385],[-73.807361,40.544403],[-73.808071,40.544109],[-73.808287,40.544159],[-73.808441,40.543969],[-73.809429,40.543841],[-73.809614,40.543563],[-73.809892,40.54367],[-73.810139,40.543497],[-73.811312,40.543517],[-73.81159,40.543168],[-73.811991,40.543025],[-73.812238,40.54311],[-73.813009,40.542942],[-73.813164,40.542772],[-73.814306,40.542684],[-73.815231,40.542365],[-73.815172,40.542083],[-73.815501,40.541929],[-73.815355,40.541699],[-73.81517,40.541777],[-73.815108,40.542022],[-73.814892,40.542028],[-73.814552,40.5417],[-73.814429,40.542052],[-73.81409,40.541961],[-73.813997,40.542204],[-73.813812,40.542082],[-73.813582,40.542176],[-73.813225,40.542032],[-73.813025,40.542114],[-73.812948,40.542323],[-73.812454,40.542258],[-73.812361,40.5426],[-73.812145,40.542315],[-73.811898,40.542249],[-73.811745,40.54233],[-73.811682,40.542548],[-73.811528,40.542485],[-73.811373,40.542582],[-73.810478,40.542617],[-73.809552,40.542893],[-73.80875,40.542852],[-73.808688,40.54257],[-73.809059,40.542644],[-73.809182,40.542506],[-73.809738,40.542501],[-73.809985,40.542201],[-73.810324,40.542318],[-73.810509,40.542548],[-73.810633,40.542256],[-73.81091,40.542328],[-73.811127,40.542257],[-73.811373,40.541968],[-73.81162,40.542035],[-73.811898,40.541817],[-73.812361,40.54188],[-73.812824,40.541742],[-73.813102,40.541487],[-73.813441,40.541673],[-73.813695,40.541435],[-73.813997,40.541485],[-73.814336,40.54119],[-73.814583,40.541245],[-73.81517,40.541042],[-73.815602,40.541025],[-73.815818,40.541151],[-73.816003,40.540789],[-73.816312,40.540878],[-73.816528,40.540654],[-73.817013,40.540694],[-73.817532,40.540201],[-73.817292,40.540139],[-73.816867,40.539772],[-73.816528,40.539828],[-73.816404,40.539979],[-73.815359,40.539892],[-73.81591,40.539695],[-73.816127,40.539761],[-73.816466,40.53955],[-73.816804,40.539552],[-73.817052,40.53884],[-73.81767,40.539202],[-73.818071,40.539156],[-73.81838,40.538953],[-73.818596,40.539025],[-73.818873,40.538946],[-73.81912,40.538712],[-73.819398,40.538808],[-73.819584,40.538781],[-73.819676,40.538614],[-73.819892,40.538684],[-73.819985,40.538427],[-73.820448,40.538519],[-73.820633,40.538289],[-73.820941,40.5383],[-73.821157,40.538511],[-73.82125,40.538178],[-73.821775,40.538144],[-73.821898,40.537961],[-73.822515,40.537931],[-73.82304,40.537685],[-73.82375,40.537651],[-73.824059,40.537296],[-73.82446,40.537423],[-73.824633,40.537176],[-73.823966,40.536698],[-73.824,40.537207],[-73.823657,40.536738],[-73.823596,40.537004],[-73.82341,40.536802],[-73.823287,40.537013],[-73.823061,40.536898],[-73.822978,40.537383],[-73.822793,40.537155],[-73.82274,40.53733],[-73.822485,40.537141],[-73.822423,40.537313],[-73.822052,40.537065],[-73.821732,40.537114],[-73.82162,40.537344],[-73.821435,40.537182],[-73.820489,40.537269],[-73.82054,40.537086],[-73.820787,40.537001],[-73.821034,40.537098],[-73.821127,40.536896],[-73.821466,40.536995],[-73.822269,40.536498],[-73.822546,40.536604],[-73.822762,40.536415],[-73.822948,40.536526],[-73.823318,40.536257],[-73.823472,40.536331],[-73.823627,40.536216],[-73.824151,40.536301],[-73.825139,40.535685],[-73.825355,40.535776],[-73.825419,40.535602],[-73.825761,40.535448],[-73.825452,40.535417],[-73.825201,40.534769],[-73.825262,40.534433],[-73.825541,40.534707],[-73.82588,40.535468],[-73.825878,40.534552],[-73.825972,40.534348],[-73.82625,40.534483],[-73.82659,40.534978],[-73.82651,40.534213],[-73.826836,40.534418],[-73.827052,40.534728],[-73.826929,40.534039],[-73.827608,40.534024],[-73.827978,40.533738],[-73.828525,40.534151],[-73.828441,40.533679],[-73.82827,40.533472],[-73.828318,40.533355],[-73.828431,40.533534],[-73.828719,40.533557],[-73.828904,40.533394],[-73.829244,40.533976],[-73.82983,40.53432],[-73.829923,40.534492],[-73.830571,40.534141],[-73.830787,40.533757],[-73.831497,40.533952],[-73.831898,40.533653],[-73.832052,40.533651],[-73.8322,40.53341],[-73.831938,40.53304],[-73.831979,40.532577],[-73.832324,40.532515],[-73.832284,40.532361],[-73.832577,40.532084],[-73.832762,40.532247],[-73.832917,40.532031],[-73.833133,40.532047],[-73.833133,40.532147],[-73.833256,40.532072],[-73.833688,40.53218],[-73.833935,40.532612],[-73.83446,40.532975],[-73.834676,40.532831],[-73.834843,40.532515],[-73.834744,40.532269],[-73.835324,40.532148],[-73.835308,40.53196],[-73.83588,40.531004],[-73.836157,40.53108],[-73.836682,40.530829],[-73.837083,40.53095],[-73.837762,40.530641],[-73.838287,40.531068],[-73.83841,40.530477],[-73.839252,40.53017],[-73.839367,40.529943],[-73.839676,40.530346],[-73.84017,40.529833],[-73.840236,40.529985],[-73.840417,40.530038],[-73.840477,40.529923],[-73.84027,40.529769],[-73.840849,40.529331],[-73.841157,40.529425],[-73.841466,40.529716],[-73.841906,40.529522],[-73.84196,40.529312],[-73.842114,40.529365],[-73.842361,40.529223],[-73.842523,40.529336],[-73.842767,40.529306],[-73.84319,40.529028],[-73.842577,40.529243],[-73.842466,40.529213],[-73.842494,40.52912],[-73.842948,40.528831],[-73.843071,40.528885],[-73.843781,40.528387],[-73.844469,40.528164],[-73.843596,40.528755],[-73.845262,40.527922],[-73.845592,40.52804],[-73.845617,40.527762],[-73.846004,40.527608],[-73.846003,40.527445],[-73.84662,40.527399],[-73.84672,40.527207],[-73.84733,40.526914],[-73.847417,40.526929],[-73.847313,40.527145],[-73.847639,40.527103],[-73.847762,40.527332],[-73.84804,40.527333],[-73.848276,40.527022],[-73.847914,40.526929],[-73.848328,40.526528],[-73.847955,40.52659],[-73.848565,40.526134],[-73.848873,40.526401],[-73.849028,40.526377],[-73.849108,40.526096],[-73.849023,40.525972],[-73.849306,40.525758],[-73.849892,40.525582],[-73.849868,40.525694],[-73.850015,40.525755],[-73.850941,40.525327],[-73.851157,40.525528],[-73.85125,40.525217],[-73.851745,40.525]],[[-73.852156,40.525],[-73.852145,40.525045],[-73.852639,40.525084],[-73.852725,40.525]],[[-73.854048,40.525],[-73.854233,40.525046],[-73.854297,40.525]]]}},
{"type":"Feature","properties":{"depthFt":50},"geometry":{"type":"MultiLineString","coordinates":[[[-73.789645,40.603653],[-73.789518,40.603719],[-73.789522,40.603782],[-73.78973,40.603781],[-73.789645,40.603653]],[[-73.905108,40.603562],[-73.904886,40.603781],[-73.90517,40.604013],[-73.905302,40.603565],[-73.905108,40.603562]],[[-73.904275,40.603564],[-73.904012,40.603873],[-73.904213,40.604135],[-73.904493,40.603935],[-73.904398,40.603812],[-73.90445,40.603627],[-73.904275,40.603564]],[[-73.906682,40.603221],[-73.906181,40.603349],[-73.905804,40.603719],[-73.905972,40.604215],[-73.90659,40.604243],[-73.90698,40.603935],[-73.907002,40.603565],[-73.906806,40.603232],[-73.906682,40.603221]],[[-73.907083,40.603148],[-73.90707,40.603287],[-73.907284,40.603256],[-73.907176,40.603154],[-73.907083,40.603148]],[[-73.795602,40.603132],[-73.795526,40.603225],[-73.795602,40.603345],[-73.795895,40.603318],[-73.795787,40.603156],[-73.795602,40.603132]],[[-73.907515,40.603091],[-73.907382,40.603194],[-73.90767,40.603352],[-73.908061,40.603133],[-73.907515,40.603091]],[[-73.791127,40.603095],[-73.791062,40.603164],[-73.791154,40.60338],[-73.791509,40.603441],[-73.791515,40.60375],[-73.792127,40.60375],[-73.792145,40.603561],[-73.791919,40.603256],[-73.791127,40.603095]],[[-73.798318,40.602477],[-73.798225,40.602635],[-73.798522,40.602485],[-73.798441,40.602455],[-73.798318,40.602477]],[[-73.796373,40.602176],[-73.796251,40.602299],[-73.796288,40.602423],[-73.796633,40.602361],[-73.796559,40.602176],[-73.796373,40.602176]],[[-73.77946,40.598627],[-73.779336,40.59894],[-73.778565,40.599058],[-73.7785,40.599398],[-73.778585,40.599552],[-73.778843,40.599575],[-73.779151,40.59921],[-73.779306,40.599414],[-73.779707,40.599512],[-73.779967,40.599336],[-73.780038,40.599028],[-73.779645,40.598636],[-73.77946,40.598627]],[[-73.780231,40.598348],[-73.779975,40.598534],[-73.780077,40.598762],[-73.780231,40.598831],[-73.78054,40.598689],[-73.780568,40.598534],[-73.780231,40.598348]],[[-73.931157,40.59362],[-73.931052,40.593781],[-73.931096,40.593835],[-73.931208,40.593688],[-73.931157,40.59362]],[[-73.81625,40.590784],[-73.816047,40.590972],[-73.816034,40.591149],[-73.816312,40.590958],[-73.816373,40.59081],[-73.81625,40.590784]],[[-73.873843,40.589333],[-73.873812,40.589429],[-73.873873,40.58948],[-73.873938,40.589367],[-73.873843,40.589333]],[[-73.873102,40.588252],[-73.873074,40.58838],[-73.873194,40.588409],[-73.873225,40.588283],[-73.873102,40.588252]],[[-73.872824,40.587382],[-73.872749,40.587515],[-73.872855,40.587585],[-73.872954,40.587485],[-73.872824,40.587382]],[[-73.827793,40.586493],[-73.826466,40.587315],[-73.826061,40.58767],[-73.825986,40.587886],[-73.826188,40.587952],[-73.827176,40.587703],[-73.827859,40.587299],[-73.828076,40.587114],[-73.828151,40.586836],[-73.827949,40.586497],[-73.827793,40.586493]],[[-73.875725,40.584477],[-73.875354,40.585448],[-73.876034,40.585834],[-73.876095,40.585694],[-73.875934,40.585386],[-73.876094,40.584985],[-73.876003,40.584694],[-73.875725,40.584477]],[[-73.885725,40.574395],[-73.885664,40.574408],[-73.885467,40.574522],[-73.885694,40.574525],[-73.885857,40.574398],[-73.885725,40.574395]],[[-73.883781,40.57319],[-73.883735,40.573256],[-73.883859,40.573225],[-73.883843,40.57319],[-73.883781,40.57319]],[[-73.883256,40.5714],[-73.882778,40.571559],[-73.882689,40.571682],[-73.882978,40.571718],[-73.883448,40.57159],[-73.883256,40.5714]],[[-73.888843,40.570657],[-73.888441,40.570863],[-73.888306,40.570756],[-73.888183,40.571065],[-73.888248,40.57125],[-73.888503,40.571382],[-73.889522,40.571538],[-73.890725,40.571333],[-73.890849,40.571517],[-73.891281,40.571437],[-73.891312,40.571244],[-73.892134,40.570818],[-73.89159,40.570714],[-73.890046,40.570963],[-73.888843,40.570657]],[[-73.883009,40.5706],[-73.882896,40.570664],[-73.882886,40.570945],[-73.883114,40.571219],[-73.883466,40.571219],[-73.88355,40.571096],[-73.883024,40.570818],[-73.883262,40.570633],[-73.883009,40.5706]],[[-73.897392,40.567853],[-73.897299,40.567948],[-73.897423,40.568002],[-73.897668,40.567886],[-73.897392,40.567853]],[[-73.917454,40.566707],[-73.917546,40.566808],[-73.917741,40.566775],[-73.91767,40.566695],[-73.917454,40.566707]],[[-73.808287,40.558098],[-73.808318,40.558178],[-73.808417,40.558164],[-73.808349,40.558087],[-73.808287,40.558098]],[[-73.808135,40.55733],[-73.808253,40.557454],[-73.808164,40.557549],[-73.808093,40.557485],[-73.808135,40.55733]],[[-73.81625,40.556958],[-73.816178,40.557022],[-73.816188,40.557134],[-73.816304,40.557022],[-73.81625,40.556958]],[[-73.815657,40.556497],[-73.815756,40.556486],[-73.815805,40.556559],[-73.815725,40.556575],[-73.815657,40.556497]],[[-73.808596,40.556188],[-73.808298,40.556373],[-73.807999,40.557114],[-73.807926,40.55767],[-73.808287,40.558],[-73.80841,40.557718],[-73.808565,40.557882],[-73.808904,40.557723],[-73.809213,40.557813],[-73.809704,40.557701],[-73.809865,40.557299],[-73.809769,40.557011],[-73.809381,40.556682],[-73.809117,40.55625],[-73.808596,40.556188]],[[-73.815324,40.554704],[-73.81446,40.555021],[-73.81409,40.555291],[-73.813491,40.556281],[-73.813781,40.556726],[-73.814151,40.556803],[-73.81461,40.557114],[-73.814769,40.557349],[-73.815509,40.557208],[-73.815509,40.556908],[-73.816044,40.556651],[-73.816003,40.556413],[-73.816219,40.55625],[-73.816435,40.556267],[-73.816808,40.555818],[-73.816775,40.555733],[-73.81662,40.555783],[-73.816497,40.55554],[-73.816404,40.555722],[-73.816157,40.555814],[-73.815664,40.555639],[-73.815532,40.55517],[-73.815673,40.554861],[-73.815324,40.554704]],[[-73.761929,40.552863],[-73.761871,40.553225],[-73.761898,40.553283],[-73.76198,40.553133],[-73.761929,40.552863]],[[-73.76196,40.552512],[-73.761927,40.552577],[-73.761929,40.552772],[-73.761961,40.552762],[-73.76196,40.552512]],[[-73.762207,40.552415],[-73.762143,40.552515],[-73.762176,40.552609],[-73.762246,40.552515],[-73.762207,40.552415]],[[-73.761991,40.552242],[-73.761958,40.55233],[-73.761991,40.552425],[-73.762027,40.55233],[-73.761991,40.552242]],[[-73.762207,40.551825],[-73.762158,40.552052],[-73.762207,40.55235],[-73.762277,40.551898],[-73.762207,40.551825]],[[-73.763318,40.550384],[-73.763227,40.550509],[-73.763225,40.550794],[-73.76338,40.550448],[-73.763318,40.550384]],[[-73.766003,40.549788],[-73.765903,40.549954],[-73.765972,40.550069],[-73.766055,40.549892],[-73.766003,40.549788]],[[-73.763762,40.549583],[-73.763852,40.549645],[-73.76375,40.549743],[-73.76373,40.549676],[-73.763762,40.549583]],[[-73.76733,40.549575],[-73.767217,40.54983],[-73.767269,40.549933],[-73.767331,40.54983],[-73.76733,40.549575]],[[-73.761147,40.549367],[-73.761191,40.549522],[-73.761127,40.549597],[-73.761103,40.54946],[-73.761147,40.549367]],[[-73.766404,40.5493],[-73.766321,40.549769],[-73.766404,40.550072],[-73.766499,40.549398],[-73.766404,40.5493]],[[-73.765818,40.549305],[-73.765622,40.549769],[-73.765596,40.550077],[-73.765725,40.550143],[-73.765818,40.549305]],[[-73.765138,40.548904],[-73.76517,40.548911],[-73.765231,40.549028],[-73.76505,40.549028],[-73.765138,40.548904]],[[-73.76393,40.548873],[-73.763997,40.548893],[-73.763997,40.548969],[-73.763933,40.548935],[-73.76393,40.548873]],[[-73.769861,40.547197],[-73.769845,40.547269],[-73.769892,40.547352],[-73.76996,40.547238],[-73.769861,40.547197]],[[-73.767756,40.546528],[-73.767786,40.546991],[-73.767577,40.547418],[-73.767608,40.5469],[-73.767756,40.546528]],[[-73.775478,40.545494],[-73.775446,40.545571],[-73.775478,40.545704],[-73.77552,40.54554],[-73.775478,40.545494]],[[-73.77409,40.545413],[-73.774043,40.54554],[-73.774059,40.545702],[-73.774095,40.545602],[-73.77409,40.545413]],[[-73.772948,40.545231],[-73.772886,40.545339],[-73.773058,40.545293],[-73.773059,40.545262],[-73.772948,40.545231]],[[-73.776435,40.544054],[-73.77639,40.544213],[-73.776435,40.544341],[-73.776484,40.54412],[-73.776435,40.544054]],[[-73.780293,40.542194],[-73.780235,40.542299],[-73.780231,40.542706],[-73.780373,40.542238],[-73.780293,40.542194]],[[-73.779018,40.542022],[-73.779069,40.542114],[-73.778997,40.542337],[-73.778978,40.542114],[-73.779018,40.542022]],[[-73.778297,40.541188],[-73.778393,40.54125],[-73.778256,40.541751],[-73.77821,40.541559],[-73.778297,40.541188]],[[-73.781528,40.540939],[-73.781428,40.541373],[-73.781466,40.541539],[-73.7816,40.540972],[-73.781528,40.540939]],[[-73.781744,40.540732],[-73.781713,40.540759],[-73.781651,40.540948],[-73.781836,40.540891],[-73.781744,40.540732]],[[-73.780664,40.540736],[-73.78063,40.540818],[-73.780725,40.540853],[-73.780756,40.540765],[-73.780664,40.540736]],[[-73.781188,40.540496],[-73.781092,40.540633],[-73.781096,40.540883],[-73.781277,40.540787],[-73.781188,40.540496]],[[-73.783246,40.539398],[-73.78329,40.539491],[-73.783225,40.539526],[-73.7832,40.539491],[-73.783246,40.539398]],[[-73.785664,40.537748],[-73.785571,40.537873],[-73.785448,40.53795],[-73.785756,40.537942],[-73.785664,40.537748]],[[-73.786195,40.535664],[-73.786404,40.535709],[-73.786529,40.536219],[-73.786312,40.53621],[-73.786188,40.536368],[-73.785957,40.536034],[-73.786014,40.535756],[-73.786127,40.535796],[-73.786195,40.535664]],[[-73.786787,40.535602],[-73.786836,40.535571],[-73.786901,40.535633],[-73.786836,40.535668],[-73.786787,40.535602]],[[-73.787782,40.535262],[-73.787855,40.53525],[-73.78794,40.535386],[-73.787793,40.535443],[-73.787782,40.535262]],[[-73.78811,40.534954],[-73.788383,40.535231],[-73.788318,40.535407],[-73.788133,40.535324],[-73.78811,40.534954]],[[-73.788168,40.533657],[-73.78829,40.53375],[-73.788256,40.533841],[-73.788194,40.533811],[-73.788168,40.533657]],[[-73.789099,40.533472],[-73.789159,40.533534],[-73.789059,40.533619],[-73.789028,40.533565],[-73.789099,40.533472]],[[-73.789454,40.53341],[-73.789557,40.533472],[-73.789552,40.533661],[-73.78946,40.533552],[-73.789454,40.53341]],[[-73.790465,40.533133],[-73.79064,40.533256],[-73.79064,40.533318],[-73.790456,40.533318],[-73.790465,40.533133]],[[-73.791867,40.533081],[-73.791867,40.533525],[-73.791528,40.533175],[-73.791447,40.533225],[-73.791533,40.533688],[-73.791651,40.533764],[-73.792156,40.533719],[-73.791867,40.533081]],[[-73.793062,40.531404],[-73.793071,40.531376],[-73.793133,40.531565],[-73.793133,40.531654],[-73.793062,40.531404]],[[-73.791554,40.531343],[-73.791706,40.531497],[-73.791726,40.531775],[-73.791577,40.531559],[-73.791554,40.531343]],[[-73.792934,40.531127],[-73.793043,40.531188],[-73.79304,40.531358],[-73.792939,40.531188],[-73.792934,40.531127]],[[-73.7933,40.531065],[-73.793477,40.531157],[-73.793584,40.531651],[-73.793353,40.531373],[-73.7933,40.531065]],[[-73.793997,40.529799],[-73.794056,40.529861],[-73.794028,40.530015],[-73.793984,40.529985],[-73.793997,40.529799]],[[-73.794869,40.529398],[-73.794936,40.529398],[-73.794985,40.529568],[-73.794923,40.529523],[-73.794869,40.529398]],[[-73.797311,40.528565],[-73.797762,40.528636],[-73.79792,40.528812],[-73.797762,40.528958],[-73.797454,40.528869],[-73.797265,40.528719],[-73.797311,40.528565]],[[-73.800725,40.528347],[-73.800571,40.528368],[-73.800542,40.528441],[-73.800867,40.52841],[-73.800725,40.528347]],[[-73.805385,40.525602],[-73.805386,40.525858],[-73.805089,40.525694],[-73.805139,40.525623],[-73.805385,40.525602]],[[-73.76,40.552044],[-73.76017,40.551827],[-73.760293,40.551336],[-73.760417,40.551449],[-73.760571,40.551366],[-73.760485,40.551836],[-73.760664,40.552031],[-73.760756,40.551892],[-73.761034,40.551906],[-73.761157,40.552308],[-73.761343,40.552082],[-73.761334,40.552515],[-73.761545,40.552608],[-73.76159,40.553014],[-73.761929,40.552238],[-73.761898,40.552],[-73.761764,40.552022],[-73.761829,40.551281],[-73.761646,40.551219],[-73.761746,40.550725],[-73.761559,40.550769],[-73.761292,40.550201],[-73.761528,40.54974],[-73.76159,40.550252],[-73.761775,40.549931],[-73.76196,40.549937],[-73.762011,40.549583],[-73.7621,40.549552],[-73.762145,40.550215],[-73.762485,40.54952],[-73.762499,40.550293],[-73.762708,40.550231],[-73.762824,40.549998],[-73.762917,40.550311],[-73.763164,40.550029],[-73.763349,40.549566],[-73.76338,40.550216],[-73.76375,40.549793],[-73.763935,40.550185],[-73.764275,40.549413],[-73.764183,40.549799],[-73.764244,40.550107],[-73.764522,40.55041],[-73.764707,40.549679],[-73.764841,40.550139],[-73.765015,40.549191],[-73.765046,40.550087],[-73.765231,40.549959],[-73.765386,40.550221],[-73.765464,40.549892],[-73.765317,40.549799],[-73.765633,40.549392],[-73.765756,40.548864],[-73.76591,40.548925],[-73.766065,40.548632],[-73.766134,40.549059],[-73.766034,40.549767],[-73.766373,40.549093],[-73.766532,40.548997],[-73.766596,40.548503],[-73.766503,40.547731],[-73.76662,40.547355],[-73.766794,40.548441],[-73.766679,40.549769],[-73.766867,40.550174],[-73.767053,40.548534],[-73.76696,40.54859],[-73.766897,40.548472],[-73.76694,40.547701],[-73.767114,40.547283],[-73.767198,40.547423],[-73.767145,40.548086],[-73.767299,40.547704],[-73.767515,40.547504],[-73.767701,40.547859],[-73.767835,40.547546],[-73.768147,40.547269],[-73.768149,40.547022],[-73.768287,40.546822],[-73.768133,40.548012],[-73.768287,40.54748],[-73.76841,40.547454],[-73.768565,40.54681],[-73.768627,40.547672],[-73.768796,40.547176],[-73.768997,40.547102],[-73.769098,40.547145],[-73.76909,40.547576],[-73.769381,40.546559],[-73.769275,40.546478],[-73.769107,40.546713],[-73.769306,40.546017],[-73.769398,40.546246],[-73.769605,40.546373],[-73.769376,40.547022],[-73.769429,40.5473],[-73.769552,40.547016],[-73.769676,40.547081],[-73.769761,40.546373],[-73.769923,40.546074],[-73.769985,40.546734],[-73.770293,40.545627],[-73.770408,40.545756],[-73.770268,40.546404],[-73.770251,40.547299],[-73.770481,40.546898],[-73.770444,40.546281],[-73.770818,40.545772],[-73.770919,40.54588],[-73.770963,40.546528],[-73.770787,40.547134],[-73.770849,40.5472],[-73.771106,40.546775],[-73.771219,40.546043],[-73.771401,40.54591],[-73.77162,40.544871],[-73.771678,40.545139],[-73.771499,40.545972],[-73.771651,40.546046],[-73.771929,40.545631],[-73.772005,40.546034],[-73.77222,40.545972],[-73.772363,40.545324],[-73.772492,40.545201],[-73.772239,40.545108],[-73.772828,40.544398],[-73.772651,40.544182],[-73.77277,40.543843],[-73.772618,40.543565],[-73.772978,40.543213],[-73.772878,40.543873],[-73.77306,40.544275],[-73.772903,40.544429],[-73.773058,40.544522],[-73.773141,40.545448],[-73.773403,40.545324],[-73.773441,40.54614],[-73.773627,40.544879],[-73.77382,40.545046],[-73.773904,40.545316],[-73.774182,40.544728],[-73.77422,40.544954],[-73.774387,40.544985],[-73.77446,40.545551],[-73.774676,40.543886],[-73.774861,40.545285],[-73.775262,40.543238],[-73.775433,40.543873],[-73.775226,40.544059],[-73.775154,40.54446],[-73.775201,40.544548],[-73.775386,40.544481],[-73.775492,40.54483],[-73.77566,40.544552],[-73.775727,40.544059],[-73.775652,40.543935],[-73.77591,40.543327],[-73.776002,40.543349],[-73.775972,40.545167],[-73.776281,40.543373],[-73.776419,40.543503],[-73.776651,40.543167],[-73.776836,40.543947],[-73.777061,40.543657],[-73.777157,40.543102],[-73.777546,40.542669],[-73.777391,40.543349],[-73.777423,40.543971],[-73.777634,40.543472],[-73.777671,40.542855],[-73.777793,40.542587],[-73.777824,40.542999],[-73.777959,40.542917],[-73.778194,40.542321],[-73.778318,40.542751],[-73.778503,40.542336],[-73.778688,40.542611],[-73.779059,40.542675],[-73.779244,40.542364],[-73.779398,40.542446],[-73.779557,40.542299],[-73.779799,40.541857],[-73.779804,40.542207],[-73.779892,40.54224],[-73.780022,40.54159],[-73.779958,40.541312],[-73.780139,40.541107],[-73.780229,40.541559],[-73.780381,40.541497],[-73.78048,40.540756],[-73.780668,40.540509],[-73.78069,40.540139],[-73.780876,40.539985],[-73.780769,40.539738],[-73.78091,40.539341],[-73.781034,40.540181],[-73.781219,40.540131],[-73.781343,40.539784],[-73.781497,40.539981],[-73.781406,40.540139],[-73.781497,40.54035],[-73.781719,40.540231],[-73.781836,40.539844],[-73.782176,40.540301],[-73.782392,40.539731],[-73.782515,40.540108],[-73.78267,40.540132],[-73.782831,40.540015],[-73.782917,40.539726],[-73.783102,40.53981],[-73.783472,40.539722],[-73.783627,40.539457],[-73.783812,40.539462],[-73.783845,40.539213],[-73.784011,40.53909],[-73.783958,40.538781],[-73.784306,40.538364],[-73.784695,40.538164],[-73.784742,40.538009],[-73.784645,40.537909],[-73.784469,40.538102],[-73.78433,40.538102],[-73.784505,40.537145],[-73.784923,40.537114],[-73.785417,40.536862],[-73.785849,40.537025],[-73.786209,40.536806],[-73.786116,40.536559],[-73.786188,40.536374],[-73.786521,40.536435],[-73.786423,40.536775],[-73.786528,40.536886],[-73.786898,40.536728],[-73.787114,40.536831],[-73.787176,40.536434],[-73.787327,40.53625],[-73.787207,40.535915],[-73.787639,40.536643],[-73.787754,40.536373],[-73.787729,40.536003],[-73.787399,40.535509],[-73.787423,40.5354],[-73.787622,40.535448],[-73.787911,40.535941],[-73.78841,40.535965],[-73.788565,40.535765],[-73.788812,40.535911],[-73.789181,40.535602],[-73.789221,40.535417],[-73.789151,40.535308],[-73.789059,40.535456],[-73.788812,40.535327],[-73.788596,40.535362],[-73.788503,40.534795],[-73.78875,40.534952],[-73.788966,40.534765],[-73.789213,40.535072],[-73.789295,40.534738],[-73.789552,40.534534],[-73.789738,40.534642],[-73.789954,40.535049],[-73.790015,40.534323],[-73.790201,40.534483],[-73.790448,40.534383],[-73.790509,40.534169],[-73.790725,40.534259],[-73.791003,40.534045],[-73.79125,40.534209],[-73.791453,40.53375],[-73.791065,40.533179],[-73.79088,40.533484],[-73.790712,40.533287],[-73.790748,40.533102],[-73.791127,40.533129],[-73.791188,40.532704],[-73.791426,40.532855],[-73.791682,40.532705],[-73.791806,40.532408],[-73.792238,40.533142],[-73.792251,40.532608],[-73.79246,40.532546],[-73.792485,40.532089],[-73.792824,40.532313],[-73.792978,40.532157],[-73.793225,40.532211],[-73.793778,40.531806],[-73.793649,40.531127],[-73.793916,40.530694],[-73.794059,40.530131],[-73.794182,40.530558],[-73.794583,40.530849],[-73.794738,40.530846],[-73.794738,40.530614],[-73.794985,40.530715],[-73.795324,40.530377],[-73.795509,40.53053],[-73.795602,40.530275],[-73.796005,40.530972],[-73.795878,40.530077],[-73.796003,40.530107],[-73.796312,40.530628],[-73.796227,40.530478],[-73.796281,40.529859],[-73.796528,40.530176],[-73.79662,40.529707],[-73.796775,40.529963],[-73.796929,40.529589],[-73.797098,40.529583],[-73.797114,40.529781],[-73.797477,40.529707],[-73.797485,40.529533],[-73.797886,40.529591],[-73.798349,40.528963],[-73.799367,40.528892],[-73.799463,40.52875],[-73.799306,40.528713],[-73.799309,40.528503],[-73.800108,40.528603],[-73.800514,40.528256],[-73.801404,40.528132],[-73.80147,40.528009],[-73.801216,40.527762],[-73.801312,40.527708],[-73.802269,40.527814],[-73.802515,40.527739],[-73.80268,40.527886],[-73.802803,40.527855],[-73.802988,40.527639],[-73.802956,40.527423],[-73.802608,40.527353],[-73.802639,40.527082],[-73.802504,40.52696],[-73.80317,40.526806],[-73.802457,40.526435],[-73.802485,40.526356],[-73.80375,40.526468],[-73.804244,40.526155],[-73.804799,40.526194],[-73.805139,40.526007],[-73.805571,40.526342],[-73.806373,40.526476],[-73.80645,40.526312],[-73.80595,40.526065],[-73.80565,40.525725],[-73.806219,40.525181],[-73.806312,40.52532],[-73.806806,40.525019],[-73.807855,40.525123],[-73.807865,40.525]]]}},
{"type":"Feature","properties":{"depthFt":60},"geometry":{"type":"MultiLineString","coordinates":[[[-73.779645,40.598863],[-73.779614,40.598923],[-73.779782,40.598966],[-73.779769,40.598894],[-73.779645,40.598863]],[[-73.827701,40.586677],[-73.826991,40.58715],[-73.826879,40.587392],[-73.82733,40.587457],[-73.827759,40.587207],[-73.827923,40.586898],[-73.827701,40.586677]],[[-73.760787,40.53287],[-73.760787,40.532953],[-73.760897,40.532917],[-73.760849,40.532866],[-73.760787,40.53287]],[[-73.762978,40.532684],[-73.762954,40.533164],[-73.763102,40.533386],[-73.763138,40.533071],[-73.762978,40.532684]],[[-73.765571,40.532695],[-73.76543,40.532886],[-73.765478,40.533163],[-73.765637,40.532762],[-73.765571,40.532695]],[[-73.764614,40.532614],[-73.764527,40.532978],[-73.764583,40.533112],[-73.764676,40.532781],[-73.764614,40.532614]],[[-73.761091,40.531096],[-73.761185,40.531096],[-73.761157,40.531223],[-73.761074,40.531188],[-73.761091,40.531096]],[[-73.768343,40.531065],[-73.768448,40.531188],[-73.76838,40.531374],[-73.768343,40.531343],[-73.768343,40.531065]],[[-73.772668,40.530664],[-73.772776,40.530725],[-73.772701,40.530814],[-73.772592,40.530756],[-73.772668,40.530664]],[[-73.772371,40.529954],[-73.772451,40.530046],[-73.772377,40.530417],[-73.772083,40.53075],[-73.772208,40.530108],[-73.772371,40.529954]],[[-73.776096,40.529515],[-73.776056,40.529583],[-73.776096,40.529659],[-73.776153,40.529583],[-73.776096,40.529515]],[[-73.775694,40.529456],[-73.775507,40.529552],[-73.775602,40.529858],[-73.775765,40.529583],[-73.775694,40.529456]],[[-73.775195,40.527238],[-73.775288,40.527423],[-73.77517,40.527567],[-73.775093,40.527454],[-73.775195,40.527238]],[[-73.78162,40.526031],[-73.781528,40.526092],[-73.781497,40.526193],[-73.78162,40.526105],[-73.78162,40.526031]],[[-73.76,40.533018],[-73.760231,40.533266],[-73.760444,40.532886],[-73.760302,40.532207],[-73.760694,40.532208],[-73.760849,40.531769],[-73.761157,40.53153],[-73.761205,40.531836],[-73.76105,40.532083],[-73.761224,40.532762],[-73.761027,40.532793],[-73.761003,40.532948],[-73.761155,40.533225],[-73.761404,40.533311],[-73.761651,40.533038],[-73.761836,40.53306],[-73.761787,40.532855],[-73.761929,40.532516],[-73.762,40.532948],[-73.761876,40.533071],[-73.761984,40.533287],[-73.762141,40.533256],[-73.762361,40.532688],[-73.762406,40.533133],[-73.762546,40.53338],[-73.762678,40.533164],[-73.762819,40.53233],[-73.762978,40.532214],[-73.763347,40.53233],[-73.76341,40.532732],[-73.763502,40.532207],[-73.763596,40.532163],[-73.763596,40.533088],[-73.763725,40.532392],[-73.763873,40.532255],[-73.76398,40.532299],[-73.763858,40.532948],[-73.764028,40.532791],[-73.764151,40.533078],[-73.76433,40.532577],[-73.764275,40.53225],[-73.764614,40.532377],[-73.765139,40.532357],[-73.765284,40.532485],[-73.765231,40.533104],[-73.765381,40.532454],[-73.765664,40.531956],[-73.765725,40.532421],[-73.765941,40.532152],[-73.766127,40.532515],[-73.766188,40.532202],[-73.766435,40.532364],[-73.76659,40.53207],[-73.766682,40.532222],[-73.766867,40.532226],[-73.766991,40.53248],[-73.767176,40.532068],[-73.767343,40.532176],[-73.767423,40.532521],[-73.767639,40.532144],[-73.767793,40.532285],[-73.767953,40.531775],[-73.767793,40.531692],[-73.767608,40.531942],[-73.767596,40.531775],[-73.76733,40.531716],[-73.767361,40.531591],[-73.767855,40.531557],[-73.768071,40.531413],[-73.768,40.532176],[-73.768133,40.532418],[-73.768287,40.531592],[-73.768657,40.532206],[-73.768781,40.532078],[-73.768872,40.531497],[-73.768997,40.53143],[-73.76909,40.532134],[-73.769251,40.531343],[-73.76911,40.531219],[-73.769182,40.5311],[-73.769552,40.531228],[-73.769676,40.531533],[-73.769923,40.531063],[-73.770139,40.531306],[-73.770386,40.531306],[-73.770571,40.531149],[-73.770694,40.531318],[-73.770972,40.530765],[-73.771113,40.531281],[-73.771343,40.531455],[-73.771651,40.530338],[-73.771744,40.531307],[-73.771991,40.530977],[-73.772238,40.53097],[-73.772392,40.53075],[-73.772577,40.530905],[-73.773042,40.530849],[-73.773052,40.530293],[-73.772886,40.530727],[-73.772732,40.530201],[-73.772886,40.529815],[-73.773164,40.53015],[-73.77338,40.529692],[-73.773571,40.529799],[-73.773688,40.530104],[-73.773935,40.529688],[-73.774522,40.529671],[-73.774763,40.529398],[-73.774493,40.529182],[-73.774878,40.529059],[-73.775077,40.528059],[-73.775149,40.528627],[-73.775012,40.529059],[-73.775509,40.529254],[-73.775941,40.528779],[-73.776404,40.528721],[-73.77702,40.528472],[-73.777024,40.528349],[-73.775976,40.527793],[-73.775898,40.527546],[-73.775972,40.527412],[-73.777948,40.527731],[-73.778503,40.527533],[-73.778596,40.527262],[-73.77912,40.527381],[-73.779483,40.527052],[-73.77946,40.527328],[-73.779664,40.527052],[-73.779614,40.526968],[-73.779491,40.527052],[-73.779552,40.526881],[-73.779954,40.526853],[-73.780602,40.526593],[-73.780818,40.526311],[-73.781003,40.52635],[-73.781259,40.526157],[-73.781389,40.52591],[-73.781219,40.525755],[-73.78196,40.525747],[-73.782392,40.52541],[-73.782917,40.525456],[-73.78338,40.525328],[-73.78352,40.52517],[-73.783441,40.525]]]}}
]
}
