{
"type": "FeatureCollection",
"xy_coordinate_resolution": 1e-06,
"features": [
{"type":"Feature","properties":{"kind":"land"},"geometry":{"type":"Polygon","coordinates":[[[-73.850123,40.571636],[-73.850278,40.571512],[-73.849846,40.571481],[-73.849753,40.571543],[-73.849784,40.571605],[-73.85,40.571574],[-73.850031,40.571636],[-73.850123,40.571636]]]}},
{"type":"Feature","properties":{"kind":"land"},"geometry":{"type":"Polygon","coordinates":[[[-73.76,40.590648],[-73.76,40.605],[-73.770185,40.605],[-73.77037,40.604938],[-73.770432,40.604877],[-73.770401,40.604444],[-73.770463,40.604321],[-73.770463,40.603951],[-73.77037,40.603704],[-73.770278,40.603179],[-73.770463,40.603056],[-73.770463,40.602932],[-73.77037,40.602778],[-73.770154,40.602716],[-73.770154,40.602407],[-73.77034,40.602346],[-73.770463,40.602222],[-73.770494,40.602006],[-73.770617,40.601914],[-73.770648,40.601543],[-73.770833,40.601235],[-73.770833,40.60108],[-73.770895,40.600988],[-73.770895,40.600772],[-73.770833,40.600617],[-73.770988,40.600401],[-73.771049,40.600401],[-73.771111,40.600278],[-73.771111,40.599907],[-73.771049,40.599846],[-73.77108,40.59966],[-73.770895,40.599568],[-73.770895,40.59929],[-73.770833,40.599228],[-73.770802,40.599012],[-73.770741,40.598951],[-73.770278,40.598981],[-73.769938,40.598735],[-73.769846,40.598735],[-73.769722,40.598642],[-73.76963,40.598642],[-73.769568,40.59858],[-73.76929,40.598488],[-73.769043,40.598488],[-73.76892,40.598395],[-73.768302,40.598333],[-73.767994,40.598117],[-73.768086,40.59787],[-73.768704,40.597932],[-73.768889,40.598025],[-73.76892,40.598086],[-73.76929,40.598179],[-73.769352,40.598241],[-73.769599,40.598241],[-73.769722,40.598086],[-73.770216,40.598117],[-73.770216,40.598086],[-73.770463,40.598086],[-73.770556,40.598148],[-73.770895,40.59821],[-73.770957,40.598272],[-73.771111,40.598272],[-73.771204,40.598179],[-73.771451,40.598117],[-73.77179,40.597932],[-73.772222,40.597932],[-73.772346,40.59787],[-73.773086,40.597901],[-73.773272,40.598056],[-73.773488,40.598056],[-73.773704,40.598117],[-73.773735,40.598642],[-73.773889,40.598765],[-73.773981,40.598765],[-73.774228,40.599012],[-73.774167,40.599198],[-73.774167,40.599784],[-73.774321,40.599907],[-73.774321,40.600123],[-73.774506,40.600278],[-73.77463,40.600309],[-73.77466,40.600401],[-73.774722,40.600432],[-73.774722,40.60071],[-73.774784,40.600772],[-73.774753,40.601111],[-73.774846,40.601265],[-73.774938,40.601667],[-73.775,40.601728],[-73.775247,40.601698],[-73.77534,40.601636],[-73.775525,40.601636],[-73.775772,40.601543],[-73.775802,40.601481],[-73.775957,40.60142],[-73.776204,40.601111],[-73.776296,40.60108],[-73.776358,40.600895],[-73.776481,40.600741],[-73.776512,40.600556],[-73.776636,40.600401],[-73.776667,40.600247],[-73.776944,40.599969],[-73.776975,40.599815],[-73.777068,40.599722],[-73.777068,40.59966],[-73.776975,40.59966],[-73.776852,40.599722],[-73.776944,40.599475],[-73.777037,40.599444],[-73.777191,40.599259],[-73.777253,40.599259],[-73.777346,40.599167],[-73.7775,40.598858],[-73.777531,40.598673],[-73.777623,40.598673],[-73.77784,40.598457],[-73.778086,40.598364],[-73.778272,40.598148],[-73.778457,40.598117],[-73.778642,40.597932],[-73.778827,40.597932],[-73.778889,40.59784],[-73.778951,40.59784],[-73.778951,40.597778],[-73.779074,40.597623],[-73.779352,40.597562],[-73.779506,40.597438],[-73.779722,40.597377],[-73.779784,40.597222],[-73.779877,40.597191],[-73.780062,40.597006],[-73.780093,40.596914],[-73.780154,40.596914],[-73.780185,40.596975],[-73.780185,40.59716],[-73.780247,40.597222],[-73.780679,40.597315],[-73.78071,40.597377],[-73.781049,40.5975],[-73.781111,40.597623],[-73.781235,40.597654],[-73.781389,40.597932],[-73.781481,40.597963],[-73.781667,40.598179],[-73.781728,40.598179],[-73.781821,40.598272],[-73.781821,40.598364],[-73.781944,40.598457],[-73.782068,40.598765],[-73.782068,40.598951],[-73.782006,40.599136],[-73.781852,40.59929],[-73.781667,40.59929],[-73.781543,40.599414],[-73.781543,40.599475],[-73.78142,40.599537],[-73.781327,40.59966],[-73.781265,40.59966],[-73.781142,40.599815],[-73.780864,40.599938],[-73.780741,40.600062],[-73.78071,40.600216],[-73.780586,40.600309],[-73.780586,40.60037],[-73.780494,40.600401],[-73.780185,40.60071],[-73.779877,40.600772],[-73.779414,40.600586],[-73.779136,40.600586],[-73.778889,40.600494],[-73.778642,40.600494],[-73.778364,40.600401],[-73.778241,40.600401],[-73.778179,40.600463],[-73.778117,40.600586],[-73.778117,40.600741],[-73.777994,40.600864],[-73.777932,40.600864],[-73.77784,40.600988],[-73.777778,40.600988],[-73.777685,40.60108],[-73.777685,40.601204],[-73.7775,40.601296],[-73.777469,40.601389],[-73.777315,40.601543],[-73.777191,40.601574],[-73.77716,40.601636],[-73.777037,40.601667],[-73.776883,40.60179],[-73.776759,40.602037],[-73.776636,40.602099],[-73.776481,40.602531],[-73.776358,40.602593],[-73.77608,40.602901],[-73.77608,40.603056],[-73.775957,40.603179],[-73.775895,40.603488],[-73.775802,40.603549],[-73.775617,40.60392],[-73.775463,40.604074],[-73.77537,40.604321],[-73.775309,40.604321],[-73.775216,40.604414],[-73.775216,40.604568],[-73.775093,40.604938],[-73.775051,40.605],[-73.783735,40.605],[-73.783765,40.604938],[-73.783735,40.604568],[-73.783673,40.604475],[-73.783611,40.604475],[-73.78358,40.604228],[-73.783364,40.603951],[-73.783148,40.60392],[-73.783086,40.603858],[-73.783086,40.603704],[-73.783025,40.603611],[-73.783056,40.603395],[-73.783148,40.60321],[-73.783302,40.603148],[-73.783302,40.602963],[-73.783364,40.60287],[-73.783395,40.602593],[-73.783426,40.6025],[-73.783519,40.602438],[-73.783549,40.602284],[-73.783735,40.60213],[-73.783858,40.602068],[-73.784012,40.602068],[-73.784043,40.602006],[-73.784198,40.601975],[-73.784228,40.601914],[-73.784414,40.601852],[-73.784568,40.601728],[-73.785185,40.601574],[-73.78537,40.601481],[-73.785556,40.601265],[-73.785556,40.600957],[-73.78571,40.60071],[-73.78571,40.600586],[-73.785957,40.600278],[-73.78608,40.600247],[-73.786142,40.600154],[-73.786389,40.600123],[-73.786698,40.599969],[-73.786914,40.599753],[-73.787006,40.599537],[-73.787191,40.599352],[-73.787377,40.59929],[-73.787531,40.599105],[-73.787685,40.599043],[-73.78784,40.598858],[-73.787901,40.598858],[-73.787994,40.598735],[-73.788056,40.598735],[-73.788241,40.598519],[-73.788796,40.598241],[-73.78892,40.598117],[-73.78892,40.598056],[-73.789074,40.597932],[-73.789136,40.597778],[-73.789105,40.597315],[-73.789167,40.597253],[-73.789167,40.597099],[-73.789228,40.597006],[-73.789198,40.596728],[-73.789228,40.596728],[-73.789228,40.59642],[-73.789167,40.596389],[-73.789167,40.596111],[-73.789105,40.596019],[-73.789136,40.595586],[-73.789074,40.59537],[-73.789167,40.595278],[-73.789167,40.595216],[-73.789321,40.595185],[-73.789383,40.595123],[-73.789383,40.595],[-73.789537,40.594969],[-73.789722,40.594753],[-73.79071,40.594784],[-73.790741,40.594877],[-73.790864,40.594969],[-73.790988,40.59537],[-73.791049,40.595432],[-73.790988,40.596019],[-73.79108,40.596358],[-73.791204,40.596574],[-73.791204,40.596944],[-73.791111,40.597068],[-73.79108,40.597253],[-73.791019,40.597284],[-73.790988,40.597407],[-73.790926,40.597438],[-73.790833,40.597623],[-73.790802,40.59784],[-73.790463,40.598519],[-73.79037,40.599198],[-73.790216,40.599352],[-73.790031,40.599414],[-73.789815,40.59966],[-73.789784,40.599784],[-73.789568,40.6],[-73.789383,40.600031],[-73.789352,40.600093],[-73.789043,40.600247],[-73.78892,40.600401],[-73.788796,40.600401],[-73.788704,40.600494],[-73.788519,40.600556],[-73.788519,40.600617],[-73.788426,40.60071],[-73.788272,40.600772],[-73.788056,40.601019],[-73.787932,40.601049],[-73.78787,40.601111],[-73.787809,40.601451],[-73.787716,40.601512],[-73.787685,40.601605],[-73.787562,40.601636],[-73.787469,40.601821],[-73.787469,40.602006],[-73.787407,40.60213],[-73.787253,40.602284],[-73.787191,40.602284],[-73.78716,40.602407],[-73.787068,40.6025],[-73.786914,40.602531],[-73.786883,40.602593],[-73.786636,40.602716],[-73.786543,40.602716],[-73.78642,40.60287],[-73.786265,40.602932],[-73.786235,40.603025],[-73.786296,40.603086],[-73.786389,40.603086],[-73.786451,40.603025],[-73.787315,40.603056],[-73.787315,40.603025],[-73.787531,40.603025],[-73.787593,40.603117],[-73.78787,40.603086],[-73.78787,40.602994],[-73.787932,40.602932],[-73.788148,40.602932],[-73.788272,40.602778],[-73.78858,40.602623],[-73.788704,40.602438],[-73.788889,40.602346],[-73.789012,40.602099],[-73.789228,40.602068],[-73.789259,40.602006],[-73.789321,40.602006],[-73.789321,40.601944],[-73.789414,40.601852],[-73.789568,40.601821],[-73.78963,40.601698],[-73.789784,40.601667],[-73.789969,40.601481],[-73.79,40.601265],[-73.790216,40.601265],[-73.790247,40.601173],[-73.790463,40.600988],[-73.790741,40.600988],[-73.790895,40.600926],[-73.791019,40.600679],[-73.791173,40.600617],[-73.791296,40.600432],[-73.791512,40.60034],[-73.791759,40.600309],[-73.791944,40.600216],[-73.792037,40.600093],[-73.792099,40.600093],[-73.792099,40.600031],[-73.792222,40.599969],[-73.792623,40.6],[-73.79287,40.599938],[-73.79287,40.599969],[-73.793086,40.599969],[-73.793179,40.599938],[-73.79321,40.599877],[-73.793395,40.599877],[-73.793519,40.599815],[-73.793611,40.599691],[-73.79392,40.599537],[-73.794753,40.599475],[-73.794877,40.599383],[-73.795093,40.599383],[-73.795247,40.599475],[-73.795648,40.599475],[-73.795648,40.599444],[-73.796019,40.599444],[-73.796019,40.599414],[-73.796605,40.599414],[-73.796852,40.599321],[-73.797747,40.599352],[-73.797747,40.599321],[-73.798086,40.599321],[-73.79821,40.599198],[-73.798549,40.599198],[-73.798642,40.599259],[-73.798827,40.599228],[-73.798827,40.599259],[-73.799352,40.599259],[-73.799352,40.599228],[-73.799815,40.599228],[-73.799815,40.599198],[-73.800463,40.599198],[-73.800463,40.599167],[-73.800895,40.599167],[-73.800895,40.599136],[-73.801235,40.599105],[-73.801389,40.598981],[-73.801512,40.598981],[-73.801543,40.59892],[-73.801728,40.598858],[-73.802716,40.598889],[-73.802932,40.598827],[-73.80321,40.598488],[-73.803333,40.598426],[-73.803364,40.598302],[-73.803673,40.598025],[-73.803673,40.597963],[-73.803951,40.597901],[-73.804228,40.597747],[-73.804352,40.597747],[-73.80466,40.597623],[-73.804691,40.597562],[-73.804784,40.597531],[-73.804815,40.597407],[-73.804907,40.597346],[-73.804907,40.597253],[-73.805031,40.597099],[-73.804969,40.597037],[-73.804907,40.596759],[-73.804815,40.596667],[-73.804691,40.596358],[-73.80429,40.595957],[-73.804228,40.595772],[-73.803951,40.595494],[-73.803858,40.595278],[-73.803642,40.595185],[-73.803272,40.595154],[-73.80321,40.595062],[-73.803272,40.594784],[-73.80321,40.59466],[-73.803086,40.594537],[-73.802654,40.594444],[-73.802654,40.59429],[-73.802531,40.594043],[-73.802531,40.593827],[-73.802469,40.593642],[-73.802469,40.593426],[-73.802438,40.593426],[-73.8025,40.593241],[-73.802469,40.592809],[-73.802531,40.592685],[-73.802747,40.592623],[-73.802994,40.592623],[-73.803056,40.592685],[-73.803056,40.592809],[-73.803302,40.592778],[-73.80358,40.592932],[-73.803765,40.592932],[-73.803796,40.593025],[-73.803858,40.593025],[-73.804043,40.59321],[-73.804105,40.593395],[-73.804105,40.593488],[-73.804012,40.59358],[-73.804012,40.594012],[-73.804074,40.594105],[-73.804105,40.594352],[-73.804198,40.594444],[-73.804259,40.594444],[-73.804506,40.594722],[-73.804599,40.594753],[-73.80463,40.594907],[-73.804722,40.595],[-73.805494,40.59534],[-73.805772,40.595309],[-73.805772,40.59534],[-73.806019,40.59534],[-73.806019,40.595309],[-73.80642,40.595309],[-73.80642,40.595278],[-73.806821,40.595309],[-73.806852,40.595247],[-73.807006,40.595216],[-73.807191,40.595093],[-73.807253,40.594877],[-73.807469,40.594691],[-73.807531,40.594506],[-73.807685,40.594383],[-73.807747,40.594259],[-73.80787,40.594198],[-73.80787,40.594074],[-73.807716,40.593951],[-73.807716,40.593796],[-73.80787,40.593642],[-73.80787,40.59358],[-73.807685,40.593302],[-73.807191,40.593056],[-73.806451,40.59284],[-73.805988,40.592593],[-73.805586,40.592469],[-73.805463,40.592377],[-73.80537,40.592377],[-73.805062,40.592191],[-73.804907,40.592191],[-73.804753,40.592037],[-73.804321,40.591883],[-73.804228,40.59179],[-73.804228,40.591636],[-73.804321,40.591389],[-73.804691,40.59142],[-73.804969,40.591574],[-73.805031,40.591667],[-73.805401,40.591728],[-73.805648,40.591852],[-73.805802,40.591852],[-73.805833,40.591481],[-73.805802,40.591481],[-73.805802,40.591265],[-73.805833,40.591265],[-73.805895,40.591358],[-73.805895,40.591728],[-73.805988,40.591975],[-73.806265,40.592068],[-73.806327,40.59213],[-73.806512,40.59216],[-73.806574,40.592222],[-73.807068,40.592346],[-73.807315,40.592469],[-73.807346,40.592531],[-73.807685,40.592654],[-73.80787,40.592809],[-73.808241,40.592901],[-73.808395,40.593025],[-73.808519,40.593056],[-73.808549,40.593117],[-73.808765,40.593179],[-73.809012,40.593333],[-73.809352,40.593395],[-73.809475,40.593549],[-73.80966,40.593549],[-73.809722,40.593457],[-73.809537,40.592994],[-73.809506,40.592654],[-73.809568,40.592623],[-73.80963,40.592438],[-73.809753,40.592284],[-73.809907,40.592222],[-73.810278,40.592253],[-73.81071,40.592099],[-73.810833,40.59213],[-73.810895,40.592068],[-73.810926,40.591883],[-73.81108,40.591852],[-73.811142,40.59179],[-73.811142,40.591698],[-73.811204,40.591667],[-73.811235,40.59179],[-73.811327,40.591852],[-73.811389,40.59213],[-73.811481,40.592191],[-73.811543,40.592068],[-73.811512,40.591728],[-73.811543,40.591605],[-73.811914,40.59142],[-73.811944,40.591358],[-73.812191,40.591265],[-73.812809,40.591296],[-73.812809,40.591265],[-73.813086,40.591265],[-73.813179,40.591204],[-73.813272,40.590957],[-73.813426,40.590926],[-73.81358,40.590802],[-73.813765,40.590741],[-73.813796,40.590679],[-73.814074,40.590586],[-73.814383,40.590556],[-73.814537,40.590741],[-73.814599,40.590741],[-73.814599,40.590617],[-73.814691,40.590586],[-73.814753,40.590494],[-73.814815,40.590494],[-73.815031,40.590247],[-73.815031,40.590154],[-73.815123,40.590062],[-73.815247,40.590031],[-73.815278,40.589969],[-73.81571,40.589753],[-73.815802,40.589753],[-73.816049,40.589599],[-73.816142,40.589599],[-73.816389,40.589444],[-73.816605,40.589414],[-73.816759,40.589321],[-73.816914,40.589321],[-73.817037,40.589383],[-73.817253,40.589352],[-73.817407,40.589228],[-73.817531,40.588889],[-73.817654,40.588889],[-73.817654,40.588827],[-73.817747,40.588765],[-73.818025,40.588765],[-73.818241,40.588549],[-73.818457,40.588488],[-73.818704,40.588333],[-73.818889,40.588333],[-73.81892,40.588395],[-73.818981,40.588395],[-73.819012,40.588642],[-73.819074,40.588704],[-73.819383,40.588765],[-73.819414,40.588673],[-73.819352,40.588611],[-73.819352,40.588179],[-73.819383,40.588179],[-73.819383,40.587901],[-73.819444,40.587809],[-73.819599,40.587778],[-73.819784,40.587623],[-73.820093,40.5875],[-73.820123,40.587438],[-73.821358,40.586821],[-73.821481,40.586821],[-73.822685,40.587469],[-73.822901,40.587531],[-73.823333,40.5875],[-73.823951,40.587284],[-73.824722,40.587099],[-73.824907,40.587006],[-73.82537,40.586914],[-73.825525,40.586821],[-73.825988,40.586728],[-73.826265,40.586605],[-73.827253,40.586358],[-73.828025,40.58608],[-73.828241,40.585802],[-73.828519,40.584877],[-73.828673,40.584784],[-73.829043,40.584722],[-73.829136,40.58466],[-73.829352,40.58466],[-73.829506,40.584568],[-73.830031,40.584475],[-73.830957,40.584167],[-73.831235,40.584198],[-73.831389,40.584074],[-73.831481,40.584105],[-73.831451,40.584259],[-73.831605,40.584259],[-73.831698,40.584228],[-73.831728,40.584167],[-73.831574,40.584136],[-73.831605,40.584012],[-73.831883,40.584012],[-73.831914,40.583951],[-73.83216,40.583858],[-73.832654,40.583765],[-73.83284,40.583673],[-73.833086,40.583642],[-73.833519,40.583488],[-73.833796,40.583457],[-73.834105,40.583333],[-73.83463,40.583241],[-73.835525,40.582932],[-73.83571,40.582932],[-73.835833,40.58287],[-73.836481,40.58284],[-73.836481,40.582809],[-73.837284,40.582809],[-73.837284,40.582778],[-73.837593,40.582778],[-73.837593,40.582747],[-73.838673,40.582716],[-73.838981,40.582531],[-73.839074,40.582222],[-73.839136,40.58216],[-73.839136,40.581944],[-73.839228,40.581852],[-73.839815,40.581821],[-73.839815,40.581852],[-73.840586,40.581852],[-73.840586,40.581821],[-73.84108,40.581821],[-73.84108,40.58179],[-73.841636,40.58179],[-73.841636,40.581759],[-73.842284,40.581759],[-73.842284,40.581728],[-73.842593,40.581759],[-73.842716,40.581698],[-73.843611,40.581667],[-73.843611,40.581698],[-73.843765,40.581698],[-73.843765,40.581667],[-73.844074,40.581667],[-73.844074,40.581636],[-73.845278,40.581605],[-73.845432,40.581667],[-73.846142,40.581728],[-73.84642,40.581821],[-73.847253,40.581914],[-73.847377,40.581975],[-73.847716,40.581975],[-73.84784,40.582037],[-73.848426,40.582099],[-73.848426,40.58213],[-73.849475,40.58213],[-73.849475,40.582099],[-73.850525,40.582068],[-73.850802,40.581944],[-73.850926,40.581944],[-73.851481,40.581728],[-73.851605,40.581728],[-73.853086,40.581235],[-73.853272,40.581142],[-73.853302,40.58108],[-73.85358,40.580988],[-73.853611,40.580926],[-73.853765,40.580895],[-73.853827,40.580802],[-73.85392,40.580802],[-73.854105,40.58071],[-73.854136,40.580648],[-73.855062,40.580216],[-73.855093,40.580154],[-73.855278,40.580093],[-73.855309,40.580031],[-73.855617,40.579877],[-73.85571,40.579877],[-73.855772,40.579784],[-73.855864,40.579784],[-73.855895,40.579722],[-73.856265,40.579568],[-73.856296,40.579506],[-73.856636,40.579383],[-73.856667,40.579321],[-73.856914,40.579228],[-73.856944,40.579167],[-73.857222,40.579074],[-73.857253,40.579012],[-73.857438,40.578951],[-73.857469,40.578889],[-73.857778,40.578735],[-73.85787,40.578735],[-73.857901,40.578673],[-73.858086,40.578611],[-73.858117,40.578549],[-73.858611,40.578333],[-73.858642,40.578272],[-73.858951,40.578148],[-73.858981,40.578086],[-73.860586,40.577284],[-73.860617,40.577222],[-73.860802,40.57716],[-73.860833,40.577099],[-73.861111,40.577006],[-73.861296,40.576852],[-73.861451,40.576821],[-73.861481,40.576759],[-73.86213,40.576451],[-73.86216,40.576389],[-73.862253,40.576389],[-73.862623,40.576204],[-73.862654,40.576142],[-73.863272,40.575864],[-73.863302,40.575802],[-73.863951,40.575494],[-73.863981,40.575432],[-73.86429,40.575309],[-73.864321,40.575247],[-73.864414,40.575247],[-73.864444,40.575185],[-73.86463,40.575093],[-73.864722,40.575093],[-73.864846,40.574969],[-73.865278,40.574784],[-73.865309,40.574722],[-73.865741,40.574506],[-73.865833,40.574506],[-73.866389,40.574198],[-73.866481,40.574198],[-73.866636,40.574074],[-73.866728,40.574074],[-73.866883,40.573951],[-73.867037,40.57392],[-73.867407,40.573704],[-73.8675,40.573704],[-73.867901,40.573457],[-73.867994,40.573457],[-73.868302,40.573272],[-73.868395,40.573272],[-73.868673,40.573086],[-73.868765,40.573086],[-73.871142,40.571883],[-73.871358,40.571821],[-73.871451,40.571728],[-73.871543,40.571728],[-73.872593,40.571173],[-73.872685,40.571173],[-73.873796,40.570586],[-73.873889,40.570586],[-73.873981,40.570494],[-73.874321,40.57037],[-73.874352,40.570309],[-73.874444,40.570309],[-73.875,40.57],[-73.875093,40.57],[-73.875123,40.569938],[-73.875494,40.569753],[-73.875648,40.569722],[-73.875741,40.56963],[-73.875833,40.56963],[-73.876389,40.569321],[-73.876636,40.569259],[-73.876975,40.569074],[-73.877253,40.569012],[-73.877315,40.568951],[-73.8775,40.56892],[-73.877562,40.568858],[-73.878056,40.568735],[-73.878395,40.568704],[-73.878395,40.568673],[-73.879074,40.568673],[-73.879074,40.568642],[-73.88034,40.568642],[-73.88034,40.568673],[-73.880895,40.568704],[-73.88108,40.568765],[-73.881728,40.568735],[-73.881975,40.568673],[-73.88216,40.568549],[-73.882253,40.568549],[-73.882623,40.568364],[-73.883333,40.568333],[-73.883457,40.568457],[-73.883549,40.568457],[-73.883673,40.568364],[-73.883642,40.56821],[-73.883704,40.568148],[-73.884383,40.567901],[-73.884537,40.567994],[-73.884537,40.568056],[-73.88466,40.568148],[-73.88466,40.56821],[-73.884877,40.568488],[-73.885154,40.568488],[-73.885648,40.568611],[-73.886667,40.568519],[-73.887562,40.568272],[-73.888827,40.568272],[-73.889012,40.568457],[-73.889228,40.568519],[-73.889537,40.568519],[-73.889537,40.568549],[-73.89037,40.568519],[-73.890617,40.568457],[-73.891265,40.568457],[-73.891265,40.568426],[-73.892438,40.568426],[-73.892531,40.568457],[-73.892531,40.568519],[-73.892623,40.56858],[-73.892716,40.568395],[-73.89284,40.568364],[-73.89287,40.568302],[-73.892994,40.568272],[-73.893117,40.568148],[-73.893426,40.567994],[-73.893457,40.567932],[-73.893673,40.56784],[-73.893704,40.567778],[-73.893981,40.567654],[-73.894228,40.567438],[-73.894444,40.567346],[-73.894753,40.567099],[-73.894815,40.567099],[-73.894846,40.567037],[-73.894969,40.567006],[-73.895,40.566944],[-73.895401,40.566821],[-73.895494,40.566883],[-73.895494,40.566944],[-73.895586,40.567037],[-73.895648,40.567037],[-73.895648,40.566883],[-73.895586,40.566852],[-73.895432,40.566574],[-73.89534,40.566235],[-73.895463,40.566111],[-73.895463,40.566049],[-73.895586,40.565957],[-73.895586,40.565895],[-73.896049,40.565432],[-73.896111,40.565432],[-73.896204,40.565309],[-73.896265,40.565309],[-73.896481,40.565123],[-73.896605,40.565093],[-73.896821,40.564907],[-73.896944,40.564877],[-73.897068,40.564753],[-73.897191,40.564722],[-73.897315,40.564599],[-73.897531,40.564506],[-73.897562,40.564444],[-73.898056,40.564228],[-73.898086,40.564167],[-73.898642,40.56392],[-73.898673,40.563858],[-73.899722,40.563333],[-73.899815,40.563333],[-73.899938,40.563241],[-73.900031,40.563241],[-73.900154,40.563148],[-73.900525,40.563025],[-73.900926,40.562963],[-73.900926,40.562932],[-73.901142,40.562932],[-73.901204,40.56287],[-73.901605,40.562809],[-73.901605,40.562778],[-73.90216,40.562747],[-73.9025,40.56287],[-73.902716,40.563148],[-73.90284,40.563488],[-73.902963,40.563488],[-73.902994,40.563333],[-73.903056,40.563272],[-73.903611,40.563148],[-73.903765,40.563056],[-73.904321,40.562901],[-73.904846,40.56284],[-73.905185,40.562747],[-73.905401,40.562747],[-73.905401,40.562716],[-73.906327,40.562747],[-73.906512,40.56284],[-73.907006,40.562932],[-73.907562,40.56321],[-73.907654,40.56321],[-73.90784,40.563364],[-73.907901,40.563364],[-73.908086,40.563549],[-73.908086,40.563735],[-73.907932,40.564012],[-73.907932,40.564105],[-73.908025,40.564105],[-73.908086,40.564043],[-73.908426,40.564043],[-73.909136,40.564228],[-73.909259,40.56429],[-73.909444,40.564506],[-73.910062,40.564753],[-73.910093,40.564907],[-73.910154,40.564938],[-73.911204,40.565031],[-73.911204,40.565062],[-73.911698,40.565062],[-73.911698,40.565031],[-73.912315,40.564969],[-73.913056,40.564691],[-73.913302,40.564691],[-73.913333,40.56463],[-73.913735,40.564506],[-73.913796,40.564444],[-73.914444,40.564259],[-73.914506,40.564198],[-73.914722,40.564198],[-73.914753,40.564136],[-73.915741,40.563673],[-73.915957,40.563488],[-73.916173,40.563426],[-73.916296,40.563333],[-73.916389,40.563333],[-73.916883,40.563056],[-73.916975,40.563056],[-73.917377,40.56284],[-73.918117,40.562654],[-73.91821,40.562593],[-73.918981,40.5625],[-73.91966,40.562315],[-73.92142,40.562191],[-73.92142,40.56216],[-73.921914,40.56213],[-73.921914,40.562099],[-73.922469,40.562037],[-73.922469,40.562006],[-73.924228,40.561975],[-73.924228,40.561944],[-73.92466,40.561914],[-73.925062,40.56179],[-73.925401,40.56179],[-73.925648,40.561667],[-73.925741,40.561667],[-73.926235,40.561389],[-73.92642,40.561358],[-73.926512,40.561235],[-73.926574,40.561235],[-73.926821,40.560988],[-73.926883,40.560988],[-73.927099,40.560741],[-73.92716,40.560741],[-73.927623,40.560278],[-73.927932,40.560123],[-73.927963,40.560062],[-73.928148,40.56],[-73.928179,40.559938],[-73.928302,40.559907],[-73.928333,40.559846],[-73.92858,40.559722],[-73.928642,40.55963],[-73.928981,40.559444],[-73.929043,40.559352],[-73.929383,40.559167],[-73.929414,40.559105],[-73.929475,40.559105],[-73.929506,40.559043],[-73.929568,40.559043],[-73.929691,40.55892],[-73.929753,40.55892],[-73.929784,40.558858],[-73.929907,40.558827],[-73.929938,40.558765],[-73.930309,40.55858],[-73.930432,40.558457],[-73.930617,40.558395],[-73.930648,40.558333],[-73.931142,40.558086],[-73.931235,40.558086],[-73.931358,40.557994],[-73.931975,40.557809],[-73.932377,40.557778],[-73.932377,40.557747],[-73.933704,40.557747],[-73.933704,40.557716],[-73.934167,40.557716],[-73.93463,40.557562],[-73.935185,40.557562],[-73.935864,40.557377],[-73.936049,40.557253],[-73.936265,40.557191],[-73.936296,40.55713],[-73.936852,40.556852],[-73.936883,40.55679],[-73.937099,40.556698],[-73.937222,40.556574],[-73.937346,40.556543],[-73.937377,40.556481],[-73.93787,40.556235],[-73.937901,40.556173],[-73.938642,40.555802],[-73.938951,40.555556],[-73.939012,40.555556],[-73.939074,40.555463],[-73.939321,40.55534],[-73.939383,40.555247],[-73.939537,40.555185],[-73.939599,40.555093],[-73.939753,40.555031],[-73.939969,40.554815],[-73.940031,40.554815],[-73.940185,40.55463],[-73.940247,40.55463],[-73.940679,40.554198],[-73.940679,40.554136],[-73.940895,40.553951],[-73.940895,40.553889],[-73.941049,40.553765],[-73.941142,40.55358],[-73.941235,40.553519],[-73.941358,40.553272],[-73.94142,40.553241],[-73.941451,40.553117],[-73.941512,40.553086],[-73.941698,40.552654],[-73.941759,40.552407],[-73.941759,40.551852],[-73.941543,40.55142],[-73.941389,40.551265],[-73.94142,40.55108],[-73.941389,40.551019],[-73.941019,40.550617],[-73.940895,40.550556],[-73.940895,40.550494],[-73.940617,40.550247],[-73.940617,40.550185],[-73.94037,40.549907],[-73.940216,40.549537],[-73.940185,40.549167],[-73.940154,40.549167],[-73.940154,40.548735],[-73.940123,40.548735],[-73.940185,40.547407],[-73.940216,40.547407],[-73.940247,40.54679],[-73.940278,40.54679],[-73.940278,40.546204],[-73.940309,40.546204],[-73.940309,40.545926],[-73.94034,40.545926],[-73.940407,40.545],[-73.933519,40.545],[-73.933519,40.545],[-73.933056,40.545062],[-73.933056,40.545093],[-73.93287,40.545093],[-73.932747,40.545154],[-73.932593,40.545154],[-73.932099,40.545278],[-73.932006,40.54534],[-73.931759,40.54537],[-73.931574,40.545463],[-73.931451,40.545463],[-73.931358,40.545525],[-73.931235,40.545525],[-73.931049,40.545617],[-73.930926,40.545617],[-73.930278,40.545833],[-73.930216,40.545895],[-73.92963,40.546049],[-73.929012,40.546358],[-73.92858,40.546481],[-73.928395,40.546605],[-73.927747,40.546821],[-73.927407,40.547006],[-73.927222,40.547037],[-73.92716,40.547099],[-73.926667,40.547253],[-73.926451,40.547377],[-73.926265,40.547407],[-73.926204,40.547469],[-73.925648,40.547654],[-73.925586,40.547716],[-73.925401,40.547747],[-73.925185,40.54787],[-73.924167,40.54821],[-73.923735,40.548426],[-73.923056,40.548642],[-73.922747,40.548796],[-73.922469,40.548858],[-73.922346,40.548951],[-73.922068,40.549012],[-73.921759,40.549167],[-73.921481,40.549228],[-73.921358,40.549321],[-73.921235,40.549321],[-73.921173,40.549383],[-73.920741,40.549506],[-73.920525,40.54963],[-73.919722,40.549877],[-73.919506,40.55],[-73.919198,40.550062],[-73.919043,40.550154],[-73.918858,40.550185],[-73.918796,40.550247],[-73.918426,40.55034],[-73.918025,40.550556],[-73.91784,40.550586],[-73.917377,40.550833],[-73.917284,40.550833],[-73.916883,40.551049],[-73.91679,40.551049],[-73.91642,40.551265],[-73.915833,40.551451],[-73.915494,40.551636],[-73.915123,40.551728],[-73.914938,40.551852],[-73.914506,40.551975],[-73.91429,40.552099],[-73.914012,40.55216],[-73.913457,40.552438],[-73.912191,40.55284],[-73.91216,40.552901],[-73.911883,40.552994],[-73.911821,40.553056],[-73.911173,40.553241],[-73.910864,40.553426],[-73.910123,40.553673],[-73.909877,40.553827],[-73.909383,40.553981],[-73.908765,40.55429],[-73.90858,40.554321],[-73.90784,40.554691],[-73.907593,40.554753],[-73.907469,40.554846],[-73.907222,40.554907],[-73.906944,40.555062],[-73.906759,40.555093],[-73.906636,40.555185],[-73.906543,40.555185],[-73.906204,40.55537],[-73.906111,40.55537],[-73.905864,40.555525],[-73.905648,40.555556],[-73.905401,40.555679],[-73.905216,40.55571],[-73.905154,40.555772],[-73.905062,40.555772],[-73.904877,40.555895],[-73.904198,40.55608],[-73.903858,40.556235],[-73.903179,40.556358],[-73.902747,40.556512],[-73.902037,40.556636],[-73.90179,40.556728],[-73.901451,40.556728],[-73.901327,40.55679],[-73.900957,40.556821],[-73.900556,40.556698],[-73.900093,40.556821],[-73.899784,40.55679],[-73.899414,40.556914],[-73.899136,40.556883],[-73.899074,40.556944],[-73.898611,40.557068],[-73.898549,40.55713],[-73.898272,40.55716],[-73.898179,40.557222],[-73.897963,40.557222],[-73.89784,40.557284],[-73.897407,40.557253],[-73.897253,40.55716],[-73.897253,40.557099],[-73.89713,40.557068],[-73.896698,40.557253],[-73.896265,40.557346],[-73.896204,40.557407],[-73.89608,40.557407],[-73.895895,40.5575],[-73.895772,40.5575],[-73.89571,40.557562],[-73.895247,40.557593],[-73.895123,40.5575],[-73.894877,40.557531],[-73.894722,40.557623],[-73.894537,40.557654],[-73.894506,40.557716],[-73.894074,40.55784],[-73.893951,40.557932],[-73.893827,40.557932],[-73.892901,40.558272],[-73.892469,40.558302],[-73.892284,40.558241],[-73.892037,40.558364],[-73.891944,40.558364],[-73.891821,40.558457],[-73.891636,40.558488],[-73.891574,40.558549],[-73.891451,40.558549],[-73.891296,40.558642],[-73.891111,40.558673],[-73.890988,40.558765],[-73.890586,40.558858],[-73.890525,40.55892],[-73.890154,40.559012],[-73.889877,40.559012],[-73.889691,40.558951],[-73.88963,40.559012],[-73.889352,40.559074],[-73.88929,40.559136],[-73.88892,40.559228],[-73.88858,40.559414],[-73.888457,40.559414],[-73.888241,40.559537],[-73.887716,40.55966],[-73.887623,40.559722],[-73.887191,40.559753],[-73.887068,40.559691],[-73.886235,40.559969],[-73.886111,40.560062],[-73.885895,40.560093],[-73.885772,40.560185],[-73.885617,40.560185],[-73.885278,40.560309],[-73.884938,40.560278],[-73.884877,40.56034],[-73.884753,40.56034],[-73.884691,40.560401],[-73.884414,40.560463],[-73.884105,40.560648],[-73.883981,40.560648],[-73.88392,40.56071],[-73.883549,40.560802],[-73.883302,40.560926],[-73.882901,40.560988],[-73.882901,40.561019],[-73.882438,40.560988],[-73.882407,40.561049],[-73.88213,40.561111],[-73.882006,40.561204],[-73.881512,40.561327],[-73.881451,40.561389],[-73.880895,40.561574],[-73.880494,40.561605],[-73.88037,40.561574],[-73.880278,40.561667],[-73.879815,40.561821],[-73.879074,40.562191],[-73.878889,40.562222],[-73.878364,40.5625],[-73.878179,40.562531],[-73.878025,40.562623],[-73.877901,40.562623],[-73.877778,40.562716],[-73.877562,40.562747],[-73.877438,40.56284],[-73.877222,40.56287],[-73.876975,40.562994],[-73.876852,40.562994],[-73.876605,40.563117],[-73.876481,40.563117],[-73.876327,40.56321],[-73.876204,40.56321],[-73.87608,40.563302],[-73.875833,40.563333],[-73.87571,40.563426],[-73.875556,40.563426],[-73.875494,40.563488],[-73.875278,40.563519],[-73.875216,40.56358],[-73.875093,40.56358],[-73.874907,40.563673],[-73.874691,40.563673],[-73.874383,40.563827],[-73.874198,40.563858],[-73.874105,40.563951],[-73.873889,40.564012],[-73.873796,40.564105],[-73.873673,40.564105],[-73.873488,40.564228],[-73.873364,40.564228],[-73.873302,40.56429],[-73.873179,40.56429],[-73.873086,40.564352],[-73.87287,40.564352],[-73.87284,40.56429],[-73.872716,40.56429],[-73.872685,40.564352],[-73.872191,40.564475],[-73.871975,40.564599],[-73.871852,40.564599],[-73.871296,40.564877],[-73.871204,40.564877],[-73.87108,40.564969],[-73.870741,40.565062],[-73.870247,40.565309],[-73.86966,40.565494],[-73.869599,40.565556],[-73.869475,40.565556],[-73.869383,40.565617],[-73.868889,40.565741],[-73.868673,40.565741],[-73.86858,40.565648],[-73.868426,40.565648],[-73.867963,40.565802],[-73.867901,40.565864],[-73.867809,40.565864],[-73.867778,40.565926],[-73.867562,40.565988],[-73.867531,40.566049],[-73.866852,40.566265],[-73.866728,40.566358],[-73.866512,40.566358],[-73.86642,40.56642],[-73.866265,40.56642],[-73.866204,40.566481],[-73.866049,40.566481],[-73.865864,40.566574],[-73.865741,40.566574],[-73.865679,40.566636],[-73.865556,40.566636],[-73.865463,40.566698],[-73.865216,40.566728],[-73.865,40.566821],[-73.864846,40.566821],[-73.863981,40.567191],[-73.863704,40.567222],[-73.863704,40.567253],[-73.863333,40.567253],[-73.863179,40.567099],[-73.863179,40.567037],[-73.863086,40.567006],[-73.862932,40.566821],[-73.862809,40.566821],[-73.862438,40.567006],[-73.862253,40.567037],[-73.862068,40.56716],[-73.861975,40.56716],[-73.861852,40.567253],[-73.861759,40.567253],[-73.861636,40.567346],[-73.861543,40.567346],[-73.86142,40.567438],[-73.861327,40.567438],[-73.861142,40.567562],[-73.861049,40.567562],[-73.860679,40.567778],[-73.86037,40.56787],[-73.860216,40.567994],[-73.860062,40.568025],[-73.859969,40.568117],[-73.859568,40.568241],[-73.859475,40.568333],[-73.859383,40.568333],[-73.859198,40.568457],[-73.859043,40.568488],[-73.859012,40.568549],[-73.858827,40.56858],[-73.858765,40.568642],[-73.858642,40.568642],[-73.858611,40.56858],[-73.858549,40.568735],[-73.858395,40.568735],[-73.858117,40.568889],[-73.857932,40.56892],[-73.857809,40.569012],[-73.85713,40.569228],[-73.857006,40.569321],[-73.856914,40.569321],[-73.856852,40.569383],[-73.856759,40.569383],[-73.856698,40.569444],[-73.856605,40.569444],[-73.856543,40.569506],[-73.856265,40.569599],[-73.856142,40.569599],[-73.855432,40.569846],[-73.855,40.569907],[-73.854228,40.570123],[-73.853704,40.570401],[-73.853117,40.570586],[-73.852315,40.570988],[-73.851975,40.571049],[-73.851944,40.571111],[-73.851636,40.571204],[-73.851574,40.571265],[-73.850895,40.571451],[-73.850741,40.571543],[-73.850617,40.571543],[-73.850556,40.571605],[-73.850185,40.571698],[-73.849969,40.571821],[-73.849691,40.571883],[-73.84963,40.571944],[-73.849198,40.572068],[-73.848735,40.572284],[-73.84821,40.572438],[-73.848148,40.5725],[-73.847685,40.572654],[-73.847562,40.572654],[-73.8475,40.572716],[-73.846975,40.57284],[-73.846883,40.572901],[-73.846358,40.572994],[-73.845988,40.573117],[-73.845926,40.573179],[-73.845185,40.573395],[-73.845123,40.573457],[-73.84429,40.573735],[-73.843735,40.573858],[-73.843549,40.573951],[-73.843056,40.574043],[-73.842747,40.574167],[-73.842562,40.574167],[-73.842469,40.574228],[-73.842253,40.574228],[-73.842037,40.574321],[-73.841481,40.574414],[-73.840957,40.57463],[-73.840494,40.574907],[-73.840247,40.574969],[-73.840185,40.575031],[-73.840093,40.575031],[-73.839568,40.575278],[-73.839259,40.57534],[-73.839198,40.575401],[-73.839012,40.575401],[-73.83892,40.575463],[-73.838457,40.575525],[-73.838364,40.575586],[-73.837284,40.575833],[-73.836944,40.576019],[-73.836759,40.576049],[-73.836451,40.576235],[-73.836235,40.576265],[-73.836049,40.576389],[-73.835926,40.576389],[-73.83534,40.576605],[-73.834414,40.576759],[-73.833858,40.576944],[-73.833735,40.577037],[-73.833333,40.57713],[-73.83321,40.577222],[-73.833056,40.577222],[-73.8325,40.577407],[-73.832377,40.577407],[-73.832284,40.577469],[-73.83216,40.577469],[-73.83179,40.577593],[-73.831728,40.577654],[-73.831358,40.577747],[-73.830988,40.577932],[-73.83071,40.577994],[-73.830123,40.578272],[-73.829938,40.578302],[-73.829877,40.578364],[-73.829444,40.578488],[-73.828704,40.57858],[-73.828457,40.578704],[-73.828364,40.578704],[-73.828302,40.578765],[-73.82821,40.578765],[-73.827809,40.578981],[-73.826975,40.579259],[-73.826481,40.579352],[-73.82642,40.579414],[-73.826235,40.579444],[-73.825895,40.57963],[-73.825525,40.579753],[-73.825154,40.579784],[-73.825154,40.579815],[-73.824444,40.579938],[-73.823519,40.580309],[-73.823395,40.580309],[-73.823117,40.580432],[-73.822222,40.580648],[-73.82216,40.58071],[-73.822068,40.58071],[-73.822006,40.580772],[-73.821914,40.580772],[-73.82179,40.580864],[-73.821698,40.580864],[-73.821636,40.580926],[-73.821358,40.581019],[-73.820895,40.58108],[-73.820895,40.581111],[-73.820062,40.581173],[-73.820062,40.581204],[-73.819414,40.581327],[-73.818426,40.581728],[-73.818426,40.58179],[-73.818272,40.581914],[-73.817778,40.582006],[-73.817593,40.582099],[-73.817407,40.582099],[-73.817315,40.582191],[-73.817191,40.582191],[-73.816944,40.582315],[-73.81679,40.582315],[-73.816327,40.582469],[-73.816204,40.582469],[-73.816111,40.582531],[-73.815957,40.582531],[-73.815679,40.582654],[-73.814907,40.58284],[-73.814753,40.582932],[-73.813457,40.583241],[-73.813395,40.583302],[-73.813272,40.583302],[-73.813179,40.583364],[-73.812315,40.583519],[-73.812315,40.583549],[-73.811728,40.583611],[-73.811728,40.583642],[-73.810864,40.583673],[-73.810617,40.582994],[-73.810494,40.582963],[-73.810463,40.583117],[-73.810525,40.58321],[-73.810556,40.583426],[-73.810463,40.583488],[-73.80892,40.583889],[-73.808395,40.583889],[-73.808241,40.583488],[-73.808086,40.583457],[-73.808086,40.583611],[-73.808179,40.583796],[-73.808179,40.583889],[-73.808117,40.583951],[-73.806358,40.584383],[-73.805864,40.584383],[-73.805679,40.58392],[-73.805586,40.583889],[-73.805556,40.584043],[-73.805648,40.584259],[-73.805617,40.584444],[-73.804136,40.584877],[-73.803549,40.584907],[-73.803426,40.584691],[-73.803364,40.584414],[-73.803302,40.584414],[-73.803272,40.584568],[-73.803333,40.584753],[-73.803272,40.584877],[-73.803179,40.584907],[-73.80213,40.585093],[-73.80213,40.585123],[-73.801944,40.585123],[-73.801944,40.585154],[-73.801142,40.585247],[-73.800957,40.584938],[-73.800926,40.584784],[-73.800833,40.584753],[-73.800895,40.585216],[-73.800772,40.585309],[-73.798951,40.585833],[-73.798642,40.585833],[-73.798457,40.585432],[-73.798395,40.585432],[-73.798395,40.585648],[-73.798457,40.585772],[-73.798426,40.585895],[-73.797037,40.586235],[-73.796852,40.586235],[-73.796667,40.586296],[-73.796204,40.586296],[-73.796111,40.586142],[-73.796049,40.585833],[-73.795988,40.585741],[-73.795926,40.585741],[-73.795895,40.585864],[-73.795988,40.58608],[-73.795988,40.586296],[-73.795926,40.586358],[-73.79463,40.586698],[-73.794444,40.586698],[-73.79429,40.586759],[-73.793765,40.586759],[-73.793642,40.586543],[-73.793611,40.586358],[-73.793488,40.586296],[-73.793488,40.586481],[-73.793549,40.586574],[-73.793519,40.58679],[-73.79287,40.587037],[-73.792747,40.587037],[-73.792284,40.587222],[-73.791883,40.587284],[-73.791883,40.587315],[-73.791327,40.587315],[-73.791142,40.586975],[-73.791111,40.586759],[-73.790988,40.586728],[-73.790988,40.586852],[-73.791111,40.587099],[-73.791111,40.587315],[-73.79037,40.587593],[-73.790247,40.587593],[-73.789784,40.587747],[-73.789105,40.587778],[-73.789105,40.587809],[-73.78892,40.587778],[-73.788765,40.587469],[-73.788673,40.587099],[-73.788549,40.587099],[-73.788642,40.587593],[-73.788457,40.587685],[-73.788241,40.587685],[-73.788148,40.587747],[-73.787963,40.587747],[-73.78784,40.587809],[-73.787654,40.587809],[-73.787654,40.58784],[-73.786698,40.587994],[-73.786543,40.588056],[-73.786327,40.588056],[-73.785741,40.58821],[-73.785556,40.58821],[-73.785432,40.588272],[-73.785,40.588302],[-73.784321,40.588488],[-73.782994,40.588673],[-73.78287,40.588735],[-73.782685,40.588735],[-73.781698,40.588981],[-73.781235,40.588981],[-73.781235,40.589012],[-73.780802,40.589043],[-73.779846,40.58929],[-73.779599,40.58929],[-73.779043,40.589475],[-73.778457,40.589537],[-73.77784,40.589691],[-73.77679,40.589753],[-73.776636,40.589815],[-73.776049,40.589877],[-73.775895,40.589938],[-73.77534,40.59],[-73.775031,40.590093],[-73.774383,40.590154],[-73.774043,40.590247],[-73.773796,40.590247],[-73.773765,40.590154],[-73.773611,40.590154],[-73.773519,40.590247],[-73.772438,40.59037],[-73.772438,40.590401],[-73.771821,40.590432],[-73.771821,40.590463],[-73.771574,40.590463],[-73.771358,40.590525],[-73.771111,40.590525],[-73.771111,40.590556],[-73.770926,40.590556],[-73.770802,40.590494],[-73.770556,40.590617],[-73.770185,40.590648],[-73.770185,40.590679],[-73.769506,40.590772],[-73.769506,40.590802],[-73.769012,40.590833],[-73.769012,40.590864],[-73.768364,40.590895],[-73.768364,40.590864],[-73.768086,40.590833],[-73.768025,40.590741],[-73.768025,40.590463],[-73.767932,40.590463],[-73.767901,40.590525],[-73.767901,40.590741],[-73.767654,40.590802],[-73.767377,40.590802],[-73.767284,40.590864],[-73.766975,40.590864],[-73.766883,40.590926],[-73.764938,40.590895],[-73.764815,40.590957],[-73.763302,40.590926],[-73.763179,40.590957],[-73.763179,40.590926],[-73.761975,40.590833],[-73.761852,40.590772],[-73.761667,40.590802],[-73.761667,40.590772],[-73.761358,40.590772],[-73.761358,40.590741],[-73.761049,40.590741],[-73.761049,40.59071],[-73.760247,40.590679],[-73.760247,40.590648],[-73.760062,40.590679],[-73.760062,40.590648],[-73.76,40.590648]],[[-73.8075,40.592191],[-73.807377,40.59213],[-73.807315,40.592006],[-73.807377,40.59179],[-73.807531,40.591821],[-73.807531,40.591883],[-73.807623,40.591975],[-73.807593,40.59213],[-73.8075,40.592191]],[[-73.765278,40.591204],[-73.765093,40.591204],[-73.765031,40.591142],[-73.765031,40.591019],[-73.765278,40.590988],[-73.765278,40.591019],[-73.766296,40.591019],[-73.766296,40.591049],[-73.766914,40.591019],[-73.766914,40.591111],[-73.766142,40.591142],[-73.766142,40.591173],[-73.765278,40.591173],[-73.765278,40.591204]],[[-73.936327,40.553765],[-73.936204,40.553765],[-73.936173,40.553673],[-73.936512,40.55358],[-73.936728,40.553611],[-73.936728,40.553673],[-73.936358,40.553673],[-73.936327,40.553765]],[[-73.936358,40.552623],[-73.936265,40.552623],[-73.936204,40.5525],[-73.93642,40.552469],[-73.936543,40.552377],[-73.936574,40.552284],[-73.936698,40.552284],[-73.936605,40.552438],[-73.936358,40.552623]],[[-73.937222,40.547438],[-73.937099,40.547407],[-73.93713,40.547284],[-73.937469,40.547222],[-73.937469,40.547315],[-73.937407,40.547377],[-73.937284,40.547377],[-73.937222,40.547438]]]}},
{"type":"Feature","properties":{"kind":"land"},"geometry":{"type":"Polygon","coordinates":[[[-73.924228,40.582623],[-73.924228,40.582562],[-73.923179,40.582438],[-73.923179,40.5825],[-73.923272,40.582531],[-73.924228,40.582623]]]}},
{"type":"Feature","properties":{"kind":"land"},"geometry":{"type":"Polygon","coordinates":[[[-73.942901,40.583333],[-73.94287,40.583457],[-73.942685,40.583457],[-73.942654,40.583395],[-73.942469,40.583302],[-73.942284,40.583302],[-73.942284,40.583426],[-73.942222,40.583519],[-73.941636,40.583519],[-73.941512,40.583457],[-73.941481,40.583364],[-73.94142,40.583333],[-73.940895,40.583333],[-73.940772,40.58321],[-73.940525,40.583272],[-73.939444,40.583333],[-73.939321,40.583272],[-73.939321,40.58321],[-73.939228,40.583148],[-73.938827,40.583179],[-73.938765,40.583148],[-73.938765,40.583179],[-73.938519,40.583179],[-73.938457,40.583272],[-73.93716,40.583302],[-73.937068,40.58321],[-73.936265,40.583148],[-73.936142,40.583272],[-73.935833,40.583272],[-73.935833,40.583241],[-73.93537,40.583241],[-73.935278,40.58321],[-73.935216,40.583117],[-73.935031,40.583117],[-73.935031,40.583086],[-73.934414,40.583117],[-73.93429,40.583086],[-73.934167,40.582932],[-73.933457,40.582932],[-73.933426,40.582994],[-73.933272,40.582994],[-73.933086,40.582932],[-73.932531,40.582932],[-73.932284,40.583056],[-73.931944,40.583086],[-73.931852,40.583056],[-73.931667,40.58287],[-73.931389,40.58287],[-73.931327,40.582809],[-73.930926,40.582778],[-73.930802,40.58284],[-73.930833,40.582994],[-73.930617,40.583148],[-73.929691,40.583395],[-73.929444,40.583395],[-73.92929,40.583457],[-73.928457,40.583457],[-73.928364,40.583395],[-73.928302,40.583025],[-73.92821,40.583025],[-73.928179,40.583333],[-73.928117,40.583457],[-73.926636,40.583488],[-73.926636,40.583457],[-73.925772,40.583426],[-73.925772,40.583395],[-73.924568,40.583302],[-73.924012,40.583117],[-73.923765,40.58287],[-73.923611,40.582809],[-73.923457,40.58284],[-73.923426,40.582901],[-73.922994,40.583086],[-73.922685,40.583117],[-73.922685,40.583086],[-73.922407,40.583086],[-73.922068,40.582963],[-73.921944,40.582963],[-73.921883,40.582901],[-73.921389,40.582747],[-73.921265,40.582654],[-73.921019,40.582593],[-73.920586,40.582377],[-73.920062,40.582222],[-73.919938,40.58213],[-73.919907,40.581975],[-73.919846,40.581975],[-73.919753,40.582068],[-73.919414,40.582685],[-73.918981,40.582716],[-73.918981,40.582685],[-73.918796,40.582685],[-73.917562,40.582315],[-73.9175,40.582253],[-73.917253,40.582191],[-73.916821,40.581975],[-73.916728,40.581975],[-73.916111,40.581667],[-73.915802,40.581636],[-73.915401,40.581512],[-73.914938,40.581481],[-73.914938,40.581451],[-73.914506,40.58142],[-73.914506,40.581389],[-73.914043,40.581389],[-73.914043,40.581358],[-73.913148,40.581389],[-73.912191,40.581667],[-73.911914,40.581667],[-73.911698,40.581574],[-73.911605,40.581667],[-73.911605,40.581728],[-73.91142,40.581821],[-73.911296,40.581975],[-73.911296,40.582037],[-73.911235,40.582068],[-73.911142,40.582315],[-73.911142,40.582654],[-73.911235,40.582901],[-73.911451,40.583117],[-73.911512,40.583117],[-73.911543,40.583179],[-73.911667,40.58321],[-73.91179,40.583333],[-73.912099,40.583488],[-73.912284,40.583488],[-73.912377,40.583395],[-73.912315,40.583117],[-73.912438,40.583086],[-73.912469,40.583025],[-73.912623,40.583025],[-73.912685,40.582963],[-73.91284,40.582963],[-73.912932,40.582901],[-73.913056,40.582963],[-73.913302,40.582963],[-73.913457,40.58284],[-73.913735,40.582747],[-73.914043,40.582747],[-73.914228,40.582654],[-73.914444,40.582654],[-73.914506,40.582623],[-73.914568,40.582438],[-73.914938,40.582407],[-73.914938,40.582438],[-73.915154,40.582438],[-73.91537,40.582377],[-73.915432,40.582438],[-73.915833,40.582438],[-73.916019,40.5825],[-73.916049,40.582685],[-73.916204,40.582747],[-73.916111,40.58284],[-73.915741,40.58287],[-73.915525,40.582994],[-73.915093,40.583056],[-73.915093,40.583086],[-73.914938,40.583056],[-73.914938,40.582901],[-73.914846,40.582809],[-73.91466,40.582747],[-73.914537,40.582747],[-73.914167,40.582932],[-73.914074,40.582932],[-73.913981,40.582809],[-73.913796,40.582809],[-73.913704,40.582994],[-73.913642,40.583025],[-73.913488,40.583025],[-73.913333,40.583117],[-73.913086,40.583117],[-73.912963,40.583056],[-73.912778,40.583117],[-73.912685,40.58321],[-73.912654,40.583333],[-73.9125,40.583457],[-73.912469,40.583611],[-73.912654,40.583673],[-73.912747,40.583796],[-73.912716,40.584352],[-73.912593,40.584537],[-73.912469,40.584537],[-73.912438,40.584722],[-73.912562,40.584784],[-73.912531,40.585154],[-73.912562,40.585154],[-73.912593,40.585648],[-73.912747,40.585833],[-73.912809,40.585833],[-73.91287,40.585957],[-73.913148,40.586111],[-73.91358,40.586142],[-73.913704,40.586049],[-73.913858,40.586049],[-73.913951,40.586111],[-73.91429,40.586173],[-73.914352,40.586235],[-73.91466,40.586235],[-73.914846,40.586296],[-73.915494,40.586265],[-73.915741,40.586204],[-73.915802,40.586142],[-73.916265,40.586049],[-73.916358,40.585988],[-73.916512,40.585988],[-73.916698,40.585895],[-73.916975,40.585864],[-73.917037,40.585741],[-73.91716,40.585679],[-73.917284,40.585679],[-73.917377,40.585617],[-73.917654,40.585617],[-73.917716,40.585556],[-73.917901,40.585525],[-73.917932,40.585463],[-73.918148,40.585432],[-73.91821,40.58537],[-73.918426,40.58537],[-73.918488,40.585309],[-73.918765,40.585247],[-73.918951,40.585031],[-73.919043,40.585031],[-73.919198,40.584938],[-73.919753,40.584846],[-73.919938,40.584691],[-73.920185,40.58463],[-73.920833,40.58466],[-73.921019,40.584599],[-73.921111,40.58466],[-73.922685,40.58466],[-73.923117,40.584784],[-73.923488,40.584815],[-73.923488,40.584784],[-73.923981,40.584722],[-73.924074,40.58466],[-73.924722,40.58463],[-73.924722,40.58466],[-73.925,40.58466],[-73.925,40.584691],[-73.92537,40.584691],[-73.925494,40.584846],[-73.92571,40.584907],[-73.925833,40.585],[-73.926019,40.585031],[-73.926173,40.585216],[-73.926111,40.585278],[-73.926111,40.585463],[-73.925988,40.585525],[-73.925988,40.585617],[-73.926142,40.585648],[-73.926173,40.585586],[-73.926389,40.585525],[-73.926451,40.585586],[-73.926451,40.585679],[-73.926327,40.585833],[-73.926327,40.585957],[-73.926512,40.585926],[-73.926636,40.585772],[-73.926759,40.585802],[-73.926728,40.585926],[-73.926574,40.58608],[-73.926605,40.586173],[-73.926728,40.586204],[-73.92679,40.586173],[-73.927006,40.585926],[-73.9275,40.586019],[-73.927562,40.58608],[-73.927778,40.58608],[-73.927932,40.585926],[-73.928117,40.585926],[-73.928179,40.585988],[-73.928179,40.586111],[-73.928056,40.586235],[-73.928025,40.586605],[-73.92784,40.586698],[-73.928117,40.586728],[-73.928272,40.586914],[-73.928333,40.586914],[-73.928488,40.587037],[-73.929259,40.587099],[-73.929352,40.587037],[-73.929568,40.587037],[-73.92963,40.586975],[-73.93,40.586944],[-73.93,40.586914],[-73.930617,40.586883],[-73.930617,40.586852],[-73.931235,40.586883],[-73.931327,40.58713],[-73.931296,40.587315],[-73.929907,40.5875],[-73.929907,40.587531],[-73.929753,40.587531],[-73.929722,40.587623],[-73.929815,40.587716],[-73.929846,40.58784],[-73.930278,40.588272],[-73.93034,40.588457],[-73.930494,40.58858],[-73.930525,40.588704],[-73.930648,40.588827],[-73.930864,40.589259],[-73.931019,40.589383],[-73.93108,40.589383],[-73.931111,40.589444],[-73.931235,40.590216],[-73.931389,40.590494],[-73.931358,40.590895],[-73.931389,40.590895],[-73.931389,40.591142],[-73.931481,40.591235],[-73.931481,40.591389],[-73.931389,40.591512],[-73.931358,40.591728],[-73.931296,40.591759],[-73.931265,40.591883],[-73.931173,40.591944],[-73.931173,40.592068],[-73.93142,40.592222],[-73.931512,40.592407],[-73.931512,40.592531],[-73.931636,40.592654],[-73.93179,40.593025],[-73.931852,40.593056],[-73.931883,40.593179],[-73.932006,40.593333],[-73.932037,40.593519],[-73.93213,40.59358],[-73.932284,40.593889],[-73.932562,40.594105],[-73.932716,40.594537],[-73.932716,40.594753],[-73.932623,40.594846],[-73.932284,40.594846],[-73.931975,40.59463],[-73.931512,40.59463],[-73.931358,40.594568],[-73.931049,40.594568],[-73.930741,40.594414],[-73.930525,40.594383],[-73.93037,40.594259],[-73.930309,40.594259],[-73.930031,40.593981],[-73.929877,40.593673],[-73.929846,40.593488],[-73.929321,40.593519],[-73.929321,40.593549],[-73.928796,40.593519],[-73.928981,40.593333],[-73.929907,40.592963],[-73.93,40.592778],[-73.930154,40.592623],[-73.930154,40.592531],[-73.930309,40.592407],[-73.93034,40.592099],[-73.930401,40.591975],[-73.930401,40.591728],[-73.930494,40.591636],[-73.930463,40.591019],[-73.930494,40.591019],[-73.930494,40.590494],[-73.930525,40.590494],[-73.930556,40.590216],[-73.93037,40.589753],[-73.930185,40.589568],[-73.929907,40.589414],[-73.929475,40.58929],[-73.928981,40.589259],[-73.928827,40.589136],[-73.928611,40.589105],[-73.92858,40.589043],[-73.928457,40.589012],[-73.928426,40.588951],[-73.928241,40.588858],[-73.928086,40.588858],[-73.927963,40.588981],[-73.92787,40.588981],[-73.927778,40.589074],[-73.927654,40.589105],[-73.927346,40.589383],[-73.927099,40.589475],[-73.927006,40.589599],[-73.926883,40.58963],[-73.926821,40.589722],[-73.926481,40.589877],[-73.926265,40.590154],[-73.925957,40.590309],[-73.925648,40.590586],[-73.925586,40.590586],[-73.925525,40.59071],[-73.925586,40.590741],[-73.925586,40.590833],[-73.925525,40.590833],[-73.925463,40.590957],[-73.92571,40.59108],[-73.92571,40.591235],[-73.925525,40.591389],[-73.925401,40.59142],[-73.925309,40.591543],[-73.925093,40.591605],[-73.924938,40.591728],[-73.924537,40.591759],[-73.924383,40.591574],[-73.924321,40.591574],[-73.924228,40.591481],[-73.92392,40.591512],[-73.923765,40.591574],[-73.923673,40.591451],[-73.923086,40.591173],[-73.923117,40.591111],[-73.923302,40.591049],[-73.923333,40.590802],[-73.923519,40.590617],[-73.92358,40.590617],[-73.923704,40.590463],[-73.923858,40.590401],[-73.924012,40.590216],[-73.924198,40.590154],[-73.924228,40.590093],[-73.924506,40.590062],[-73.924506,40.590093],[-73.92466,40.590093],[-73.924877,40.589877],[-73.924969,40.589846],[-73.925,40.589753],[-73.925185,40.589753],[-73.925525,40.589846],[-73.925772,40.58963],[-73.925895,40.58963],[-73.925926,40.589691],[-73.92608,40.589691],[-73.926358,40.589506],[-73.926574,40.589475],[-73.926605,40.589414],[-73.926914,40.589259],[-73.927068,40.589105],[-73.927315,40.589012],[-73.927407,40.588889],[-73.927469,40.588889],[-73.927747,40.588673],[-73.927685,40.588426],[-73.9275,40.588272],[-73.927469,40.588117],[-73.927346,40.587994],[-73.927284,40.587809],[-73.92716,40.587716],[-73.92713,40.587593],[-73.926944,40.587407],[-73.926883,40.587407],[-73.926698,40.58716],[-73.926574,40.58713],[-73.92642,40.586914],[-73.926327,40.586883],[-73.926389,40.586759],[-73.926173,40.586574],[-73.926142,40.586451],[-73.92608,40.586389],[-73.925833,40.58642],[-73.925802,40.586358],[-73.925679,40.586327],[-73.92537,40.585895],[-73.924846,40.585617],[-73.924259,40.585586],[-73.924136,40.58571],[-73.923858,40.585802],[-73.923765,40.585926],[-73.923549,40.585988],[-73.923241,40.585988],[-73.923025,40.585864],[-73.922901,40.585864],[-73.92284,40.585926],[-73.922623,40.585988],[-73.922346,40.585988],[-73.922191,40.585864],[-73.922037,40.585833],[-73.921883,40.585679],[-73.921667,40.58571],[-73.921605,40.585679],[-73.921512,40.585741],[-73.921142,40.585741],[-73.921019,40.585648],[-73.920926,40.585648],[-73.920926,40.585772],[-73.920772,40.585926],[-73.920432,40.586049],[-73.920093,40.586019],[-73.919722,40.586111],[-73.919506,40.586111],[-73.919321,40.585988],[-73.919136,40.585988],[-73.919074,40.586049],[-73.918827,40.586111],[-73.918673,40.586235],[-73.918488,40.586235],[-73.918333,40.586358],[-73.918148,40.586389],[-73.91784,40.586944],[-73.9175,40.587315],[-73.917438,40.587315],[-73.917284,40.587469],[-73.917006,40.587562],[-73.916944,40.587623],[-73.916852,40.587623],[-73.916667,40.587747],[-73.915988,40.587932],[-73.91463,40.588611],[-73.914321,40.588704],[-73.914105,40.588858],[-73.914043,40.589074],[-73.914043,40.589383],[-73.914105,40.589568],[-73.914321,40.589877],[-73.914383,40.589877],[-73.914537,40.590062],[-73.914599,40.590062],[-73.915,40.590432],[-73.91537,40.590556],[-73.915494,40.590648],[-73.915586,40.590648],[-73.91571,40.590772],[-73.916019,40.590864],[-73.916049,40.590926],[-73.916173,40.590957],[-73.916235,40.591049],[-73.916296,40.591049],[-73.916389,40.591173],[-73.916451,40.591173],[-73.916574,40.59142],[-73.916728,40.591543],[-73.916852,40.591821],[-73.917006,40.591975],[-73.91716,40.592037],[-73.917222,40.59213],[-73.917284,40.59213],[-73.917407,40.592315],[-73.917469,40.592315],[-73.917562,40.592407],[-73.917593,40.592531],[-73.917654,40.592562],[-73.917716,40.592716],[-73.91784,40.592809],[-73.91784,40.59287],[-73.918025,40.592963],[-73.918148,40.593117],[-73.918673,40.593364],[-73.918858,40.593673],[-73.91892,40.593673],[-73.919074,40.593827],[-73.91929,40.59392],[-73.919444,40.594105],[-73.91966,40.594198],[-73.920216,40.594753],[-73.92071,40.594938],[-73.921049,40.594907],[-73.921049,40.594938],[-73.921235,40.594938],[-73.921821,40.595185],[-73.921975,40.59534],[-73.921975,40.595401],[-73.922037,40.595401],[-73.922253,40.595617],[-73.922407,40.595926],[-73.922407,40.59608],[-73.922623,40.596296],[-73.922747,40.596358],[-73.922809,40.596481],[-73.923148,40.596636],[-73.923364,40.596883],[-73.923426,40.596883],[-73.923519,40.596975],[-73.923549,40.597068],[-73.923611,40.597068],[-73.923642,40.59713],[-73.923765,40.59716],[-73.92392,40.597315],[-73.924074,40.597377],[-73.92429,40.597654],[-73.924352,40.597654],[-73.924568,40.59787],[-73.924722,40.597932],[-73.924722,40.597994],[-73.925031,40.598302],[-73.925093,40.598302],[-73.925247,40.598457],[-73.925741,40.598704],[-73.925926,40.59892],[-73.925988,40.59892],[-73.926235,40.599167],[-73.926296,40.599167],[-73.926327,40.599259],[-73.926481,40.599414],[-73.926667,40.599444],[-73.926852,40.599599],[-73.926914,40.599599],[-73.927253,40.6],[-73.927315,40.6],[-73.927346,40.600062],[-73.927407,40.600062],[-73.927562,40.600185],[-73.927716,40.600216],[-73.927901,40.60037],[-73.928272,40.600463],[-73.928333,40.600556],[-73.928457,40.600617],[-73.928673,40.600648],[-73.928765,40.600556],[-73.928858,40.600556],[-73.92892,40.600617],[-73.929012,40.600617],[-73.929105,40.60071],[-73.929074,40.600895],[-73.929105,40.600926],[-73.929475,40.60108],[-73.92963,40.601235],[-73.930123,40.601265],[-73.930463,40.601389],[-73.930772,40.601728],[-73.930988,40.60179],[-73.931142,40.601914],[-73.931142,40.601975],[-73.931451,40.602253],[-73.931451,40.602315],[-73.931543,40.602377],[-73.931698,40.602654],[-73.931975,40.602747],[-73.931914,40.602994],[-73.931759,40.603148],[-73.931698,40.603148],[-73.931605,40.603241],[-73.931605,40.603302],[-73.93142,40.603488],[-73.931358,40.603488],[-73.931204,40.603642],[-73.931204,40.603704],[-73.931049,40.603827],[-73.930926,40.603827],[-73.930895,40.603765],[-73.930679,40.603673],[-73.930432,40.603673],[-73.930185,40.603796],[-73.930031,40.603642],[-73.929846,40.603642],[-73.929784,40.603704],[-73.929506,40.603796],[-73.929414,40.60392],[-73.92929,40.60392],[-73.929105,40.603735],[-73.929105,40.603673],[-73.92929,40.60358],[-73.929321,40.603519],[-73.929444,40.603488],[-73.929475,40.603426],[-73.929537,40.603426],[-73.929691,40.603241],[-73.929691,40.60287],[-73.929537,40.602654],[-73.929228,40.6025],[-73.928981,40.602438],[-73.928858,40.602191],[-73.928395,40.602222],[-73.928333,40.602191],[-73.92821,40.601975],[-73.927901,40.601821],[-73.927809,40.601698],[-73.927531,40.601574],[-73.927407,40.601451],[-73.927315,40.601265],[-73.927253,40.601265],[-73.927222,40.601204],[-73.92716,40.601204],[-73.927006,40.60108],[-73.926914,40.60108],[-73.926852,40.600988],[-73.926698,40.600926],[-73.926605,40.600802],[-73.926543,40.600802],[-73.926451,40.600679],[-73.926389,40.600679],[-73.926327,40.600586],[-73.925864,40.600432],[-73.925648,40.600216],[-73.925525,40.600185],[-73.92537,40.600031],[-73.925247,40.6],[-73.925216,40.599938],[-73.925154,40.599938],[-73.925123,40.599877],[-73.924846,40.599722],[-73.924259,40.599568],[-73.924012,40.59963],[-73.923889,40.599753],[-73.923735,40.600123],[-73.923642,40.600185],[-73.923642,40.600247],[-73.923519,40.60034],[-73.923457,40.600494],[-73.923395,40.600525],[-73.923241,40.600957],[-73.922963,40.601235],[-73.922901,40.601235],[-73.922716,40.60142],[-73.922377,40.601512],[-73.922253,40.601636],[-73.922068,40.601698],[-73.921852,40.601698],[-73.921852,40.601728],[-73.921543,40.601728],[-73.921235,40.601574],[-73.921111,40.601574],[-73.920895,40.601451],[-73.920802,40.601451],[-73.920556,40.601327],[-73.920525,40.601265],[-73.92034,40.601204],[-73.920185,40.601049],[-73.920062,40.601049],[-73.919753,40.600864],[-73.919321,40.600833],[-73.919198,40.600864],[-73.918611,40.60071],[-73.91858,40.600648],[-73.918519,40.600648],[-73.918488,40.600586],[-73.918426,40.600586],[-73.918395,40.600525],[-73.918272,40.600494],[-73.918241,40.600432],[-73.918056,40.60034],[-73.91784,40.60034],[-73.917778,40.600123],[-73.917685,40.600031],[-73.917315,40.599846],[-73.917037,40.599784],[-73.916914,40.59966],[-73.916605,40.599506],[-73.91642,40.599475],[-73.916049,40.599259],[-73.915957,40.599259],[-73.91571,40.599136],[-73.915494,40.598951],[-73.915463,40.598858],[-73.91534,40.598827],[-73.915247,40.598735],[-73.915062,40.598488],[-73.915031,40.598272],[-73.914938,40.598179],[-73.914907,40.598056],[-73.914722,40.597994],[-73.91463,40.597901],[-73.914414,40.597469],[-73.914074,40.59713],[-73.913735,40.596975],[-73.913519,40.596759],[-73.913488,40.596574],[-73.913395,40.596481],[-73.913241,40.59608],[-73.913148,40.596019],[-73.913086,40.595864],[-73.912623,40.595525],[-73.912593,40.595401],[-73.912469,40.595247],[-73.912469,40.595093],[-73.912346,40.594969],[-73.912284,40.594722],[-73.912222,40.594599],[-73.91213,40.594537],[-73.912068,40.594383],[-73.912068,40.594167],[-73.91216,40.59392],[-73.91216,40.593735],[-73.912099,40.59358],[-73.912068,40.593056],[-73.911975,40.592963],[-73.911975,40.5925],[-73.911883,40.592284],[-73.911821,40.592253],[-73.911759,40.592006],[-73.91179,40.59179],[-73.911605,40.591327],[-73.911605,40.590988],[-73.911574,40.590988],[-73.911605,40.590679],[-73.911636,40.590679],[-73.911605,40.590463],[-73.911636,40.590463],[-73.911636,40.590185],[-73.911759,40.59],[-73.911759,40.589815],[-73.911698,40.589784],[-73.911728,40.589228],[-73.911883,40.588889],[-73.911883,40.588704],[-73.911944,40.588549],[-73.911914,40.588179],[-73.911667,40.5875],[-73.911636,40.58716],[-73.911698,40.58713],[-73.911728,40.587037],[-73.911914,40.586975],[-73.911975,40.586821],[-73.911975,40.586605],[-73.911883,40.58642],[-73.911636,40.586296],[-73.911667,40.586142],[-73.911574,40.586111],[-73.911543,40.586049],[-73.911389,40.586019],[-73.911327,40.585957],[-73.910833,40.585957],[-73.910772,40.586019],[-73.910648,40.586019],[-73.910494,40.586111],[-73.909907,40.586235],[-73.908333,40.586759],[-73.906605,40.587037],[-73.906451,40.587099],[-73.906451,40.58716],[-73.906358,40.587253],[-73.905093,40.587068],[-73.905093,40.587037],[-73.904043,40.587068],[-73.903827,40.587222],[-73.903488,40.587222],[-73.903117,40.587346],[-73.90284,40.587315],[-73.90284,40.587346],[-73.902099,40.587346],[-73.901759,40.5875],[-73.901636,40.587623],[-73.901451,40.587685],[-73.901327,40.587809],[-73.901049,40.58787],[-73.900926,40.587963],[-73.900432,40.587994],[-73.900432,40.588025],[-73.899784,40.587963],[-73.899599,40.588056],[-73.899414,40.587963],[-73.899136,40.587716],[-73.899074,40.587716],[-73.899043,40.587562],[-73.898951,40.587469],[-73.898889,40.587469],[-73.898611,40.587191],[-73.898519,40.586975],[-73.898488,40.586728],[-73.898333,40.586512],[-73.898333,40.586358],[-73.898272,40.586327],[-73.898272,40.586265],[-73.89821,40.586235],[-73.89821,40.586173],[-73.898148,40.586142],[-73.898148,40.58608],[-73.898025,40.585926],[-73.897994,40.585525],[-73.898148,40.58537],[-73.898148,40.585247],[-73.898056,40.585062],[-73.897809,40.584815],[-73.897747,40.584815],[-73.897685,40.584691],[-73.897562,40.58463],[-73.897315,40.584352],[-73.897284,40.584228],[-73.897191,40.584167],[-73.897191,40.584105],[-73.897099,40.584043],[-73.897037,40.58392],[-73.897006,40.583704],[-73.896852,40.583549],[-73.896852,40.583488],[-73.896728,40.583364],[-73.896543,40.583025],[-73.896451,40.582716],[-73.896451,40.582284],[-73.896636,40.581821],[-73.896728,40.581728],[-73.896759,40.581512],[-73.896481,40.58071],[-73.896543,40.580185],[-73.896512,40.580185],[-73.896512,40.579907],[-73.896481,40.579907],[-73.896481,40.57963],[-73.896265,40.579198],[-73.896265,40.579105],[-73.895957,40.578549],[-73.895926,40.578395],[-73.895679,40.578086],[-73.895617,40.577901],[-73.895556,40.57787],[-73.895525,40.577747],[-73.895463,40.577716],[-73.895432,40.577593],[-73.89537,40.577562],[-73.89534,40.577438],[-73.895278,40.577407],[-73.895123,40.577099],[-73.895123,40.577037],[-73.895247,40.576944],[-73.895216,40.57679],[-73.895,40.57679],[-73.894938,40.576852],[-73.894907,40.577099],[-73.894691,40.577315],[-73.89429,40.577438],[-73.893981,40.577623],[-73.893519,40.577747],[-73.892685,40.577809],[-73.892685,40.57784],[-73.891512,40.57784],[-73.891512,40.57787],[-73.889568,40.57784],[-73.889321,40.577932],[-73.88929,40.577994],[-73.889105,40.578086],[-73.887963,40.578086],[-73.887716,40.578025],[-73.887346,40.578025],[-73.887068,40.578117],[-73.886111,40.578272],[-73.885494,40.578457],[-73.884321,40.578673],[-73.883765,40.578858],[-73.883704,40.57892],[-73.883426,40.578981],[-73.883364,40.579043],[-73.882809,40.579198],[-73.882469,40.579228],[-73.882469,40.579259],[-73.881975,40.579228],[-73.881852,40.57929],[-73.881852,40.579537],[-73.88179,40.579599],[-73.880926,40.579815],[-73.880833,40.579877],[-73.880463,40.579938],[-73.88037,40.58],[-73.880123,40.580031],[-73.879938,40.580123],[-73.879815,40.580123],[-73.879691,40.580216],[-73.879691,40.580278],[-73.879568,40.580401],[-73.879537,40.580525],[-73.879352,40.580741],[-73.879321,40.580864],[-73.879259,40.580895],[-73.879105,40.581204],[-73.879043,40.581235],[-73.87892,40.581512],[-73.878735,40.581728],[-73.878642,40.581944],[-73.87858,40.581975],[-73.878457,40.582253],[-73.878395,40.582284],[-73.87821,40.582623],[-73.878148,40.582654],[-73.877963,40.583025],[-73.877901,40.583056],[-73.87784,40.58321],[-73.877716,40.583333],[-73.877685,40.583457],[-73.877562,40.58358],[-73.877531,40.583704],[-73.877407,40.583827],[-73.877284,40.584074],[-73.877222,40.584105],[-73.877006,40.584537],[-73.876821,40.584753],[-73.876759,40.585],[-73.876821,40.585154],[-73.877346,40.585679],[-73.877531,40.58571],[-73.877716,40.585895],[-73.877716,40.585957],[-73.877809,40.586019],[-73.877963,40.586296],[-73.877963,40.586389],[-73.878086,40.586481],[-73.878117,40.586605],[-73.878302,40.586698],[-73.878395,40.586883],[-73.878488,40.586944],[-73.878765,40.5875],[-73.878858,40.58784],[-73.878889,40.588179],[-73.879043,40.588673],[-73.879043,40.588858],[-73.879321,40.58966],[-73.879414,40.59034],[-73.879506,40.590617],[-73.879506,40.590864],[-73.879568,40.590895],[-73.87966,40.591142],[-73.879722,40.591173],[-73.879846,40.59142],[-73.88,40.591883],[-73.880031,40.592191],[-73.880401,40.593241],[-73.880463,40.593704],[-73.880556,40.593889],[-73.880586,40.594136],[-73.880833,40.594846],[-73.880833,40.595],[-73.880895,40.595093],[-73.880926,40.595648],[-73.880833,40.595926],[-73.880895,40.59608],[-73.881049,40.596204],[-73.881173,40.596235],[-73.881296,40.59642],[-73.88142,40.597377],[-73.881698,40.59821],[-73.881698,40.598549],[-73.88179,40.598735],[-73.881759,40.599043],[-73.881883,40.599198],[-73.882006,40.599537],[-73.88216,40.59966],[-73.882191,40.599815],[-73.882253,40.599846],[-73.882315,40.600278],[-73.882562,40.600432],[-73.882716,40.600432],[-73.882778,40.600525],[-73.88284,40.600802],[-73.882778,40.600864],[-73.882778,40.600988],[-73.882901,40.601265],[-73.882901,40.60142],[-73.882963,40.601574],[-73.882932,40.601821],[-73.883179,40.602284],[-73.883179,40.602377],[-73.883333,40.602531],[-73.883457,40.60284],[-73.883457,40.603025],[-73.883241,40.603179],[-73.882994,40.603488],[-73.883025,40.603796],[-73.88287,40.604012],[-73.88284,40.604259],[-73.882932,40.604352],[-73.882932,40.604414],[-73.883056,40.604506],[-73.883117,40.60466],[-73.883364,40.604877],[-73.883364,40.604938],[-73.883438,40.605],[-73.888205,40.605],[-73.888735,40.604815],[-73.889259,40.604753],[-73.889568,40.604506],[-73.889691,40.604475],[-73.889722,40.604414],[-73.890679,40.604105],[-73.891605,40.60358],[-73.89216,40.603426],[-73.892778,40.603395],[-73.892963,40.603179],[-73.893673,40.603179],[-73.893827,40.603241],[-73.894383,40.603272],[-73.894846,40.603395],[-73.895247,40.603395],[-73.895278,40.603333],[-73.896019,40.603364],[-73.89608,40.603333],[-73.896574,40.603488],[-73.897222,40.603519],[-73.897654,40.603735],[-73.898364,40.603735],[-73.898673,40.603889],[-73.898858,40.603827],[-73.899012,40.603951],[-73.899228,40.603673],[-73.899784,40.603426],[-73.900216,40.603395],[-73.900309,40.603426],[-73.900463,40.603364],[-73.901358,40.603333],[-73.902068,40.603117],[-73.902284,40.602994],[-73.902407,40.602994],[-73.902593,40.602901],[-73.902623,40.60284],[-73.902932,40.602747],[-73.902994,40.602685],[-73.903333,40.602654],[-73.903457,40.602716],[-73.90392,40.602747],[-73.904043,40.602685],[-73.904321,40.602685],[-73.904321,40.602654],[-73.905401,40.602685],[-73.905401,40.602654],[-73.905648,40.602654],[-73.905741,40.602593],[-73.906049,40.602562],[-73.906049,40.602531],[-73.906327,40.602531],[-73.906728,40.602407],[-73.907006,40.602438],[-73.907222,40.602315],[-73.907654,40.602315],[-73.907747,40.602222],[-73.908272,40.60216],[-73.908611,40.602068],[-73.908673,40.602006],[-73.908796,40.602006],[-73.908889,40.601944],[-73.908858,40.601759],[-73.908889,40.601698],[-73.908981,40.601667],[-73.909012,40.601759],[-73.909105,40.60179],[-73.909136,40.601852],[-73.909228,40.601852],[-73.909352,40.601944],[-73.909722,40.602068],[-73.91,40.602068],[-73.910062,40.602006],[-73.910586,40.602006],[-73.910586,40.602037],[-73.910833,40.602037],[-73.910926,40.602099],[-73.911265,40.60213],[-73.911265,40.60216],[-73.912469,40.602191],[-73.912469,40.602222],[-73.913086,40.602253],[-73.913395,40.602377],[-73.913519,40.6025],[-73.913673,40.602562],[-73.913735,40.602654],[-73.913796,40.602654],[-73.913796,40.602716],[-73.913889,40.602809],[-73.914444,40.602932],[-73.914599,40.603117],[-73.91466,40.603117],[-73.914784,40.603241],[-73.914784,40.603395],[-73.915247,40.603858],[-73.915556,40.603951],[-73.916019,40.604414],[-73.91608,40.604414],[-73.916265,40.60463],[-73.916327,40.60463],[-73.916636,40.604969],[-73.916698,40.604969],[-73.916721,40.605],[-73.96,40.605],[-73.96,40.573913],[-73.959815,40.57392],[-73.959815,40.573889],[-73.959167,40.573858],[-73.959074,40.573765],[-73.959043,40.573549],[-73.958981,40.573519],[-73.958951,40.573858],[-73.958889,40.57392],[-73.958704,40.573981],[-73.957994,40.574043],[-73.957994,40.574074],[-73.956543,40.574105],[-73.956481,40.573981],[-73.956358,40.573889],[-73.956327,40.574136],[-73.956142,40.574228],[-73.955556,40.574259],[-73.955556,40.57429],[-73.955278,40.57429],[-73.955278,40.574321],[-73.954259,40.574321],[-73.954167,40.57429],[-73.954105,40.574198],[-73.953981,40.574259],[-73.953364,40.57429],[-73.953364,40.574259],[-73.953086,40.574259],[-73.952932,40.574198],[-73.9525,40.574198],[-73.952191,40.574352],[-73.951852,40.574383],[-73.951852,40.574414],[-73.951049,40.574414],[-73.950864,40.574506],[-73.95034,40.574506],[-73.949969,40.574599],[-73.949444,40.57463],[-73.949444,40.57466],[-73.94858,40.574753],[-73.94858,40.574784],[-73.948272,40.574784],[-73.948272,40.574815],[-73.947191,40.574907],[-73.946975,40.574969],[-73.946698,40.574969],[-73.946698,40.575],[-73.946019,40.575093],[-73.945988,40.575185],[-73.946142,40.575216],[-73.946142,40.57534],[-73.946049,40.575432],[-73.945802,40.575525],[-73.944784,40.575494],[-73.944691,40.575432],[-73.94466,40.575309],[-73.944599,40.575309],[-73.944599,40.575679],[-73.944475,40.575741],[-73.943951,40.575741],[-73.943951,40.57571],[-73.943642,40.57571],[-73.943642,40.575679],[-73.942747,40.575586],[-73.942531,40.575525],[-73.942469,40.575401],[-73.942377,40.57537],[-73.939444,40.575432],[-73.939444,40.575463],[-73.938086,40.575494],[-73.938086,40.575525],[-73.936852,40.575525],[-73.936759,40.575432],[-73.936667,40.575432],[-73.936605,40.575741],[-73.936512,40.575895],[-73.936111,40.575895],[-73.936111,40.575864],[-73.935926,40.575864],[-73.935556,40.575772],[-73.935463,40.57571],[-73.935123,40.575648],[-73.934938,40.575494],[-73.934877,40.575556],[-73.934691,40.575556],[-73.934691,40.575586],[-73.93358,40.575586],[-73.933549,40.575617],[-73.933457,40.575586],[-73.933457,40.575617],[-73.932469,40.575617],[-73.932469,40.575648],[-73.931512,40.575679],[-73.931265,40.575895],[-73.931265,40.575957],[-73.931111,40.576111],[-73.93108,40.576265],[-73.931111,40.576265],[-73.931111,40.57642],[-73.931265,40.576821],[-73.931265,40.576975],[-73.931358,40.57716],[-73.93142,40.5775],[-73.931481,40.577593],[-73.931574,40.578086],[-73.931728,40.578364],[-73.931759,40.578611],[-73.931852,40.578827],[-73.931852,40.579074],[-73.931975,40.579352],[-73.932006,40.579599],[-73.932191,40.580093],[-73.932407,40.580957],[-73.9325,40.581235],[-73.932562,40.581296],[-73.932932,40.581265],[-73.933241,40.581142],[-73.934167,40.581142],[-73.934228,40.58108],[-73.935,40.581111],[-73.935,40.58108],[-73.93537,40.58108],[-73.93537,40.581049],[-73.936636,40.581049],[-73.936636,40.581019],[-73.93787,40.581019],[-73.93787,40.580988],[-73.938364,40.580988],[-73.938364,40.581019],[-73.938735,40.581019],[-73.938735,40.581049],[-73.941975,40.581019],[-73.941975,40.580988],[-73.942716,40.581019],[-73.942716,40.581049],[-73.943179,40.58108],[-73.943426,40.581173],[-73.944383,40.581296],[-73.944383,40.581327],[-73.94463,40.581327],[-73.944753,40.581389],[-73.945617,40.581512],[-73.945895,40.581605],[-73.946574,40.581698],[-73.946667,40.581759],[-73.946883,40.581759],[-73.947006,40.581821],[-73.947222,40.581821],[-73.947654,40.581944],[-73.948642,40.582099],[-73.948642,40.58213],[-73.949074,40.58216],[-73.949444,40.582284],[-73.950154,40.582284],[-73.950154,40.582253],[-73.950556,40.582253],[-73.950556,40.582222],[-73.950833,40.582222],[-73.950833,40.582191],[-73.952346,40.582099],[-73.952346,40.582068],[-73.95284,40.582037],[-73.95284,40.582006],[-73.953117,40.582037],[-73.953241,40.582006],[-73.953333,40.58216],[-73.953333,40.582377],[-73.953426,40.582593],[-73.953395,40.58287],[-73.953302,40.582963],[-73.953117,40.583025],[-73.95071,40.58321],[-73.950494,40.583272],[-73.950216,40.583272],[-73.950093,40.583333],[-73.949568,40.583333],[-73.949568,40.583364],[-73.949259,40.583364],[-73.949259,40.583395],[-73.948611,40.583426],[-73.948611,40.583457],[-73.948241,40.583457],[-73.948241,40.583488],[-73.94784,40.583457],[-73.94784,40.583426],[-73.947407,40.583457],[-73.947315,40.583333],[-73.947099,40.583302],[-73.94713,40.583488],[-73.947037,40.583519],[-73.946667,40.583272],[-73.946111,40.583272],[-73.946111,40.583241],[-73.945833,40.583272],[-73.945802,40.583333],[-73.945556,40.583333],[-73.945494,40.583272],[-73.945309,40.583241],[-73.945154,40.583333],[-73.945031,40.583333],[-73.944969,40.583272],[-73.944815,40.583241],[-73.944753,40.583333],[-73.94463,40.583333],[-73.944259,40.583241],[-73.944167,40.583364],[-73.943889,40.583272],[-73.943858,40.583395],[-73.943704,40.583395],[-73.94358,40.583272],[-73.943241,40.583241],[-73.94321,40.583426],[-73.943086,40.583426],[-73.942901,40.583333]],[[-73.919352,40.602963],[-73.91892,40.602963],[-73.918889,40.602901],[-73.919198,40.602284],[-73.919599,40.602284],[-73.91963,40.602407],[-73.919352,40.602963]],[[-73.905988,40.600494],[-73.905895,40.600494],[-73.905864,40.60037],[-73.90571,40.60037],[-73.90571,40.60034],[-73.905432,40.60037],[-73.905432,40.60034],[-73.905247,40.60034],[-73.905185,40.600432],[-73.905123,40.600432],[-73.905123,40.600278],[-73.905216,40.600185],[-73.905216,40.600123],[-73.905463,40.600031],[-73.905494,40.599907],[-73.905463,40.599815],[-73.905525,40.599753],[-73.905772,40.599815],[-73.905957,40.599722],[-73.906358,40.599753],[-73.906358,40.599691],[-73.906451,40.59963],[-73.906574,40.59963],[-73.906636,40.599691],[-73.90679,40.59966],[-73.90679,40.599815],[-73.906852,40.599846],[-73.906914,40.600031],[-73.906914,40.600154],[-73.906821,40.60034],[-73.906481,40.600463],[-73.906049,40.600432],[-73.905988,40.600494]],[[-73.907315,40.599691],[-73.90716,40.59966],[-73.907099,40.599537],[-73.90679,40.599475],[-73.90679,40.599383],[-73.906883,40.59929],[-73.90713,40.59929],[-73.907284,40.599228],[-73.907778,40.599228],[-73.90787,40.59929],[-73.90784,40.599383],[-73.907531,40.599383],[-73.907346,40.599475],[-73.907315,40.599691]],[[-73.908673,40.59963],[-73.908519,40.59963],[-73.908457,40.599568],[-73.908148,40.599599],[-73.90821,40.599475],[-73.908148,40.599352],[-73.908241,40.599321],[-73.908549,40.599475],[-73.90858,40.599537],[-73.908673,40.599568],[-73.908673,40.59963]],[[-73.933488,40.591142],[-73.933333,40.591142],[-73.933302,40.59108],[-73.933117,40.591019],[-73.933457,40.590988],[-73.933519,40.591019],[-73.933488,40.591142]],[[-73.908272,40.589383],[-73.907685,40.589352],[-73.907469,40.58929],[-73.907037,40.588673],[-73.907438,40.588642],[-73.907438,40.588673],[-73.908426,40.588673],[-73.908457,40.58892],[-73.908395,40.588951],[-73.908395,40.589167],[-73.908272,40.589383]],[[-73.933025,40.58892],[-73.932747,40.588889],[-73.932654,40.588827],[-73.932623,40.588735],[-73.932716,40.588549],[-73.93284,40.588642],[-73.93284,40.588704],[-73.932901,40.588704],[-73.933056,40.588858],[-73.933025,40.58892]],[[-73.931728,40.587222],[-73.931667,40.587191],[-73.931667,40.586975],[-73.931759,40.586883],[-73.932068,40.586914],[-73.932037,40.587006],[-73.931975,40.587006],[-73.931728,40.587222]],[[-73.917037,40.583117],[-73.917037,40.583148],[-73.917006,40.583148],[-73.917037,40.583117]],[[-73.916975,40.583117],[-73.916975,40.583086],[-73.917006,40.583086],[-73.916975,40.583117]],[[-73.916975,40.583086],[-73.916574,40.583117],[-73.916451,40.583056],[-73.916389,40.582963],[-73.916265,40.582963],[-73.916235,40.58287],[-73.916698,40.582809],[-73.916975,40.583086]]]}},
{"type":"Feature","properties":{"kind":"land"},"geometry":{"type":"Polygon","coordinates":[[[-73.942901,40.583302],[-73.94287,40.583302],[-73.94287,40.583333],[-73.942901,40.583302]]]}},
{"type":"Feature","properties":{"kind":"land"},"geometry":{"type":"Polygon","coordinates":[[[-73.919969,40.59966],[-73.919969,40.59963],[-73.920741,40.599599],[-73.920957,40.599537],[-73.920988,40.599475],[-73.921296,40.599321],[-73.921389,40.599321],[-73.92142,40.599259],[-73.921667,40.599198],[-73.92179,40.599074],[-73.922006,40.598981],[-73.922253,40.598735],[-73.922346,40.598549],[-73.922346,40.59821],[-73.922068,40.597901],[-73.922068,40.597809],[-73.921944,40.597623],[-73.921883,40.597284],[-73.92179,40.597222],[-73.921667,40.596914],[-73.921543,40.596821],[-73.92142,40.596821],[-73.921389,40.596759],[-73.921327,40.596759],[-73.92108,40.596481],[-73.920895,40.596389],[-73.920833,40.596265],[-73.920556,40.596235],[-73.92034,40.596142],[-73.920123,40.595957],[-73.919938,40.595895],[-73.919907,40.595833],[-73.919784,40.595802],[-73.919753,40.595741],[-73.919444,40.595586],[-73.919321,40.595463],[-73.918889,40.595247],[-73.918796,40.595123],[-73.918519,40.595],[-73.918426,40.594877],[-73.918179,40.594784],[-73.917932,40.594537],[-73.917809,40.594506],[-73.917562,40.594198],[-73.9175,40.594198],[-73.917284,40.594012],[-73.917191,40.593827],[-73.916944,40.593611],[-73.916944,40.593519],[-73.916821,40.593457],[-73.91679,40.593272],[-73.916667,40.593148],[-73.916574,40.592778],[-73.91642,40.5925],[-73.916327,40.592407],[-73.916235,40.592407],[-73.916204,40.592284],[-73.916049,40.59216],[-73.915988,40.592037],[-73.915741,40.591914],[-73.915679,40.591821],[-73.915401,40.591667],[-73.915216,40.591481],[-73.914907,40.591358],[-73.914475,40.591389],[-73.914198,40.591481],[-73.914136,40.591543],[-73.913951,40.591574],[-73.913889,40.591636],[-73.913704,40.591667],[-73.913642,40.591728],[-73.913148,40.591883],[-73.91284,40.591914],[-73.912562,40.592037],[-73.912531,40.59216],[-73.912778,40.592253],[-73.912901,40.592377],[-73.913117,40.593025],[-73.913117,40.593148],[-73.91287,40.59358],[-73.91287,40.593673],[-73.912747,40.59392],[-73.912809,40.594198],[-73.913086,40.594475],[-73.913241,40.594784],[-73.913704,40.595216],[-73.913889,40.595617],[-73.913951,40.595648],[-73.914074,40.595895],[-73.914167,40.595957],[-73.914167,40.596019],[-73.914383,40.596235],[-73.914722,40.596389],[-73.915031,40.596698],[-73.915093,40.596698],[-73.915185,40.59679],[-73.915185,40.596852],[-73.915309,40.596944],[-73.91534,40.597068],[-73.915525,40.59716],[-73.915926,40.597562],[-73.916019,40.597778],[-73.91608,40.598272],[-73.91642,40.598302],[-73.916698,40.598457],[-73.91679,40.598457],[-73.917284,40.598704],[-73.917469,40.598858],[-73.917778,40.598981],[-73.917809,40.599043],[-73.918148,40.599167],[-73.918179,40.599228],[-73.918241,40.599228],[-73.918272,40.59929],[-73.918395,40.599321],[-73.918457,40.599414],[-73.918642,40.599506],[-73.919043,40.59963],[-73.919969,40.59966]]]}},
{"type":"Feature","properties":{"kind":"land"},"geometry":{"type":"Polygon","coordinates":[[[-73.861111,40.6025],[-73.861543,40.602284],[-73.86216,40.601636],[-73.862222,40.601636],[-73.862531,40.601327],[-73.862531,40.601265],[-73.862716,40.60108],[-73.862747,40.600957],[-73.862932,40.600772],[-73.862932,40.60071],[-73.863056,40.600586],[-73.863179,40.60034],[-73.86321,40.599846],[-73.863086,40.599568],[-73.862994,40.599475],[-73.862932,40.599228],[-73.862747,40.599043],[-73.862346,40.598858],[-73.86213,40.598611],[-73.861944,40.598519],[-73.861944,40.598457],[-73.861821,40.598364],[-73.861759,40.598241],[-73.86179,40.598056],[-73.861759,40.598025],[-73.861605,40.598025],[-73.861574,40.598086],[-73.861451,40.598056],[-73.861296,40.597809],[-73.861173,40.597809],[-73.860957,40.597716],[-73.860864,40.597593],[-73.860802,40.597593],[-73.86071,40.597469],[-73.860648,40.597469],[-73.860556,40.597346],[-73.860494,40.597346],[-73.860216,40.597037],[-73.860154,40.596883],[-73.860154,40.596667],[-73.86,40.596543],[-73.859784,40.596574],[-73.859784,40.596543],[-73.859506,40.596512],[-73.859444,40.596451],[-73.85929,40.596451],[-73.85929,40.596512],[-73.859414,40.596605],[-73.859414,40.596852],[-73.859444,40.596852],[-73.859352,40.597068],[-73.859475,40.59713],[-73.859537,40.597222],[-73.859599,40.597222],[-73.859691,40.597346],[-73.859753,40.597346],[-73.859846,40.597469],[-73.859907,40.597469],[-73.860216,40.597778],[-73.860278,40.597778],[-73.860617,40.598117],[-73.860617,40.598179],[-73.860062,40.598056],[-73.86,40.59787],[-73.859938,40.59787],[-73.859846,40.597778],[-73.859506,40.597747],[-73.859444,40.597685],[-73.859444,40.597531],[-73.859383,40.597469],[-73.859259,40.597469],[-73.859136,40.597562],[-73.85892,40.597531],[-73.858827,40.597438],[-73.858735,40.5975],[-73.858519,40.597531],[-73.858364,40.597407],[-73.858364,40.597346],[-73.858272,40.597253],[-73.858117,40.597253],[-73.858056,40.597315],[-73.85784,40.597284],[-73.85787,40.597099],[-73.858241,40.597099],[-73.858333,40.597006],[-73.858426,40.597006],[-73.858488,40.597191],[-73.858673,40.597253],[-73.858765,40.59713],[-73.858889,40.597099],[-73.858981,40.597006],[-73.859012,40.597068],[-73.858981,40.597191],[-73.859074,40.597284],[-73.859136,40.597284],[-73.859167,40.597037],[-73.85929,40.596914],[-73.85929,40.596698],[-73.859259,40.596636],[-73.859105,40.596605],[-73.859074,40.59642],[-73.858951,40.596451],[-73.858827,40.596389],[-73.858796,40.596296],[-73.85858,40.596235],[-73.858302,40.596265],[-73.85821,40.596173],[-73.857994,40.596235],[-73.857932,40.596327],[-73.857716,40.596327],[-73.857531,40.596235],[-73.856728,40.596142],[-73.856636,40.596204],[-73.856296,40.596235],[-73.856296,40.596265],[-73.854938,40.596296],[-73.854414,40.596605],[-73.853827,40.596698],[-73.853179,40.597099],[-73.852654,40.59716],[-73.852469,40.597284],[-73.852407,40.5975],[-73.852099,40.597809],[-73.852068,40.597932],[-73.851883,40.598117],[-73.851883,40.598179],[-73.851574,40.598488],[-73.851265,40.598611],[-73.851235,40.598673],[-73.850988,40.598796],[-73.850617,40.598889],[-73.850617,40.598951],[-73.850679,40.598981],[-73.851111,40.599012],[-73.851574,40.599198],[-73.851636,40.599321],[-73.851759,40.599352],[-73.851883,40.599907],[-73.851944,40.599907],[-73.852037,40.599784],[-73.852222,40.599784],[-73.852253,40.599907],[-73.852377,40.599907],[-73.852685,40.599444],[-73.852716,40.599136],[-73.852654,40.599074],[-73.852654,40.598981],[-73.852747,40.598796],[-73.85284,40.598704],[-73.852994,40.598673],[-73.853025,40.59858],[-73.853086,40.59858],[-73.853302,40.598395],[-73.853457,40.598086],[-73.853611,40.598056],[-73.853673,40.598148],[-73.853765,40.598148],[-73.853858,40.598086],[-73.853889,40.597932],[-73.854012,40.59787],[-73.854105,40.597747],[-73.854228,40.597685],[-73.854414,40.597685],[-73.854506,40.597562],[-73.854722,40.597593],[-73.854938,40.597438],[-73.855093,40.597407],[-73.855216,40.5975],[-73.855185,40.597623],[-73.855031,40.597654],[-73.854815,40.59784],[-73.85463,40.59787],[-73.854537,40.597963],[-73.854228,40.598086],[-73.854198,40.598148],[-73.853858,40.598272],[-73.853704,40.598426],[-73.853704,40.598488],[-73.853549,40.598611],[-73.853395,40.59858],[-73.853302,40.598611],[-73.853241,40.598704],[-73.85321,40.598951],[-73.852963,40.59892],[-73.852901,40.598951],[-73.85287,40.599167],[-73.852901,40.599167],[-73.852932,40.599475],[-73.852901,40.599568],[-73.852716,40.59966],[-73.852716,40.599722],[-73.852531,40.599846],[-73.852531,40.599907],[-73.852407,40.600031],[-73.85216,40.600093],[-73.85216,40.600185],[-73.852346,40.600278],[-73.852438,40.600432],[-73.852531,40.600432],[-73.852685,40.600525],[-73.852685,40.60071],[-73.852778,40.600772],[-73.85284,40.600926],[-73.852994,40.600957],[-73.853117,40.601204],[-73.853395,40.601265],[-73.853673,40.601451],[-73.854136,40.60142],[-73.854259,40.601451],[-73.854537,40.601636],[-73.85466,40.601636],[-73.854691,40.601698],[-73.854753,40.601698],[-73.854815,40.60179],[-73.854907,40.601821],[-73.855494,40.60179],[-73.855494,40.601821],[-73.857037,40.601852],[-73.857315,40.601944],[-73.85784,40.601914],[-73.858056,40.601975],[-73.858519,40.602006],[-73.858519,40.602037],[-73.859691,40.602068],[-73.859846,40.60213],[-73.860062,40.60213],[-73.86037,40.602284],[-73.860586,40.602315],[-73.860679,40.602407],[-73.861111,40.6025]],[[-73.861265,40.598364],[-73.861142,40.598364],[-73.861049,40.59821],[-73.860895,40.598148],[-73.860895,40.598086],[-73.861049,40.598117],[-73.861049,40.598086],[-73.860926,40.598025],[-73.860926,40.597963],[-73.860833,40.59787],[-73.861142,40.598025],[-73.861142,40.598148],[-73.861235,40.598241],[-73.861265,40.598364]],[[-73.857747,40.59679],[-73.857685,40.596759],[-73.857685,40.596605],[-73.857809,40.596512],[-73.858241,40.596543],[-73.858241,40.596759],[-73.858056,40.596759],[-73.857932,40.596698],[-73.857747,40.59679]]]}},
{"type":"Feature","properties":{"kind":"land"},"geometry":{"type":"Polygon","coordinates":[[[-73.846975,40.604877],[-73.847037,40.604815],[-73.847747,40.604815],[-73.847778,40.604753],[-73.847562,40.604722],[-73.8475,40.604753],[-73.847469,40.604691],[-73.847377,40.604691],[-73.847346,40.604753],[-73.847222,40.604784],[-73.847099,40.60463],[-73.847006,40.604599],[-73.846698,40.60463],[-73.846605,40.604599],[-73.846605,40.60466],[-73.84679,40.604846],[-73.846975,40.604877]]]}},
{"type":"Feature","properties":{"kind":"land"},"geometry":{"type":"Polygon","coordinates":[[[-73.904525,40.605],[-73.90536,40.605],[-73.905278,40.604877],[-73.904599,40.604969],[-73.904525,40.605]]]}},
{"type":"Feature","properties":{"kind":"land"},"geometry":{"type":"Polygon","coordinates":[[[-73.909938,40.605],[-73.914784,40.605],[-73.91466,40.604969],[-73.914414,40.604722],[-73.914352,40.604599],[-73.91429,40.604599],[-73.914012,40.60429],[-73.913951,40.60429],[-73.913549,40.603889],[-73.912963,40.603796],[-73.91284,40.603735],[-73.912654,40.603735],[-73.912654,40.603704],[-73.912438,40.603735],[-73.912315,40.603673],[-73.912099,40.603673],[-73.911759,40.60358],[-73.911327,40.603549],[-73.911265,40.603488],[-73.910772,40.603488],[-73.910525,40.60358],[-73.910031,40.603642],[-73.90966,40.603796],[-73.909198,40.603858],[-73.909074,40.60392],[-73.908765,40.60392],[-73.908426,40.604043],[-73.908364,40.604105],[-73.908364,40.604259],[-73.908457,40.604352],[-73.908457,40.604444],[-73.908611,40.604537],[-73.908775,40.605],[-73.909475,40.605],[-73.909475,40.604043],[-73.909444,40.604012],[-73.909506,40.603951],[-73.909815,40.603951],[-73.909969,40.604105],[-73.91,40.604228],[-73.910093,40.60429],[-73.910093,40.604414],[-73.910031,40.604475],[-73.909846,40.604537],[-73.909877,40.604877],[-73.909938,40.605]]]}},
{"type":"Feature","properties":{"kind":"land"},"geometry":{"type":"Polygon","coordinates":[[[-73.838333,40.591975],[-73.838364,40.591821],[-73.838457,40.591759],[-73.838426,40.591574],[-73.838488,40.591512],[-73.838488,40.59142],[-73.838457,40.591389],[-73.838302,40.59142],[-73.838333,40.591667],[-73.83821,40.591759],[-73.83821,40.591944],[-73.838333,40.591975]]]}},
{"type":"Feature","properties":{"kind":"land"},"geometry":{"type":"Polygon","coordinates":[[[-73.838765,40.596512],[-73.839352,40.596235],[-73.840247,40.596019],[-73.841142,40.595648],[-73.841389,40.595432],[-73.841451,40.595432],[-73.841543,40.595309],[-73.841605,40.595309],[-73.841698,40.595185],[-73.841759,40.595185],[-73.841883,40.595031],[-73.842068,40.594938],[-73.842377,40.594599],[-73.842623,40.594506],[-73.842654,40.594414],[-73.84284,40.594352],[-73.84287,40.59429],[-73.842623,40.594259],[-73.842562,40.594198],[-73.842407,40.594198],[-73.842191,40.594105],[-73.841512,40.594074],[-73.841389,40.593981],[-73.841296,40.594012],[-73.841265,40.594074],[-73.841019,40.594074],[-73.840895,40.593951],[-73.840895,40.593765],[-73.84071,40.593673],[-73.84071,40.593611],[-73.840802,40.59358],[-73.840802,40.593519],[-73.840617,40.593488],[-73.840432,40.593302],[-73.84037,40.593302],[-73.840278,40.593179],[-73.840216,40.593179],[-73.840123,40.593056],[-73.84,40.592994],[-73.839877,40.592809],[-73.839784,40.592809],[-73.839691,40.592932],[-73.83963,40.592932],[-73.839599,40.592994],[-73.839475,40.593025],[-73.839444,40.593086],[-73.839198,40.59321],[-73.839012,40.593179],[-73.83892,40.59321],[-73.838889,40.593148],[-73.838673,40.593148],[-73.83858,40.593333],[-73.838519,40.593333],[-73.838549,40.593179],[-73.838611,40.593117],[-73.838704,40.593117],[-73.838704,40.593025],[-73.838426,40.592994],[-73.838333,40.593086],[-73.838272,40.593086],[-73.838241,40.593179],[-73.838025,40.59321],[-73.838056,40.593117],[-73.83821,40.593056],[-73.838241,40.59287],[-73.838117,40.59284],[-73.838086,40.592747],[-73.837932,40.592685],[-73.837963,40.592469],[-73.837747,40.5925],[-73.837778,40.592623],[-73.837377,40.592623],[-73.837006,40.592809],[-73.836821,40.59284],[-73.836821,40.592963],[-73.836883,40.592994],[-73.836914,40.593148],[-73.836605,40.593148],[-73.836698,40.593056],[-73.836698,40.592994],[-73.836451,40.592963],[-73.836358,40.59287],[-73.836173,40.59287],[-73.836142,40.592932],[-73.835864,40.592932],[-73.835802,40.592994],[-73.835525,40.593056],[-73.835401,40.593179],[-73.835216,40.593148],[-73.835,40.593241],[-73.834969,40.593302],[-73.834784,40.593333],[-73.834753,40.593488],[-73.834784,40.593549],[-73.834599,40.59358],[-73.834537,40.593642],[-73.834568,40.593796],[-73.835031,40.593951],[-73.835031,40.594043],[-73.834969,40.594043],[-73.834938,40.594136],[-73.835093,40.594352],[-73.835309,40.594414],[-73.83534,40.59429],[-73.835432,40.59429],[-73.835586,40.594383],[-73.835586,40.594475],[-73.835679,40.594506],[-73.835679,40.594568],[-73.835802,40.594691],[-73.835926,40.59466],[-73.835988,40.594537],[-73.83608,40.594537],[-73.836358,40.594815],[-73.83642,40.594969],[-73.83716,40.595648],[-73.837222,40.595648],[-73.837253,40.59571],[-73.837315,40.59571],[-73.837346,40.595772],[-73.837685,40.595957],[-73.837994,40.596019],[-73.838117,40.596111],[-73.838426,40.596204],[-73.838519,40.596296],[-73.838426,40.596389],[-73.838457,40.596481],[-73.838765,40.596512]]]}},
{"type":"Feature","properties":{"kind":"land"},"geometry":{"type":"Polygon","coordinates":[[[-73.830864,40.594969],[-73.830864,40.594938],[-73.831173,40.594907],[-73.831204,40.594846],[-73.83142,40.594846],[-73.831451,40.594784],[-73.831605,40.594815],[-73.831667,40.594753],[-73.83179,40.594784],[-73.831852,40.594691],[-73.831667,40.59463],[-73.830988,40.59466],[-73.830864,40.59463],[-73.830864,40.59466],[-73.830525,40.59466],[-73.83034,40.594722],[-73.83034,40.594784],[-73.830432,40.594877],[-73.830494,40.594877],[-73.830556,40.594969],[-73.830864,40.594969]]]}},
{"type":"Feature","properties":{"kind":"land"},"geometry":{"type":"Polygon","coordinates":[[[-73.831883,40.5975],[-73.83216,40.597377],[-73.832593,40.597315],[-73.832654,40.597191],[-73.83287,40.597222],[-73.832963,40.59713],[-73.83321,40.597068],[-73.833272,40.597006],[-73.833272,40.596914],[-73.833148,40.596975],[-73.832994,40.596975],[-73.832778,40.596821],[-73.832562,40.596821],[-73.832346,40.596944],[-73.832284,40.596914],[-73.832315,40.596728],[-73.832253,40.596698],[-73.832191,40.596451],[-73.83213,40.596389],[-73.831698,40.59642],[-73.831636,40.596605],[-73.831759,40.596759],[-73.831698,40.596852],[-73.831605,40.596852],[-73.831605,40.59679],[-73.831543,40.596759],[-73.831512,40.596636],[-73.831389,40.596481],[-73.831389,40.596235],[-73.831481,40.596204],[-73.831451,40.596049],[-73.831327,40.596049],[-73.831358,40.596204],[-73.831235,40.596204],[-73.831204,40.595957],[-73.830957,40.596049],[-73.830556,40.596049],[-73.830494,40.595957],[-73.830154,40.595926],[-73.830062,40.595802],[-73.829784,40.595802],[-73.82963,40.595586],[-73.829537,40.595586],[-73.829383,40.59571],[-73.82929,40.59571],[-73.829198,40.595617],[-73.828827,40.595679],[-73.828796,40.595833],[-73.828858,40.595926],[-73.829043,40.595926],[-73.829228,40.596049],[-73.829599,40.596049],[-73.829753,40.596173],[-73.83,40.596265],[-73.83034,40.596296],[-73.83037,40.596451],[-73.830556,40.596451],[-73.830617,40.596543],[-73.830833,40.596636],[-73.830895,40.596728],[-73.831049,40.596759],[-73.83108,40.596852],[-73.831173,40.596914],[-73.831204,40.597037],[-73.831512,40.597068],[-73.831512,40.59713],[-73.831636,40.597222],[-73.831883,40.597191],[-73.831914,40.597253],[-73.831883,40.597284],[-73.831451,40.597346],[-73.83142,40.597469],[-73.831574,40.5975],[-73.831667,40.597438],[-73.831883,40.5975]]]}},
{"type":"Feature","properties":{"kind":"land"},"geometry":{"type":"Polygon","coordinates":[[[-73.814383,40.604259],[-73.814444,40.604136],[-73.81463,40.604012],[-73.81463,40.60392],[-73.814537,40.603796],[-73.814568,40.603488],[-73.814444,40.603302],[-73.814444,40.603117],[-73.814383,40.603056],[-73.814383,40.602994],[-73.814444,40.602963],[-73.814444,40.602809],[-73.814383,40.602747],[-73.814259,40.602778],[-73.814228,40.602747],[-73.814198,40.602469],[-73.814136,40.602438],[-73.814136,40.602191],[-73.81429,40.602037],[-73.814321,40.601944],[-73.814259,40.601852],[-73.814259,40.601728],[-73.814167,40.601605],[-73.813858,40.601543],[-73.813858,40.601327],[-73.813796,40.601204],[-73.81392,40.601049],[-73.81392,40.600926],[-73.813796,40.600895],[-73.813642,40.600679],[-73.813457,40.600617],[-73.813333,40.600494],[-73.813333,40.600432],[-73.813179,40.600309],[-73.813179,40.600247],[-73.813056,40.600185],[-73.813086,40.600123],[-73.813148,40.600123],[-73.813179,40.600185],[-73.813302,40.600185],[-73.813302,40.600062],[-73.81321,40.600031],[-73.81321,40.599846],[-73.813148,40.599784],[-73.813148,40.59966],[-73.813086,40.59963],[-73.813086,40.599568],[-73.81287,40.599506],[-73.81284,40.599444],[-73.812685,40.599383],[-73.812593,40.599259],[-73.812531,40.599259],[-73.812099,40.598765],[-73.81213,40.598642],[-73.812191,40.598611],[-73.812191,40.598519],[-73.811821,40.598333],[-73.811543,40.598395],[-73.811543,40.598457],[-73.811481,40.598488],[-73.811481,40.598642],[-73.811389,40.598735],[-73.811235,40.598765],[-73.81108,40.598704],[-73.810864,40.598704],[-73.810802,40.598765],[-73.810617,40.598735],[-73.810432,40.59892],[-73.810525,40.599074],[-73.810463,40.599105],[-73.810463,40.59929],[-73.810309,40.599383],[-73.810309,40.59963],[-73.810216,40.599753],[-73.810247,40.599907],[-73.810401,40.599907],[-73.810432,40.599815],[-73.810525,40.599753],[-73.810494,40.599938],[-73.810525,40.6],[-73.810463,40.6],[-73.810401,40.600216],[-73.810247,40.600062],[-73.810154,40.600062],[-73.81,40.600185],[-73.81,40.60037],[-73.809938,40.600401],[-73.809938,40.600648],[-73.81,40.60071],[-73.810031,40.600864],[-73.810154,40.600988],[-73.810093,40.601235],[-73.810309,40.60142],[-73.810401,40.601605],[-73.810401,40.601852],[-73.810278,40.602099],[-73.810463,40.602469],[-73.810586,40.602562],[-73.81071,40.602809],[-73.81071,40.602901],[-73.810926,40.603086],[-73.811049,40.603117],[-73.81108,40.603179],[-73.811667,40.603426],[-73.811852,40.60358],[-73.811975,40.60358],[-73.812562,40.603796],[-73.812778,40.603827],[-73.813241,40.604074],[-73.813735,40.604136],[-73.813889,40.604259],[-73.814043,40.604259],[-73.814074,40.604198],[-73.814198,40.604198],[-73.814383,40.604259]]]}},
{"type":"Feature","properties":{"kind":"land"},"geometry":{"type":"Polygon","coordinates":[[[-73.818663,40.605],[-73.820648,40.605],[-73.820463,40.604938],[-73.820432,40.604877],[-73.820432,40.604753],[-73.820525,40.604722],[-73.822068,40.604784],[-73.822068,40.604815],[-73.822377,40.604815],[-73.822469,40.604877],[-73.82287,40.604784],[-73.82287,40.60463],[-73.822623,40.604444],[-73.822099,40.604414],[-73.822099,40.604383],[-73.821914,40.604383],[-73.821883,40.604321],[-73.821605,40.604321],[-73.821605,40.60429],[-73.820895,40.604259],[-73.820895,40.604228],[-73.820679,40.604228],[-73.820617,40.604167],[-73.820463,40.604167],[-73.820494,40.604074],[-73.820926,40.604074],[-73.820926,40.604105],[-73.821235,40.604136],[-73.821358,40.604074],[-73.821728,40.604167],[-73.822685,40.604167],[-73.822778,40.604074],[-73.822778,40.603796],[-73.822716,40.603735],[-73.822346,40.603704],[-73.822191,40.603642],[-73.821728,40.603642],[-73.821605,40.60358],[-73.82108,40.60358],[-73.82108,40.603549],[-73.820926,40.603549],[-73.820864,40.603488],[-73.820741,40.603519],[-73.820679,40.603488],[-73.820648,40.603395],[-73.821358,40.603364],[-73.821512,40.603457],[-73.822778,40.603519],[-73.82284,40.603333],[-73.822932,40.603241],[-73.822901,40.603025],[-73.822593,40.602994],[-73.8225,40.603025],[-73.822407,40.602963],[-73.822191,40.602963],[-73.822006,40.602901],[-73.821852,40.602932],[-73.821852,40.602901],[-73.821574,40.602901],[-73.821389,40.60284],[-73.820926,40.60284],[-73.820833,40.602747],[-73.820741,40.602747],[-73.820741,40.602654],[-73.821142,40.602654],[-73.821265,40.602716],[-73.821512,40.602716],[-73.821512,40.602747],[-73.821698,40.602747],[-73.822037,40.60284],[-73.822747,40.602809],[-73.82287,40.60284],[-73.822932,40.602809],[-73.822963,40.602654],[-73.823025,40.602593],[-73.822994,40.602377],[-73.82287,40.602284],[-73.822685,40.602284],[-73.822685,40.602253],[-73.821914,40.602222],[-73.821914,40.602191],[-73.821605,40.602222],[-73.821451,40.60213],[-73.821049,40.602099],[-73.820988,40.602037],[-73.82108,40.602006],[-73.82108,40.602037],[-73.821389,40.602068],[-73.821543,40.602006],[-73.822068,40.601975],[-73.822068,40.602006],[-73.822284,40.602006],[-73.822469,40.60213],[-73.823086,40.60216],[-73.823364,40.602253],[-73.823519,40.602253],[-73.823611,40.60216],[-73.823611,40.601975],[-73.823549,40.601883],[-73.823426,40.601821],[-73.823395,40.601636],[-73.822346,40.601574],[-73.82213,40.601481],[-73.821636,40.601512],[-73.821574,40.601451],[-73.821142,40.601389],[-73.82108,40.601327],[-73.82179,40.601296],[-73.822037,40.601358],[-73.82216,40.601296],[-73.822531,40.601296],[-73.822593,40.601389],[-73.822685,40.60142],[-73.82321,40.601451],[-73.82321,40.60142],[-73.823395,40.60142],[-73.823488,40.601327],[-73.823889,40.601296],[-73.823889,40.601204],[-73.823704,40.601019],[-73.822963,40.600957],[-73.822778,40.600864],[-73.822253,40.600895],[-73.822253,40.600864],[-73.821852,40.600864],[-73.821698,40.600772],[-73.821389,40.600772],[-73.821327,40.60071],[-73.821204,40.60071],[-73.821173,40.600617],[-73.822469,40.600648],[-73.822531,40.600617],[-73.822654,40.600679],[-73.823056,40.600679],[-73.823179,40.600802],[-73.823735,40.600772],[-73.823735,40.600802],[-73.824043,40.600802],[-73.824043,40.600772],[-73.824383,40.600772],[-73.824444,40.60071],[-73.824414,40.60034],[-73.824136,40.60034],[-73.823889,40.600278],[-73.823117,40.600278],[-73.823117,40.600247],[-73.82287,40.600247],[-73.822809,40.600185],[-73.822407,40.600247],[-73.82216,40.600154],[-73.821852,40.600154],[-73.82142,40.6],[-73.821296,40.6],[-73.821265,40.599907],[-73.821667,40.599877],[-73.821852,40.599784],[-73.822099,40.599784],[-73.822191,40.599846],[-73.822346,40.599846],[-73.822469,40.599938],[-73.822994,40.599877],[-73.823056,40.599969],[-73.823148,40.6],[-73.823796,40.600031],[-73.823858,40.599877],[-73.823858,40.599722],[-73.823951,40.599599],[-73.823951,40.599414],[-73.824136,40.599136],[-73.824105,40.598981],[-73.823981,40.598889],[-73.823981,40.598735],[-73.824074,40.598611],[-73.824074,40.598519],[-73.824167,40.598426],[-73.824167,40.598364],[-73.824228,40.598364],[-73.824321,40.598241],[-73.824722,40.598086],[-73.824938,40.598086],[-73.825247,40.598241],[-73.82534,40.598364],[-73.825401,40.598364],[-73.825679,40.598611],[-73.825679,40.598673],[-73.825772,40.598735],[-73.825833,40.598858],[-73.825864,40.599043],[-73.826019,40.599074],[-73.826019,40.59892],[-73.825895,40.598549],[-73.825679,40.598364],[-73.825648,40.598241],[-73.825556,40.598148],[-73.825494,40.598148],[-73.82537,40.597994],[-73.825247,40.597932],[-73.825185,40.597778],[-73.824815,40.597747],[-73.824753,40.597809],[-73.824599,40.597809],[-73.824352,40.597901],[-73.82429,40.597901],[-73.824259,40.59784],[-73.824321,40.597778],[-73.824321,40.597654],[-73.824475,40.597593],[-73.824537,40.597469],[-73.824753,40.597469],[-73.824784,40.597377],[-73.825,40.597346],[-73.825093,40.597222],[-73.825216,40.597191],[-73.825247,40.59713],[-73.825401,40.59716],[-73.825525,40.597099],[-73.825556,40.596944],[-73.825679,40.596852],[-73.825741,40.596698],[-73.825741,40.596543],[-73.825802,40.596451],[-73.825802,40.59608],[-73.825864,40.596019],[-73.826049,40.59608],[-73.826481,40.596111],[-73.826481,40.596358],[-73.826574,40.596451],[-73.826605,40.596574],[-73.826698,40.596636],[-73.826914,40.596605],[-73.826975,40.596512],[-73.826975,40.596265],[-73.827037,40.596235],[-73.827037,40.595926],[-73.827099,40.595802],[-73.827191,40.595741],[-73.82716,40.595617],[-73.827037,40.595617],[-73.826944,40.595679],[-73.826759,40.595679],[-73.826698,40.595617],[-73.825833,40.595648],[-73.82571,40.595556],[-73.825432,40.595494],[-73.82537,40.595401],[-73.825216,40.595401],[-73.825093,40.595494],[-73.824969,40.595494],[-73.824599,40.595401],[-73.824537,40.595278],[-73.82429,40.595278],[-73.823889,40.595123],[-73.823673,40.595123],[-73.823272,40.595],[-73.822068,40.595093],[-73.821759,40.595185],[-73.821451,40.595031],[-73.821265,40.595031],[-73.821111,40.595154],[-73.821019,40.595154],[-73.820802,40.595401],[-73.820741,40.595401],[-73.820586,40.595556],[-73.820586,40.595617],[-73.820463,40.595741],[-73.820525,40.595957],[-73.820525,40.596173],[-73.820556,40.596173],[-73.820556,40.596512],[-73.820463,40.596605],[-73.820463,40.596667],[-73.819846,40.597284],[-73.819568,40.597346],[-73.819506,40.597593],[-73.819599,40.597654],[-73.81963,40.597778],[-73.819691,40.597809],[-73.819599,40.598395],[-73.819414,40.59858],[-73.819321,40.598827],[-73.819136,40.598951],[-73.819043,40.599105],[-73.818951,40.599105],[-73.818951,40.599198],[-73.819228,40.599414],[-73.819228,40.599506],[-73.819074,40.59963],[-73.819136,40.599877],[-73.818981,40.599907],[-73.818889,40.600031],[-73.818889,40.600185],[-73.819012,40.600278],[-73.819012,40.60034],[-73.81892,40.600401],[-73.818858,40.600525],[-73.818673,40.600525],[-73.818611,40.600617],[-73.818611,40.600741],[-73.818796,40.600802],[-73.818796,40.600926],[-73.818735,40.601019],[-73.818827,40.601173],[-73.818827,40.601296],[-73.818704,40.601389],[-73.818735,40.601698],[-73.818704,40.601759],[-73.818765,40.601944],[-73.81892,40.602037],[-73.819136,40.602037],[-73.819259,40.602099],[-73.819167,40.602407],[-73.819043,40.602531],[-73.81892,40.602593],[-73.81858,40.602623],[-73.818611,40.602932],[-73.818858,40.602994],[-73.818981,40.603117],[-73.819043,40.603272],[-73.819228,40.603333],[-73.819228,40.603426],[-73.819167,40.603457],[-73.819167,40.603611],[-73.819228,40.603642],[-73.819228,40.603827],[-73.819105,40.604259],[-73.819105,40.60466],[-73.819043,40.604722],[-73.818889,40.604722],[-73.818765,40.604784],[-73.818735,40.604938],[-73.818663,40.605]]]}},
{"type":"Feature","properties":{"kind":"land"},"geometry":{"type":"Polygon","coordinates":[[[-73.84537,40.603735],[-73.845494,40.603704],[-73.845556,40.603735],[-73.845556,40.603827],[-73.845494,40.603889],[-73.845123,40.603889],[-73.844969,40.603765],[-73.844969,40.603951],[-73.845154,40.604043],[-73.845185,40.604105],[-73.84537,40.604105],[-73.845556,40.604228],[-73.845802,40.604259],[-73.845833,40.604537],[-73.845741,40.60466],[-73.845772,40.604722],[-73.845926,40.60463],[-73.845957,40.604475],[-73.846049,40.604383],[-73.846049,40.604259],[-73.845926,40.604228],[-73.845741,40.604043],[-73.845648,40.604074],[-73.845617,40.604043],[-73.845679,40.603981],[-73.845679,40.603889],[-73.845741,40.603858],[-73.84571,40.603765],[-73.845586,40.603735],[-73.845556,40.603673],[-73.845401,40.603673],[-73.84537,40.603735]]]}},
{"type":"Feature","properties":{"kind":"land"},"geometry":{"type":"Polygon","coordinates":[[[-73.84537,40.603735],[-73.84534,40.603735],[-73.84534,40.603765],[-73.84537,40.603765],[-73.84537,40.603735]]]}},
{"type":"Feature","properties":{"kind":"land"},"geometry":{"type":"Polygon","coordinates":[[[-73.796574,40.605],[-73.796944,40.605],[-73.796728,40.604784],[-73.796543,40.604722],[-73.796142,40.604691],[-73.796204,40.604784],[-73.796481,40.604907],[-73.796574,40.605]]]}},
{"type":"Feature","properties":{"kind":"land"},"geometry":{"type":"Polygon","coordinates":[[[-73.797148,40.605],[-73.797747,40.605],[-73.797747,40.604938],[-73.79787,40.604753],[-73.798302,40.604722],[-73.798302,40.604599],[-73.798241,40.604599],[-73.798241,40.604537],[-73.798148,40.604475],[-73.798086,40.604599],[-73.79787,40.604568],[-73.797685,40.60463],[-73.797685,40.604506],[-73.797531,40.604414],[-73.7975,40.60429],[-73.797377,40.604259],[-73.797438,40.604198],[-73.797438,40.604105],[-73.797346,40.604105],[-73.797315,40.604259],[-73.79713,40.604259],[-73.79713,40.604321],[-73.797253,40.604414],[-73.797438,40.604444],[-73.797438,40.60463],[-73.797346,40.60466],[-73.797315,40.604784],[-73.797191,40.604784],[-73.797099,40.604877],[-73.797099,40.604969],[-73.797148,40.605]]]}},
{"type":"Feature","properties":{"kind":"land"},"geometry":{"type":"Polygon","coordinates":[[[-73.79785,40.605],[-73.798735,40.605],[-73.798673,40.604969],[-73.798704,40.604877],[-73.798642,40.604815],[-73.79821,40.604846],[-73.798117,40.604784],[-73.79787,40.604907],[-73.79785,40.605]]]}},
{"type":"Feature","properties":{"kind":"land"},"geometry":{"type":"Polygon","coordinates":[[[-73.798735,40.605],[-73.803165,40.605],[-73.803179,40.604815],[-73.803364,40.604846],[-73.803395,40.60463],[-73.803642,40.604568],[-73.803735,40.604383],[-73.803642,40.604321],[-73.803488,40.604321],[-73.803272,40.604506],[-73.803241,40.60463],[-73.803148,40.604722],[-73.802963,40.604784],[-73.802685,40.604784],[-73.802531,40.604691],[-73.802438,40.604321],[-73.802253,40.604383],[-73.802253,40.60429],[-73.802191,40.604228],[-73.802099,40.604228],[-73.802068,40.604383],[-73.802253,40.604475],[-73.802222,40.60466],[-73.801914,40.604691],[-73.801883,40.604753],[-73.801759,40.604784],[-73.801759,40.604568],[-73.801698,40.604506],[-73.801605,40.604506],[-73.801574,40.604784],[-73.801358,40.604846],[-73.801235,40.604784],[-73.801204,40.60463],[-73.80108,40.604568],[-73.801235,40.604414],[-73.801204,40.604321],[-73.801111,40.604321],[-73.801049,40.604414],[-73.800957,40.604414],[-73.800895,40.604259],[-73.800741,40.604259],[-73.800617,40.60429],[-73.800556,40.604383],[-73.800463,40.604414],[-73.800278,40.604321],[-73.800154,40.604321],[-73.800031,40.604414],[-73.799907,40.604414],[-73.799815,40.604352],[-73.799784,40.604475],[-73.799969,40.604537],[-73.799969,40.604599],[-73.799722,40.60463],[-73.79963,40.604691],[-73.799537,40.60466],[-73.799568,40.604568],[-73.799537,40.604537],[-73.799259,40.604568],[-73.799136,40.60463],[-73.799043,40.604537],[-73.798735,40.604568],[-73.798704,40.604691],[-73.798796,40.604753],[-73.798951,40.604753],[-73.799043,40.604691],[-73.799167,40.604722],[-73.799167,40.604691],[-73.799383,40.604691],[-73.799383,40.604722],[-73.799259,40.604815],[-73.798796,40.604846],[-73.798735,40.605]]]}}
]
}
